"action","score","file","title","category","bodyLines","bodyChars","steps","avgStepBodyChars","sources","generatedBatch","issues"
"улучшить","60","src/content/errors/ac-heating-daikin-air-conditioner-bad-smell.mdx","Daikin air conditioner: появился запах или гарь","Кондиционеры и обогрев","8","1300","6","208","4","no","body has only 8 non-empty lines; body has only 1300 characters"
"улучшить","60","src/content/errors/ac-heating-daikin-air-conditioner-does-not-drain.mdx","Daikin air conditioner: не сливает воду","Кондиционеры и обогрев","8","1293","6","209","4","no","body has only 8 non-empty lines; body has only 1293 characters"
"улучшить","60","src/content/errors/ac-heating-daikin-air-conditioner-does-not-heat.mdx","Daikin air conditioner: не греет","Кондиционеры и обогрев","8","1279","6","206","4","no","body has only 8 non-empty lines; body has only 1279 characters"
"улучшить","60","src/content/errors/ac-heating-daikin-air-conditioner-error-code.mdx","Daikin air conditioner: показывает код ошибки","Кондиционеры и обогрев","8","1305","6","211","4","no","body has only 8 non-empty lines; body has only 1305 characters"
"улучшить","60","src/content/errors/ac-heating-daikin-air-conditioner-leaks-water.mdx","Daikin air conditioner: протекает","Кондиционеры и обогрев","8","1281","6","207","4","no","body has only 8 non-empty lines; body has only 1281 characters"
"улучшить","60","src/content/errors/ac-heating-daikin-air-conditioner-makes-noise.mdx","Daikin air conditioner: шумит или вибрирует","Кондиционеры и обогрев","8","1287","6","205","4","no","body has only 8 non-empty lines; body has only 1287 characters"
"улучшить","60","src/content/errors/ac-heating-daikin-air-conditioner-stops-mid-cycle.mdx","Daikin air conditioner: останавливается во время работы","Кондиционеры и обогрев","8","1325","6","214","4","no","body has only 8 non-empty lines; body has only 1325 characters"
"улучшить","60","src/content/errors/ac-heating-daikin-air-conditioner-wont-turn-on.mdx","Daikin air conditioner: не включается","Кондиционеры и обогрев","8","1289","6","208","4","no","body has only 8 non-empty lines; body has only 1289 characters"
"улучшить","60","src/content/errors/ac-heating-lg-air-conditioner-bad-smell.mdx","LG air conditioner: появился запах или гарь","Кондиционеры и обогрев","8","1296","6","208","4","no","body has only 8 non-empty lines; body has only 1296 characters"
"улучшить","60","src/content/errors/ac-heating-lg-air-conditioner-does-not-drain.mdx","LG air conditioner: не сливает воду","Кондиционеры и обогрев","8","1289","6","208","4","no","body has only 8 non-empty lines; body has only 1289 characters"
"улучшить","60","src/content/errors/ac-heating-lg-air-conditioner-does-not-heat.mdx","LG air conditioner: не греет","Кондиционеры и обогрев","8","1275","6","206","4","no","body has only 8 non-empty lines; body has only 1275 characters"
"улучшить","60","src/content/errors/ac-heating-lg-air-conditioner-error-code.mdx","LG air conditioner: показывает код ошибки","Кондиционеры и обогрев","8","1301","6","210","4","no","body has only 8 non-empty lines; body has only 1301 characters"
"улучшить","60","src/content/errors/ac-heating-lg-air-conditioner-leaks-water.mdx","LG air conditioner: протекает","Кондиционеры и обогрев","8","1277","6","206","4","no","body has only 8 non-empty lines; body has only 1277 characters"
"улучшить","60","src/content/errors/ac-heating-lg-air-conditioner-makes-noise.mdx","LG air conditioner: шумит или вибрирует","Кондиционеры и обогрев","8","1283","6","205","4","no","body has only 8 non-empty lines; body has only 1283 characters"
"улучшить","60","src/content/errors/ac-heating-lg-air-conditioner-stops-mid-cycle.mdx","LG air conditioner: останавливается во время работы","Кондиционеры и обогрев","8","1321","6","213","4","no","body has only 8 non-empty lines; body has only 1321 characters"
"улучшить","60","src/content/errors/ac-heating-lg-air-conditioner-wont-turn-on.mdx","LG air conditioner: не включается","Кондиционеры и обогрев","8","1285","6","207","4","no","body has only 8 non-empty lines; body has only 1285 characters"
"улучшить","60","src/content/errors/ac-heating-mitsubishi-electric-ac-bad-smell.mdx","Mitsubishi Electric кондиционер: появился запах или гарь","Кондиционеры и обогрев","8","1309","6","210","4","no","body has only 8 non-empty lines; body has only 1309 characters"
"улучшить","60","src/content/errors/ac-heating-mitsubishi-electric-ac-does-not-drain.mdx","Mitsubishi Electric кондиционер: не сливает воду","Кондиционеры и обогрев","8","1302","6","210","4","no","body has only 8 non-empty lines; body has only 1302 characters"
"улучшить","60","src/content/errors/ac-heating-mitsubishi-electric-ac-does-not-heat.mdx","Mitsubishi Electric кондиционер: не греет","Кондиционеры и обогрев","8","1288","6","208","4","no","body has only 8 non-empty lines; body has only 1288 characters"
"улучшить","60","src/content/errors/ac-heating-mitsubishi-electric-ac-error-code.mdx","Mitsubishi Electric кондиционер: показывает код ошибки","Кондиционеры и обогрев","8","1314","6","212","4","no","body has only 8 non-empty lines; body has only 1314 characters"
"улучшить","60","src/content/errors/ac-heating-mitsubishi-electric-ac-leaks-water.mdx","Mitsubishi Electric кондиционер: протекает","Кондиционеры и обогрев","8","1290","6","208","4","no","body has only 8 non-empty lines; body has only 1290 characters"
"улучшить","60","src/content/errors/ac-heating-mitsubishi-electric-ac-makes-noise.mdx","Mitsubishi Electric кондиционер: шумит или вибрирует","Кондиционеры и обогрев","8","1296","6","207","4","no","body has only 8 non-empty lines; body has only 1296 characters"
"улучшить","60","src/content/errors/ac-heating-mitsubishi-electric-ac-stops-mid-cycle.mdx","Mitsubishi Electric кондиционер: останавливается во время работы","Кондиционеры и обогрев","8","1334","6","216","4","no","body has only 8 non-empty lines; body has only 1334 characters"
"улучшить","60","src/content/errors/ac-heating-mitsubishi-electric-ac-wont-turn-on.mdx","Mitsubishi Electric кондиционер: не включается","Кондиционеры и обогрев","8","1298","6","210","4","no","body has only 8 non-empty lines; body has only 1298 characters"
"улучшить","60","src/content/errors/ac-heating-samsung-air-conditioner-error-code.mdx","Samsung air conditioner: показывает код ошибки","Кондиционеры и обогрев","8","1306","6","211","4","no","body has only 8 non-empty lines; body has only 1306 characters"
"улучшить","60","src/content/errors/ac-heating-samsung-air-conditioner-leaks-water.mdx","Samsung air conditioner: протекает","Кондиционеры и обогрев","8","1282","6","207","4","no","body has only 8 non-empty lines; body has only 1282 characters"
"улучшить","60","src/content/errors/ac-heating-samsung-air-conditioner-makes-noise.mdx","Samsung air conditioner: шумит или вибрирует","Кондиционеры и обогрев","8","1288","6","206","4","no","body has only 8 non-empty lines; body has only 1288 characters"
"улучшить","60","src/content/errors/ac-heating-samsung-air-conditioner-stops-mid-cycle.mdx","Samsung air conditioner: останавливается во время работы","Кондиционеры и обогрев","8","1326","6","214","4","no","body has only 8 non-empty lines; body has only 1326 characters"
"улучшить","60","src/content/errors/ac-heating-samsung-air-conditioner-wont-turn-on.mdx","Samsung air conditioner: не включается","Кондиционеры и обогрев","8","1290","6","208","4","no","body has only 8 non-empty lines; body has only 1290 characters"
"улучшить","60","src/content/errors/android-bystro-razryazhaetsya-batareya.mdx","Android: быстро разряжается батарея — как исправить","Мобильные устройства","8","1237","6","260","4","no","body has only 8 non-empty lines; body has only 1237 characters"
"улучшить","60","src/content/errors/android-ne-prihodyat-uvedomleniya.mdx","Android: не приходят уведомления — как исправить","Мобильные устройства","8","1234","6","260","4","no","body has only 8 non-empty lines; body has only 1234 characters"
"улучшить","60","src/content/errors/android-ne-rabotaet-kamera.mdx","Android: не работает камера — как исправить","Мобильные устройства","8","1229","6","260","4","no","body has only 8 non-empty lines; body has only 1229 characters"
"улучшить","60","src/content/errors/android-ne-rabotaet-sinhronizatsiya.mdx","Android: не работает синхронизация — как исправить","Мобильные устройства","8","1236","6","260","4","no","body has only 8 non-empty lines; body has only 1236 characters"
"улучшить","60","src/content/errors/android-ne-ustanavlivaetsya-prilozhenie.mdx","Android: не устанавливается приложение — как исправить","Мобильные устройства","8","1240","6","260","4","no","body has only 8 non-empty lines; body has only 1240 characters"
"улучшить","60","src/content/errors/android-oshibka-avtorizatsii.mdx","Android: ошибка авторизации — как исправить","Мобильные устройства","8","1229","6","260","4","no","body has only 8 non-empty lines; body has only 1229 characters"
"улучшить","60","src/content/errors/android-zavisaet-obnovlenie.mdx","Android: зависает обновление — как исправить","Мобильные устройства","8","1230","6","260","4","no","body has only 8 non-empty lines; body has only 1230 characters"
"улучшить","60","src/content/errors/audio-video-bluetooth-headphones-disconnects-randomly.mdx","Bluetooth Headphones: самопроизвольно отключается","Аудио и видео","8","1238","6","270","4","no","body has only 8 non-empty lines; body has only 1238 characters"
"улучшить","60","src/content/errors/audio-video-bluetooth-headphones-driver-error.mdx","Bluetooth Headphones: ошибка драйвера","Аудио и видео","8","1226","6","279","4","no","body has only 8 non-empty lines; body has only 1226 characters"
"улучшить","60","src/content/errors/audio-video-bluetooth-headphones-firmware-update-failed.mdx","Bluetooth Headphones: ошибка обновления прошивки","Аудио и видео","8","1237","6","273","4","no","body has only 8 non-empty lines; body has only 1237 characters"
"улучшить","60","src/content/errors/audio-video-bluetooth-headphones-low-performance.mdx","Bluetooth Headphones: низкая производительность","Аудио и видео","8","1236","6","276","4","no","body has only 8 non-empty lines; body has only 1236 characters"
"улучшить","60","src/content/errors/audio-video-bluetooth-headphones-not-detected.mdx","Bluetooth Headphones: не определяется системой","Аудио и видео","8","1235","6","271","4","no","body has only 8 non-empty lines; body has only 1235 characters"
"улучшить","60","src/content/errors/audio-video-hdmi-audio-disconnects-randomly.mdx","HDMI Audio: самопроизвольно отключается","Аудио и видео","8","1218","6","269","4","no","body has only 8 non-empty lines; body has only 1218 characters"
"улучшить","60","src/content/errors/audio-video-hdmi-audio-driver-error.mdx","HDMI Audio: ошибка драйвера","Аудио и видео","8","1206","6","277","4","no","body has only 8 non-empty lines; body has only 1206 characters"
"улучшить","60","src/content/errors/audio-video-hdmi-audio-firmware-update-failed.mdx","HDMI Audio: ошибка обновления прошивки","Аудио и видео","8","1217","6","272","4","no","body has only 8 non-empty lines; body has only 1217 characters"
"улучшить","60","src/content/errors/audio-video-hdmi-audio-low-performance.mdx","HDMI Audio: низкая производительность","Аудио и видео","8","1216","6","274","4","no","body has only 8 non-empty lines; body has only 1216 characters"
"улучшить","60","src/content/errors/audio-video-hdmi-audio-not-detected.mdx","HDMI Audio: не определяется системой","Аудио и видео","8","1215","6","269","4","no","body has only 8 non-empty lines; body has only 1215 characters"
"улучшить","60","src/content/errors/audio-video-realtek-audio-disconnects-randomly.mdx","Realtek Audio: самопроизвольно отключается","Аудио и видео","8","1224","6","269","4","no","body has only 8 non-empty lines; body has only 1224 characters"
"улучшить","60","src/content/errors/audio-video-realtek-audio-driver-error.mdx","Realtek Audio: ошибка драйвера","Аудио и видео","8","1212","6","278","4","no","body has only 8 non-empty lines; body has only 1212 characters"
"улучшить","60","src/content/errors/audio-video-realtek-audio-firmware-update-failed.mdx","Realtek Audio: ошибка обновления прошивки","Аудио и видео","8","1223","6","272","4","no","body has only 8 non-empty lines; body has only 1223 characters"
"улучшить","60","src/content/errors/audio-video-realtek-audio-low-performance.mdx","Realtek Audio: низкая производительность","Аудио и видео","8","1222","6","275","4","no","body has only 8 non-empty lines; body has only 1222 characters"
"улучшить","60","src/content/errors/audio-video-realtek-audio-not-detected.mdx","Realtek Audio: не определяется системой","Аудио и видео","8","1221","6","270","4","no","body has only 8 non-empty lines; body has only 1221 characters"
"улучшить","60","src/content/errors/audio-video-usb-microphone-not-detected.mdx","USB Microphone: не определяется системой","Аудио и видео","8","1223","6","270","4","no","body has only 8 non-empty lines; body has only 1223 characters"
"улучшить","60","src/content/errors/bios-bios-nvme-072.mdx","BIOS: не видит NVMe — как исправить","BIOS и UEFI","8","1213","7","275","4","no","body has only 8 non-empty lines; body has only 1213 characters"
"улучшить","60","src/content/errors/bios-bios-secure-boot-068.mdx","BIOS: ошибка Secure Boot — как исправить","BIOS и UEFI","8","1218","7","275","4","no","body has only 8 non-empty lines; body has only 1218 characters"
"улучшить","60","src/content/errors/bios-bios-usb-071.mdx","BIOS: не запускается с USB — как исправить","BIOS и UEFI","8","1220","7","275","4","no","body has only 8 non-empty lines; body has only 1220 characters"
"улучшить","60","src/content/errors/bios-ne-sohranyaet-nastroyki.mdx","BIOS: не сохраняет настройки — как исправить","BIOS и UEFI","8","1222","6","255","4","no","body has only 8 non-empty lines; body has only 1222 characters"
"улучшить","60","src/content/errors/bios-ne-vidit-zagruzochnyy-disk.mdx","BIOS: не видит загрузочный диск — как исправить","BIOS и UEFI","8","1225","6","255","4","no","body has only 8 non-empty lines; body has only 1225 characters"
"улучшить","60","src/content/errors/bios-sbrosilsya-posle-obnovleniya.mdx","BIOS: сбросился после обновления — как исправить","BIOS и UEFI","8","1226","6","255","4","no","body has only 8 non-empty lines; body has only 1226 characters"
"улучшить","60","src/content/errors/bios-secure-boot-secure-boot-074.mdx","Secure Boot: ошибка Secure Boot — как исправить","BIOS и UEFI","8","1232","7","275","4","no","body has only 8 non-empty lines; body has only 1232 characters"
"улучшить","60","src/content/errors/bios-uefi-bios-update-not-detected.mdx","BIOS Update: не определяется системой","BIOS и UEFI","8","1222","6","269","4","no","body has only 8 non-empty lines; body has only 1222 characters"
"улучшить","60","src/content/errors/bios-uefi-nvme-066.mdx","UEFI: не видит NVMe — как исправить","BIOS и UEFI","8","1213","7","275","4","no","body has only 8 non-empty lines; body has only 1213 characters"
"улучшить","60","src/content/errors/bios-uefi-secure-boot-062.mdx","UEFI: ошибка Secure Boot — как исправить","BIOS и UEFI","8","1218","7","275","4","no","body has only 8 non-empty lines; body has only 1218 characters"
"улучшить","60","src/content/errors/bios-uefi-secure-boot-disconnects-randomly.mdx","Secure Boot: самопроизвольно отключается","BIOS и UEFI","8","1225","6","268","4","no","body has only 8 non-empty lines; body has only 1225 characters"
"улучшить","60","src/content/errors/bios-uefi-secure-boot-driver-error.mdx","Secure Boot: ошибка драйвера","BIOS и UEFI","8","1213","6","277","4","no","body has only 8 non-empty lines; body has only 1213 characters"
"улучшить","60","src/content/errors/bios-uefi-secure-boot-firmware-update-failed.mdx","Secure Boot: ошибка обновления прошивки","BIOS и UEFI","8","1224","6","271","4","no","body has only 8 non-empty lines; body has only 1224 characters"
"улучшить","60","src/content/errors/bios-uefi-secure-boot-low-performance.mdx","Secure Boot: низкая производительность","BIOS и UEFI","8","1223","6","273","4","no","body has only 8 non-empty lines; body has only 1223 characters"
"улучшить","60","src/content/errors/bios-uefi-secure-boot-not-detected.mdx","Secure Boot: не определяется системой","BIOS и UEFI","8","1222","6","269","4","no","body has only 8 non-empty lines; body has only 1222 characters"
"улучшить","60","src/content/errors/bios-uefi-tpm-2-0-disconnects-randomly.mdx","TPM 2.0: самопроизвольно отключается","BIOS и UEFI","8","1217","6","267","4","no","body has only 8 non-empty lines; body has only 1217 characters"
"улучшить","60","src/content/errors/bios-uefi-tpm-2-0-driver-error.mdx","TPM 2.0: ошибка драйвера","BIOS и UEFI","8","1205","6","276","4","no","body has only 8 non-empty lines; body has only 1205 characters"
"улучшить","60","src/content/errors/bios-uefi-tpm-2-0-firmware-update-failed.mdx","TPM 2.0: ошибка обновления прошивки","BIOS и UEFI","8","1216","6","270","4","no","body has only 8 non-empty lines; body has only 1216 characters"
"улучшить","60","src/content/errors/bios-uefi-tpm-2-0-low-performance.mdx","TPM 2.0: низкая производительность","BIOS и UEFI","8","1215","6","273","4","no","body has only 8 non-empty lines; body has only 1215 characters"
"улучшить","60","src/content/errors/bios-uefi-tpm-2-0-not-detected.mdx","TPM 2.0: не определяется системой","BIOS и UEFI","8","1214","6","268","4","no","body has only 8 non-empty lines; body has only 1214 characters"
"улучшить","60","src/content/errors/bios-uefi-uefi-boot-order-disconnects-randomly.mdx","UEFI Boot Order: самопроизвольно отключается","BIOS и UEFI","8","1233","6","268","4","no","body has only 8 non-empty lines; body has only 1233 characters"
"улучшить","60","src/content/errors/bios-uefi-uefi-boot-order-driver-error.mdx","UEFI Boot Order: ошибка драйвера","BIOS и UEFI","8","1221","6","277","4","no","body has only 8 non-empty lines; body has only 1221 characters"
"улучшить","60","src/content/errors/bios-uefi-uefi-boot-order-firmware-update-failed.mdx","UEFI Boot Order: ошибка обновления прошивки","BIOS и UEFI","8","1232","6","272","4","no","body has only 8 non-empty lines; body has only 1232 characters"
"улучшить","60","src/content/errors/bios-uefi-uefi-boot-order-low-performance.mdx","UEFI Boot Order: низкая производительность","BIOS и UEFI","8","1231","6","274","4","no","body has only 8 non-empty lines; body has only 1231 characters"
"улучшить","60","src/content/errors/bios-uefi-uefi-boot-order-not-detected.mdx","UEFI Boot Order: не определяется системой","BIOS и UEFI","8","1230","6","269","4","no","body has only 8 non-empty lines; body has only 1230 characters"
"улучшить","60","src/content/errors/bios-uefi-usb-065.mdx","UEFI: не запускается с USB — как исправить","BIOS и UEFI","8","1220","7","275","4","no","body has only 8 non-empty lines; body has only 1220 characters"
"улучшить","60","src/content/errors/bluetooth-headphones-hripit-zvuk.mdx","Bluetooth headphones: хрипит звук — как исправить","Аудио и видео","8","1238","6","264","4","no","body has only 8 non-empty lines; body has only 1238 characters"
"улучшить","60","src/content/errors/bluetooth-headphones-mikrofon-ne-rabotaet.mdx","Bluetooth headphones: микрофон не работает — как исправить","Аудио и видео","8","1247","6","264","4","no","body has only 8 non-empty lines; body has only 1247 characters"
"улучшить","60","src/content/errors/bluetooth-headphones-net-izobrazheniya.mdx","Bluetooth headphones: нет изображения — как исправить","Аудио и видео","8","1242","6","264","4","no","body has only 8 non-empty lines; body has only 1242 characters"
"улучшить","60","src/content/errors/bluetooth-headphones-net-zvuka.mdx","Bluetooth headphones: нет звука — как исправить","Аудио и видео","8","1236","6","264","4","no","body has only 8 non-empty lines; body has only 1236 characters"
"улучшить","60","src/content/errors/bluetooth-headphones-oshibka-kodeka.mdx","Bluetooth headphones: ошибка кодека — как исправить","Аудио и видео","8","1240","6","264","4","no","body has only 8 non-empty lines; body has only 1240 characters"
"улучшить","60","src/content/errors/bluetooth-headphones-rassinhron-audio-i-video.mdx","Bluetooth headphones: рассинхрон аудио и видео — как исправить","Аудио и видео","8","1251","6","264","4","no","body has only 8 non-empty lines; body has only 1251 characters"
"улучшить","60","src/content/errors/bosch-dishwasher-ne-nabiraet-vodu.mdx","Bosch dishwasher: не набирает воду — как исправить","Посудомоечные машины","8","1272","6","206","4","no","body has only 8 non-empty lines; body has only 1272 characters"
"улучшить","60","src/content/errors/bosch-dishwasher-ne-rastvoryaet-tabletku.mdx","Bosch dishwasher: не растворяет таблетку — как исправить","Посудомоечные машины","8","1278","6","206","4","no","body has only 8 non-empty lines; body has only 1278 characters"
"улучшить","60","src/content/errors/bosch-dishwasher-ne-slivaet-vodu.mdx","Bosch dishwasher: не сливает воду — как исправить","Посудомоечные машины","8","1273","6","207","4","no","body has only 8 non-empty lines; body has only 1273 characters"
"улучшить","60","src/content/errors/bosch-dishwasher-oshibka-nagreva.mdx","Bosch dishwasher: ошибка нагрева — как исправить","Посудомоечные машины","8","1270","6","206","4","no","body has only 8 non-empty lines; body has only 1270 characters"
"улучшить","60","src/content/errors/bosch-dishwasher-ploho-moet-posudu.mdx","Bosch dishwasher: плохо моет посуду — как исправить","Посудомоечные машины","8","1273","6","206","4","no","body has only 8 non-empty lines; body has only 1273 characters"
"улучшить","60","src/content/errors/bosch-dishwasher-techet-snizu.mdx","Bosch dishwasher: течет снизу — как исправить","Посудомоечные машины","8","1267","6","206","4","no","body has only 8 non-empty lines; body has only 1267 characters"
"улучшить","60","src/content/errors/bosch-oven-iskrit-vnutri.mdx","Bosch oven: искрит внутри — как исправить","Микроволновки и духовки","8","1287","6","206","4","no","body has only 8 non-empty lines; body has only 1287 characters"
"улучшить","60","src/content/errors/bosch-oven-ne-greet.mdx","Bosch oven: не греет — как исправить","Микроволновки и духовки","8","1277","6","205","4","no","body has only 8 non-empty lines; body has only 1277 characters"
"улучшить","60","src/content/errors/bosch-oven-ne-vklyuchaetsya.mdx","Bosch oven: не включается — как исправить","Микроволновки и духовки","8","1287","6","206","4","no","body has only 8 non-empty lines; body has only 1287 characters"
"улучшить","60","src/content/errors/bosch-refrigerator-ne-morozit.mdx","Bosch refrigerator: не морозит — как исправить","Холодильники","8","1310","6","211","4","no","body has only 8 non-empty lines; body has only 1310 characters"
"улучшить","60","src/content/errors/bosch-refrigerator-silno-shumit.mdx","Bosch refrigerator: сильно шумит — как исправить","Холодильники","8","1304","6","208","4","no","body has only 8 non-empty lines; body has only 1304 characters"
"улучшить","60","src/content/errors/bosch-refrigerator-techet-voda.mdx","Bosch refrigerator: течет вода — как исправить","Холодильники","8","1310","6","211","4","no","body has only 8 non-empty lines; body has only 1310 characters"
"улучшить","60","src/content/errors/bosch-screwdriver-greetsya-pri-rabote.mdx","Bosch screwdriver: греется при работе — как исправить","Электроинструмент","8","1292","6","208","4","no","body has only 8 non-empty lines; body has only 1292 characters"
"улучшить","60","src/content/errors/bosch-screwdriver-iskrit-dvigatel.mdx","Bosch screwdriver: искрит двигатель — как исправить","Электроинструмент","8","1290","6","208","4","no","body has only 8 non-empty lines; body has only 1290 characters"
"улучшить","60","src/content/errors/bosch-screwdriver-ne-vklyuchaetsya.mdx","Bosch screwdriver: не включается — как исправить","Электроинструмент","8","1287","6","208","4","no","body has only 8 non-empty lines; body has only 1287 characters"
"улучшить","60","src/content/errors/bosch-screwdriver-ne-zaryazhaetsya-akkumulyator.mdx","Bosch screwdriver: не заряжается аккумулятор — как исправить","Электроинструмент","8","1299","6","208","4","no","body has only 8 non-empty lines; body has only 1299 characters"
"улучшить","60","src/content/errors/bosch-screwdriver-teryaet-oboroty.mdx","Bosch screwdriver: теряет обороты — как исправить","Электроинструмент","8","1288","6","208","4","no","body has only 8 non-empty lines; body has only 1288 characters"
"улучшить","60","src/content/errors/bosch-screwdriver-zaedaet-patron.mdx","Bosch screwdriver: заедает патрон — как исправить","Электроинструмент","8","1288","6","208","4","no","body has only 8 non-empty lines; body has only 1288 characters"
"улучшить","60","src/content/errors/bosch-washing-machine-ne-otzhimaet.mdx","Bosch washing machine: не отжимает — как исправить","Стиральные машины","8","1293","6","206","4","no","body has only 8 non-empty lines; body has only 1293 characters"
"улучшить","60","src/content/errors/bosch-washing-machine-ne-slivaet-vodu.mdx","Bosch washing machine: не сливает воду — как исправить","Стиральные машины","8","1299","6","207","4","no","body has only 8 non-empty lines; body has only 1299 characters"
"улучшить","60","src/content/errors/bosch-washing-machine-oshibka-dvertsy.mdx","Bosch washing machine: ошибка дверцы — как исправить","Стиральные машины","8","1295","6","206","4","no","body has only 8 non-empty lines; body has only 1295 characters"
"улучшить","60","src/content/errors/browsers-google-chrome-config-error.mdx","Google Chrome: ошибка конфигурации","Браузеры","8","1230","6","279","4","no","body has only 8 non-empty lines; body has only 1230 characters"
"улучшить","60","src/content/errors/browsers-google-chrome-crashes-after-update.mdx","Google Chrome: вылетает после обновления","Браузеры","8","1236","6","276","4","no","body has only 8 non-empty lines; body has only 1236 characters"
"улучшить","60","src/content/errors/browsers-google-chrome-high-cpu.mdx","Google Chrome: нагружает процессор","Браузеры","8","1230","6","281","4","no","body has only 8 non-empty lines; body has only 1230 characters"
"улучшить","60","src/content/errors/browsers-google-chrome-network-timeout.mdx","Google Chrome: ошибка подключения или тайм-аут","Браузеры","8","1242","6","264","4","no","body has only 8 non-empty lines; body has only 1242 characters"
"улучшить","60","src/content/errors/browsers-google-chrome-permission-denied.mdx","Google Chrome: отказано в доступе","Браузеры","8","1229","6","275","4","no","body has only 8 non-empty lines; body has only 1229 characters"
"улучшить","60","src/content/errors/browsers-google-chrome-sync-failed.mdx","Google Chrome: не синхронизируется","Браузеры","8","1230","6","269","4","no","body has only 8 non-empty lines; body has only 1230 characters"
"улучшить","60","src/content/errors/browsers-google-chrome-update-failed.mdx","Google Chrome: ошибка обновления","Браузеры","8","1228","6","271","4","no","body has only 8 non-empty lines; body has only 1228 characters"
"улучшить","60","src/content/errors/browsers-google-chrome-wont-start.mdx","Google Chrome: не запускается","Браузеры","8","1225","6","267","4","no","body has only 8 non-empty lines; body has only 1225 characters"
"улучшить","60","src/content/errors/browsers-microsoft-edge-crashes-after-update.mdx","Microsoft Edge: вылетает после обновления","Браузеры","8","1238","6","276","4","no","body has only 8 non-empty lines; body has only 1238 characters"
"улучшить","60","src/content/errors/browsers-microsoft-edge-high-cpu.mdx","Microsoft Edge: нагружает процессор","Браузеры","8","1232","6","282","4","no","body has only 8 non-empty lines; body has only 1232 characters"
"улучшить","60","src/content/errors/browsers-microsoft-edge-network-timeout.mdx","Microsoft Edge: ошибка подключения или тайм-аут","Браузеры","8","1244","6","264","4","no","body has only 8 non-empty lines; body has only 1244 characters"
"улучшить","60","src/content/errors/browsers-microsoft-edge-permission-denied.mdx","Microsoft Edge: отказано в доступе","Браузеры","8","1231","6","275","4","no","body has only 8 non-empty lines; body has only 1231 characters"
"улучшить","60","src/content/errors/browsers-microsoft-edge-sync-failed.mdx","Microsoft Edge: не синхронизируется","Браузеры","8","1232","6","269","4","no","body has only 8 non-empty lines; body has only 1232 characters"
"улучшить","60","src/content/errors/browsers-microsoft-edge-update-failed.mdx","Microsoft Edge: ошибка обновления","Браузеры","8","1230","6","272","4","no","body has only 8 non-empty lines; body has only 1230 characters"
"улучшить","60","src/content/errors/browsers-microsoft-edge-wont-start.mdx","Microsoft Edge: не запускается","Браузеры","8","1227","6","267","4","no","body has only 8 non-empty lines; body has only 1227 characters"
"улучшить","60","src/content/errors/browsers-mozilla-firefox-config-error.mdx","Mozilla Firefox: ошибка конфигурации","Браузеры","8","1234","6","279","4","no","body has only 8 non-empty lines; body has only 1234 characters"
"улучшить","60","src/content/errors/browsers-mozilla-firefox-crashes-after-update.mdx","Mozilla Firefox: вылетает после обновления","Браузеры","8","1240","6","277","4","no","body has only 8 non-empty lines; body has only 1240 characters"
"улучшить","60","src/content/errors/browsers-mozilla-firefox-high-cpu.mdx","Mozilla Firefox: нагружает процессор","Браузеры","8","1234","6","282","4","no","body has only 8 non-empty lines; body has only 1234 characters"
"улучшить","60","src/content/errors/browsers-mozilla-firefox-network-timeout.mdx","Mozilla Firefox: ошибка подключения или тайм-аут","Браузеры","8","1246","6","264","4","no","body has only 8 non-empty lines; body has only 1246 characters"
"улучшить","60","src/content/errors/browsers-mozilla-firefox-permission-denied.mdx","Mozilla Firefox: отказано в доступе","Браузеры","8","1233","6","276","4","no","body has only 8 non-empty lines; body has only 1233 characters"
"улучшить","60","src/content/errors/browsers-mozilla-firefox-sync-failed.mdx","Mozilla Firefox: не синхронизируется","Браузеры","8","1234","6","269","4","no","body has only 8 non-empty lines; body has only 1234 characters"
"улучшить","60","src/content/errors/browsers-mozilla-firefox-update-failed.mdx","Mozilla Firefox: ошибка обновления","Браузеры","8","1232","6","272","4","no","body has only 8 non-empty lines; body has only 1232 characters"
"улучшить","60","src/content/errors/browsers-mozilla-firefox-wont-start.mdx","Mozilla Firefox: не запускается","Браузеры","8","1229","6","268","4","no","body has only 8 non-empty lines; body has only 1229 characters"
"улучшить","60","src/content/errors/canon-printer-ne-pechataet.mdx","Canon printer: не печатает — как исправить","Принтеры и сканеры","8","1222","6","262","3","no","body has only 8 non-empty lines; body has only 1222 characters"
"улучшить","60","src/content/errors/canon-printer-ne-vidit-kartridzh.mdx","Canon printer: не видит картридж — как исправить","Принтеры и сканеры","8","1228","6","262","3","no","body has only 8 non-empty lines; body has only 1228 characters"
"улучшить","60","src/content/errors/canon-printer-zastryala-ochered.mdx","Canon printer: застряла очередь — как исправить","Принтеры и сканеры","8","1227","6","262","3","no","body has only 8 non-empty lines; body has only 1227 characters"
"улучшить","60","src/content/errors/chrome-medlenno-zagruzhaet-stranitsy.mdx","Chrome: медленно загружает страницы — как исправить","Браузеры","8","1240","6","256","4","no","body has only 8 non-empty lines; body has only 1240 characters"
"улучшить","60","src/content/errors/chrome-ne-otkryvaet-sayty.mdx","Chrome: не открывает сайты — как исправить","Браузеры","8","1231","6","256","4","no","body has only 8 non-empty lines; body has only 1231 characters"
"улучшить","60","src/content/errors/chrome-ne-otkryvaet-stranitsy-oshibka.mdx","Chrome не открывает страницы: как исправить ошибку подключения","Браузеры","8","1273","6","263","4","no","body has only 8 non-empty lines; body has only 1273 characters"
"улучшить","60","src/content/errors/chrome-ne-rabotayut-rasshireniya.mdx","Chrome: не работают расширения — как исправить","Браузеры","8","1235","6","256","4","no","body has only 8 non-empty lines; body has only 1235 characters"
"улучшить","60","src/content/errors/chrome-oshibka-sertifikata.mdx","Chrome: ошибка сертификата — как исправить","Браузеры","8","1231","6","256","4","no","body has only 8 non-empty lines; body has only 1231 characters"
"улучшить","60","src/content/errors/chrome-vyletayut-vkladki.mdx","Chrome: вылетают вкладки — как исправить","Браузеры","8","1229","6","256","4","no","body has only 8 non-empty lines; body has only 1229 characters"
"улучшить","60","src/content/errors/databases-mariadb-crashes-after-update.mdx","MariaDB: вылетает после обновления","Базы данных","8","1229","6","277","4","no","body has only 8 non-empty lines; body has only 1229 characters"
"улучшить","60","src/content/errors/databases-mariadb-permission-denied.mdx","MariaDB: отказано в доступе","Базы данных","8","1222","6","276","4","no","body has only 8 non-empty lines; body has only 1222 characters"
"улучшить","60","src/content/errors/databases-mariadb-wont-start.mdx","MariaDB: не запускается","Базы данных","8","1218","6","268","4","no","body has only 8 non-empty lines; body has only 1218 characters"
"улучшить","60","src/content/errors/databases-mysql-config-error.mdx","MySQL: ошибка конфигурации","Базы данных","8","1219","6","279","4","no","body has only 8 non-empty lines; body has only 1219 characters"
"улучшить","60","src/content/errors/databases-mysql-crashes-after-update.mdx","MySQL: вылетает после обновления","Базы данных","8","1225","6","277","4","no","body has only 8 non-empty lines; body has only 1225 characters"
"улучшить","60","src/content/errors/databases-mysql-high-cpu.mdx","MySQL: нагружает процессор","Базы данных","8","1219","6","282","4","no","body has only 8 non-empty lines; body has only 1219 characters"
"улучшить","60","src/content/errors/databases-mysql-network-timeout.mdx","MySQL: ошибка подключения или тайм-аут","Базы данных","8","1231","6","265","4","no","body has only 8 non-empty lines; body has only 1231 characters"
"улучшить","60","src/content/errors/databases-mysql-permission-denied.mdx","MySQL: отказано в доступе","Базы данных","8","1218","6","276","4","no","body has only 8 non-empty lines; body has only 1218 characters"
"улучшить","60","src/content/errors/databases-mysql-sync-failed.mdx","MySQL: не синхронизируется","Базы данных","8","1219","6","269","4","no","body has only 8 non-empty lines; body has only 1219 characters"
"улучшить","60","src/content/errors/databases-mysql-update-failed.mdx","MySQL: ошибка обновления","Базы данных","8","1217","6","272","4","no","body has only 8 non-empty lines; body has only 1217 characters"
"улучшить","60","src/content/errors/databases-mysql-wont-start.mdx","MySQL: не запускается","Базы данных","8","1214","6","268","4","no","body has only 8 non-empty lines; body has only 1214 characters"
"улучшить","60","src/content/errors/databases-postgresql-config-error.mdx","PostgreSQL: ошибка конфигурации","Базы данных","8","1229","6","280","4","no","body has only 8 non-empty lines; body has only 1229 characters"
"улучшить","60","src/content/errors/databases-postgresql-crashes-after-update.mdx","PostgreSQL: вылетает после обновления","Базы данных","8","1235","6","278","4","no","body has only 8 non-empty lines; body has only 1235 characters"
"улучшить","60","src/content/errors/databases-postgresql-high-cpu.mdx","PostgreSQL: нагружает процессор","Базы данных","8","1229","6","283","4","no","body has only 8 non-empty lines; body has only 1229 characters"
"улучшить","60","src/content/errors/databases-postgresql-network-timeout.mdx","PostgreSQL: ошибка подключения или тайм-аут","Базы данных","8","1241","6","265","4","no","body has only 8 non-empty lines; body has only 1241 characters"
"улучшить","60","src/content/errors/databases-postgresql-permission-denied.mdx","PostgreSQL: отказано в доступе","Базы данных","8","1228","6","277","4","no","body has only 8 non-empty lines; body has only 1228 characters"
"улучшить","60","src/content/errors/databases-postgresql-sync-failed.mdx","PostgreSQL: не синхронизируется","Базы данных","8","1229","6","270","4","no","body has only 8 non-empty lines; body has only 1229 characters"
"улучшить","60","src/content/errors/databases-postgresql-update-failed.mdx","PostgreSQL: ошибка обновления","Базы данных","8","1227","6","273","4","no","body has only 8 non-empty lines; body has only 1227 characters"
"улучшить","60","src/content/errors/databases-postgresql-wont-start.mdx","PostgreSQL: не запускается","Базы данных","8","1224","6","269","4","no","body has only 8 non-empty lines; body has only 1224 characters"
"улучшить","60","src/content/errors/design-adobe-illustrator-config-error.mdx","Adobe Illustrator: ошибка конфигурации","Дизайн и графика","8","1230","6","282","4","no","body has only 8 non-empty lines; body has only 1230 characters"
"улучшить","60","src/content/errors/design-adobe-illustrator-crashes-after-update.mdx","Adobe Illustrator: вылетает после обновления","Дизайн и графика","8","1236","6","280","4","no","body has only 8 non-empty lines; body has only 1236 characters"
"улучшить","60","src/content/errors/design-adobe-illustrator-high-cpu.mdx","Adobe Illustrator: нагружает процессор","Дизайн и графика","8","1230","6","285","4","no","body has only 8 non-empty lines; body has only 1230 characters"
"улучшить","60","src/content/errors/design-adobe-illustrator-network-timeout.mdx","Adobe Illustrator: ошибка подключения или тайм-аут","Дизайн и графика","8","1242","6","267","4","no","body has only 8 non-empty lines; body has only 1242 characters"
"улучшить","60","src/content/errors/design-adobe-illustrator-permission-denied.mdx","Adobe Illustrator: отказано в доступе","Дизайн и графика","8","1229","6","279","4","no","body has only 8 non-empty lines; body has only 1229 characters"
"улучшить","60","src/content/errors/design-adobe-illustrator-sync-failed.mdx","Adobe Illustrator: не синхронизируется","Дизайн и графика","8","1230","6","272","4","no","body has only 8 non-empty lines; body has only 1230 characters"
"улучшить","60","src/content/errors/design-adobe-illustrator-update-failed.mdx","Adobe Illustrator: ошибка обновления","Дизайн и графика","8","1228","6","275","4","no","body has only 8 non-empty lines; body has only 1228 characters"
"улучшить","60","src/content/errors/design-adobe-illustrator-wont-start.mdx","Adobe Illustrator: не запускается","Дизайн и графика","8","1225","6","271","4","no","body has only 8 non-empty lines; body has only 1225 characters"
"улучшить","60","src/content/errors/design-adobe-photoshop-config-error.mdx","Adobe Photoshop: ошибка конфигурации","Дизайн и графика","8","1226","6","282","4","no","body has only 8 non-empty lines; body has only 1226 characters"
"улучшить","60","src/content/errors/design-adobe-photoshop-crashes-after-update.mdx","Adobe Photoshop: вылетает после обновления","Дизайн и графика","8","1232","6","279","4","no","body has only 8 non-empty lines; body has only 1232 characters"
"улучшить","60","src/content/errors/design-adobe-photoshop-high-cpu.mdx","Adobe Photoshop: нагружает процессор","Дизайн и графика","8","1226","6","285","4","no","body has only 8 non-empty lines; body has only 1226 characters"
"улучшить","60","src/content/errors/design-adobe-photoshop-network-timeout.mdx","Adobe Photoshop: ошибка подключения или тайм-аут","Дизайн и графика","8","1238","6","267","4","no","body has only 8 non-empty lines; body has only 1238 characters"
"улучшить","60","src/content/errors/design-adobe-photoshop-permission-denied.mdx","Adobe Photoshop: отказано в доступе","Дизайн и графика","8","1225","6","278","4","no","body has only 8 non-empty lines; body has only 1225 characters"
"улучшить","60","src/content/errors/design-adobe-photoshop-sync-failed.mdx","Adobe Photoshop: не синхронизируется","Дизайн и графика","8","1226","6","272","4","no","body has only 8 non-empty lines; body has only 1226 characters"
"улучшить","60","src/content/errors/design-adobe-photoshop-update-failed.mdx","Adobe Photoshop: ошибка обновления","Дизайн и графика","8","1224","6","275","4","no","body has only 8 non-empty lines; body has only 1224 characters"
"улучшить","60","src/content/errors/design-adobe-photoshop-wont-start.mdx","Adobe Photoshop: не запускается","Дизайн и графика","8","1221","6","270","4","no","body has only 8 non-empty lines; body has only 1221 characters"
"улучшить","60","src/content/errors/design-illustrator-gpu-116.mdx","Illustrator: ошибка GPU — как исправить","Дизайн и графика","8","1225","7","275","4","no","body has only 8 non-empty lines; body has only 1225 characters"
"улучшить","60","src/content/errors/design-photoshop-gpu-110.mdx","Photoshop: ошибка GPU — как исправить","Дизайн и графика","8","1221","7","275","4","no","body has only 8 non-empty lines; body has only 1221 characters"
"улучшить","60","src/content/errors/devops-github-actions-config-error.mdx","GitHub Actions: ошибка конфигурации","DevOps и облака","8","1224","6","278","4","no","body has only 8 non-empty lines; body has only 1224 characters"
"улучшить","60","src/content/errors/devops-github-actions-crashes-after-update.mdx","GitHub Actions: вылетает после обновления","DevOps и облака","8","1230","6","276","4","no","body has only 8 non-empty lines; body has only 1230 characters"
"улучшить","60","src/content/errors/devops-github-actions-deployment-257.mdx","GitHub Actions: ошибка deployment — как исправить","DevOps и облака","8","1238","7","275","4","no","body has only 8 non-empty lines; body has only 1238 characters"
"улучшить","60","src/content/errors/devops-github-actions-high-cpu.mdx","GitHub Actions: нагружает процессор","DevOps и облака","8","1224","6","281","4","no","body has only 8 non-empty lines; body has only 1224 characters"
"улучшить","60","src/content/errors/devops-github-actions-network-timeout.mdx","GitHub Actions: ошибка подключения или тайм-аут","DevOps и облака","8","1236","6","264","4","no","body has only 8 non-empty lines; body has only 1236 characters"
"улучшить","60","src/content/errors/devops-github-actions-permission-denied.mdx","GitHub Actions: отказано в доступе","DevOps и облака","8","1223","6","275","4","no","body has only 8 non-empty lines; body has only 1223 characters"
"улучшить","60","src/content/errors/devops-github-actions-pipeline-failed-256.mdx","GitHub Actions: pipeline failed — как исправить","DevOps и облака","8","1236","7","275","4","no","body has only 8 non-empty lines; body has only 1236 characters"
"улучшить","60","src/content/errors/devops-github-actions-sync-failed.mdx","GitHub Actions: не синхронизируется","DevOps и облака","8","1224","6","268","4","no","body has only 8 non-empty lines; body has only 1224 characters"
"улучшить","60","src/content/errors/devops-github-actions-timeout-259.mdx","GitHub Actions: timeout задачи — как исправить","DevOps и облака","8","1235","7","275","4","no","body has only 8 non-empty lines; body has only 1235 characters"
"улучшить","60","src/content/errors/devops-github-actions-update-failed.mdx","GitHub Actions: ошибка обновления","DevOps и облака","8","1222","6","271","4","no","body has only 8 non-empty lines; body has only 1222 characters"
"улучшить","60","src/content/errors/devops-github-actions-wont-start.mdx","GitHub Actions: не запускается","DevOps и облака","8","1219","6","267","4","no","body has only 8 non-empty lines; body has only 1219 characters"
"улучшить","60","src/content/errors/devops-gitlab-ci-config-error.mdx","GitLab CI: ошибка конфигурации","DevOps и облака","8","1214","6","278","4","no","body has only 8 non-empty lines; body has only 1214 characters"
"улучшить","60","src/content/errors/devops-gitlab-ci-crashes-after-update.mdx","GitLab CI: вылетает после обновления","DevOps и облака","8","1220","6","275","4","no","body has only 8 non-empty lines; body has only 1220 characters"
"улучшить","60","src/content/errors/devops-gitlab-ci-deployment-262.mdx","GitLab CI: ошибка deployment — как исправить","DevOps и облака","8","1228","7","275","4","no","body has only 8 non-empty lines; body has only 1228 characters"
"улучшить","60","src/content/errors/devops-gitlab-ci-high-cpu.mdx","GitLab CI: нагружает процессор","DevOps и облака","8","1214","6","280","4","no","body has only 8 non-empty lines; body has only 1214 characters"
"улучшить","60","src/content/errors/devops-gitlab-ci-network-timeout.mdx","GitLab CI: ошибка подключения или тайм-аут","DevOps и облака","8","1226","6","263","4","no","body has only 8 non-empty lines; body has only 1226 characters"
"улучшить","60","src/content/errors/devops-gitlab-ci-permission-denied.mdx","GitLab CI: отказано в доступе","DevOps и облака","8","1213","6","274","4","no","body has only 8 non-empty lines; body has only 1213 characters"
"улучшить","60","src/content/errors/devops-gitlab-ci-pipeline-failed-261.mdx","GitLab CI: pipeline failed — как исправить","DevOps и облака","8","1226","7","275","4","no","body has only 8 non-empty lines; body has only 1226 characters"
"улучшить","60","src/content/errors/devops-gitlab-ci-sync-failed.mdx","GitLab CI: не синхронизируется","DevOps и облака","8","1214","6","268","4","no","body has only 8 non-empty lines; body has only 1214 characters"
"улучшить","60","src/content/errors/devops-gitlab-ci-timeout-264.mdx","GitLab CI: timeout задачи — как исправить","DevOps и облака","8","1225","7","275","4","no","body has only 8 non-empty lines; body has only 1225 characters"
"улучшить","60","src/content/errors/devops-gitlab-ci-update-failed.mdx","GitLab CI: ошибка обновления","DevOps и облака","8","1212","6","270","4","no","body has only 8 non-empty lines; body has only 1212 characters"
"улучшить","60","src/content/errors/devops-gitlab-ci-wont-start.mdx","GitLab CI: не запускается","DevOps и облака","8","1209","6","266","4","no","body has only 8 non-empty lines; body has only 1209 characters"
"улучшить","60","src/content/errors/devops-kubernetes-crashes-after-update.mdx","Kubernetes: вылетает после обновления","DevOps и облака","8","1222","6","275","4","no","body has only 8 non-empty lines; body has only 1222 characters"
"улучшить","60","src/content/errors/devops-kubernetes-wont-start.mdx","Kubernetes: не запускается","DevOps и облака","8","1211","6","266","4","no","body has only 8 non-empty lines; body has only 1211 characters"
"улучшить","60","src/content/errors/dewalt-grinder-iskrit-dvigatel.mdx","DeWalt grinder: искрит двигатель — как исправить","Электроинструмент","8","1287","6","207","4","no","body has only 8 non-empty lines; body has only 1287 characters"
"улучшить","60","src/content/errors/dewalt-grinder-ne-vklyuchaetsya.mdx","DeWalt grinder: не включается — как исправить","Электроинструмент","8","1284","6","207","4","no","body has only 8 non-empty lines; body has only 1284 characters"
"улучшить","60","src/content/errors/dewalt-grinder-ne-zaryazhaetsya-akkumulyator.mdx","DeWalt grinder: не заряжается аккумулятор — как исправить","Электроинструмент","8","1296","6","207","4","no","body has only 8 non-empty lines; body has only 1296 characters"
"улучшить","60","src/content/errors/dhcp-ne-otkryvayutsya-sayty.mdx","DHCP: не открываются сайты — как исправить","Сеть","8","1229","6","256","4","no","body has only 8 non-empty lines; body has only 1229 characters"
"улучшить","60","src/content/errors/dhcp-ne-rezolvit-domeny.mdx","DHCP: не резолвит домены — как исправить","Сеть","8","1227","6","256","4","no","body has only 8 non-empty lines; body has only 1227 characters"
"улучшить","60","src/content/errors/dhcp-obryvaet-podklyuchenie.mdx","DHCP: обрывает подключение — как исправить","Сеть","8","1229","6","256","4","no","body has only 8 non-empty lines; body has only 1229 characters"
"улучшить","60","src/content/errors/dishwashers-bosch-dishwasher-bad-smell.mdx","Bosch dishwasher: появился запах или гарь","Посудомоечные машины","8","1264","6","206","4","no","body has only 8 non-empty lines; body has only 1264 characters"
"улучшить","60","src/content/errors/dishwashers-bosch-dishwasher-does-not-drain.mdx","Bosch dishwasher: не сливает воду","Посудомоечные машины","8","1257","6","207","4","no","body has only 8 non-empty lines; body has only 1257 characters"
"улучшить","60","src/content/errors/dishwashers-bosch-dishwasher-does-not-heat.mdx","Bosch dishwasher: не греет","Посудомоечные машины","8","1243","6","204","4","no","body has only 8 non-empty lines; body has only 1243 characters"
"улучшить","60","src/content/errors/dishwashers-bosch-dishwasher-error-code.mdx","Bosch dishwasher: показывает код ошибки","Посудомоечные машины","8","1269","6","209","4","no","body has only 8 non-empty lines; body has only 1269 characters"
"улучшить","60","src/content/errors/dishwashers-bosch-dishwasher-leaks-water.mdx","Bosch dishwasher: протекает","Посудомоечные машины","8","1245","6","205","4","no","body has only 8 non-empty lines; body has only 1245 characters"
"улучшить","60","src/content/errors/dishwashers-bosch-dishwasher-makes-noise.mdx","Bosch dishwasher: шумит или вибрирует","Посудомоечные машины","8","1251","6","203","4","no","body has only 8 non-empty lines; body has only 1251 characters"
"улучшить","60","src/content/errors/dishwashers-bosch-dishwasher-stops-mid-cycle.mdx","Bosch dishwasher: останавливается во время работы","Посудомоечные машины","8","1289","6","212","4","no","body has only 8 non-empty lines; body has only 1289 characters"
"улучшить","60","src/content/errors/dishwashers-bosch-dishwasher-wont-turn-on.mdx","Bosch dishwasher: не включается","Посудомоечные машины","8","1253","6","206","4","no","body has only 8 non-empty lines; body has only 1253 characters"
"улучшить","60","src/content/errors/dishwashers-siemens-dishwasher-bad-smell.mdx","Siemens dishwasher: появился запах или гарь","Посудомоечные машины","8","1266","6","207","4","no","body has only 8 non-empty lines; body has only 1266 characters"
"улучшить","60","src/content/errors/dishwashers-siemens-dishwasher-does-not-drain.mdx","Siemens dishwasher: не сливает воду","Посудомоечные машины","8","1259","6","207","4","no","body has only 8 non-empty lines; body has only 1259 characters"
"улучшить","60","src/content/errors/dishwashers-siemens-dishwasher-does-not-heat.mdx","Siemens dishwasher: не греет","Посудомоечные машины","8","1245","6","205","4","no","body has only 8 non-empty lines; body has only 1245 characters"
"улучшить","60","src/content/errors/dishwashers-siemens-dishwasher-error-code.mdx","Siemens dishwasher: показывает код ошибки","Посудомоечные машины","8","1271","6","209","4","no","body has only 8 non-empty lines; body has only 1271 characters"
"улучшить","60","src/content/errors/dishwashers-siemens-dishwasher-leaks-water.mdx","Siemens dishwasher: протекает","Посудомоечные машины","8","1247","6","205","4","no","body has only 8 non-empty lines; body has only 1247 characters"
"улучшить","60","src/content/errors/dishwashers-siemens-dishwasher-makes-noise.mdx","Siemens dishwasher: шумит или вибрирует","Посудомоечные машины","8","1253","6","204","4","no","body has only 8 non-empty lines; body has only 1253 characters"
"улучшить","60","src/content/errors/dishwashers-siemens-dishwasher-stops-mid-cycle.mdx","Siemens dishwasher: останавливается во время работы","Посудомоечные машины","8","1291","6","212","4","no","body has only 8 non-empty lines; body has only 1291 characters"
"улучшить","60","src/content/errors/dishwashers-siemens-dishwasher-wont-turn-on.mdx","Siemens dishwasher: не включается","Посудомоечные машины","8","1255","6","206","4","no","body has only 8 non-empty lines; body has only 1255 characters"
"улучшить","60","src/content/errors/dns-ne-otkryvayutsya-sayty.mdx","DNS: не открываются сайты — как исправить","Сеть","8","1227","6","255","4","no","body has only 8 non-empty lines; body has only 1227 characters"
"улучшить","60","src/content/errors/dns-ne-rezolvit-domeny.mdx","DNS: не резолвит домены — как исправить","Сеть","8","1225","6","255","4","no","body has only 8 non-empty lines; body has only 1225 characters"
"улучшить","60","src/content/errors/dns-obryvaet-podklyuchenie.mdx","DNS: обрывает подключение — как исправить","Сеть","8","1227","6","255","4","no","body has only 8 non-empty lines; body has only 1227 characters"
"улучшить","60","src/content/errors/docker-compose-ne-startuet-servis.mdx","Docker Compose: не стартует сервис — как исправить","Docker и контейнеры","8","1227","6","241","4","no","body has only 8 non-empty lines; body has only 1227 characters"
"улучшить","60","src/content/errors/docker-compose-net-seti-mezhdu-konteynerami.mdx","Docker Compose: нет сети между контейнерами — как исправить","Docker и контейнеры","8","1236","6","241","4","no","body has only 8 non-empty lines; body has only 1236 characters"
"улучшить","60","src/content/errors/docker-compose-port-uzhe-zanyat.mdx","Docker Compose: порт уже занят — как исправить","Docker и контейнеры","8","1223","6","242","4","no","body has only 8 non-empty lines; body has only 1223 characters"
"улучшить","60","src/content/errors/docker-container-crash-fix.mdx","Docker контейнер падает: исправление crash loop","DevOps и облака","8","1245","6","258","4","no","body has only 8 non-empty lines; body has only 1245 characters"
"улучшить","60","src/content/errors/docker-container-restart-loop.mdx","Docker контейнер перезапускается бесконечно: причины и решение","DevOps и облака","8","1280","6","263","4","no","body has only 8 non-empty lines; body has only 1280 characters"
"улучшить","60","src/content/errors/docker-desktop-ne-startuet-servis.mdx","Docker Desktop: не стартует сервис — как исправить","Docker и контейнеры","8","1227","6","241","4","no","body has only 8 non-empty lines; body has only 1227 characters"
"улучшить","60","src/content/errors/docker-desktop-net-seti-mezhdu-konteynerami.mdx","Docker Desktop: нет сети между контейнерами — как исправить","Docker и контейнеры","8","1236","6","241","4","no","body has only 8 non-empty lines; body has only 1236 characters"
"улучшить","60","src/content/errors/docker-desktop-port-uzhe-zanyat.mdx","Docker Desktop: порт уже занят — как исправить","Docker и контейнеры","8","1223","6","242","4","no","body has only 8 non-empty lines; body has only 1223 characters"
"улучшить","60","src/content/errors/docker-docker-buildkit-crashes-after-update.mdx","Docker BuildKit: вылетает после обновления","Docker и контейнеры","8","1220","6","244","4","no","body has only 8 non-empty lines; body has only 1220 characters"
"улучшить","60","src/content/errors/docker-docker-buildkit-permission-denied.mdx","Docker BuildKit: отказано в доступе","Docker и контейнеры","8","1213","6","243","4","no","body has only 8 non-empty lines; body has only 1213 characters"
"улучшить","60","src/content/errors/docker-docker-buildkit-wont-start.mdx","Docker BuildKit: не запускается","Docker и контейнеры","8","1209","6","242","4","no","body has only 8 non-empty lines; body has only 1209 characters"
"улучшить","60","src/content/errors/docker-docker-compose-config-error.mdx","Docker Compose: ошибка конфигурации","Docker и контейнеры","8","1212","6","242","4","no","body has only 8 non-empty lines; body has only 1212 characters"
"улучшить","60","src/content/errors/docker-docker-compose-crashes-after-update.mdx","Docker Compose: вылетает после обновления","Docker и контейнеры","8","1218","6","243","4","no","body has only 8 non-empty lines; body has only 1218 characters"
"улучшить","60","src/content/errors/docker-docker-compose-healthcheck-027.mdx","Docker Compose: не проходит healthcheck — как исправить","Docker и контейнеры","8","1232","7","275","4","no","body has only 8 non-empty lines; body has only 1232 characters"
"улучшить","60","src/content/errors/docker-docker-compose-high-cpu.mdx","Docker Compose: нагружает процессор","Docker и контейнеры","8","1212","6","244","4","no","body has only 8 non-empty lines; body has only 1212 characters"
"улучшить","60","src/content/errors/docker-docker-compose-network-timeout.mdx","Docker Compose: ошибка подключения или тайм-аут","Docker и контейнеры","8","1224","6","243","4","no","body has only 8 non-empty lines; body has only 1224 characters"
"улучшить","60","src/content/errors/docker-docker-compose-permission-denied-026.mdx","Docker Compose: ошибка permission denied — как исправить","Docker и контейнеры","8","1233","7","275","4","no","body has only 8 non-empty lines; body has only 1233 characters"
"улучшить","60","src/content/errors/docker-docker-compose-permission-denied.mdx","Docker Compose: отказано в доступе","Docker и контейнеры","8","1211","6","242","4","no","body has only 8 non-empty lines; body has only 1211 characters"
"улучшить","60","src/content/errors/docker-docker-compose-pull-image-022.mdx","Docker Compose: ошибка pull image — как исправить","Docker и контейнеры","8","1226","7","275","4","no","body has only 8 non-empty lines; body has only 1226 characters"
"улучшить","60","src/content/errors/docker-docker-compose-sync-failed.mdx","Docker Compose: не синхронизируется","Docker и контейнеры","8","1212","6","242","4","no","body has only 8 non-empty lines; body has only 1212 characters"
"улучшить","60","src/content/errors/docker-docker-compose-update-failed.mdx","Docker Compose: ошибка обновления","Docker и контейнеры","8","1210","6","242","4","no","body has only 8 non-empty lines; body has only 1210 characters"
"улучшить","60","src/content/errors/docker-docker-compose-volume-024.mdx","Docker Compose: не монтируется volume — как исправить","Docker и контейнеры","8","1230","7","275","4","no","body has only 8 non-empty lines; body has only 1230 characters"
"улучшить","60","src/content/errors/docker-docker-compose-wont-start.mdx","Docker Compose: не запускается","Docker и контейнеры","8","1207","6","242","4","no","body has only 8 non-empty lines; body has only 1207 characters"
"улучшить","60","src/content/errors/docker-docker-desktop-permission-denied-040.mdx","Docker Desktop: ошибка permission denied — как исправить","Docker и контейнеры","8","1233","7","275","4","no","body has only 8 non-empty lines; body has only 1233 characters"
"улучшить","60","src/content/errors/docker-docker-desktop-pull-image-036.mdx","Docker Desktop: ошибка pull image — как исправить","Docker и контейнеры","8","1226","7","275","4","no","body has only 8 non-empty lines; body has only 1226 characters"
"улучшить","60","src/content/errors/docker-docker-desktop-volume-038.mdx","Docker Desktop: не монтируется volume — как исправить","Docker и контейнеры","8","1230","7","275","4","no","body has only 8 non-empty lines; body has only 1230 characters"
"улучшить","60","src/content/errors/docker-docker-engine-healthcheck-034.mdx","Docker Engine: не проходит healthcheck — как исправить","Docker и контейнеры","8","1230","7","275","4","no","body has only 8 non-empty lines; body has only 1230 characters"
"улучшить","60","src/content/errors/docker-docker-engine-permission-denied-033.mdx","Docker Engine: ошибка permission denied — как исправить","Docker и контейнеры","8","1231","7","275","4","no","body has only 8 non-empty lines; body has only 1231 characters"
"улучшить","60","src/content/errors/docker-docker-engine-pull-image-029.mdx","Docker Engine: ошибка pull image — как исправить","Docker и контейнеры","8","1224","7","275","4","no","body has only 8 non-empty lines; body has only 1224 characters"
"улучшить","60","src/content/errors/docker-docker-engine-volume-031.mdx","Docker Engine: не монтируется volume — как исправить","Docker и контейнеры","8","1228","7","275","4","no","body has only 8 non-empty lines; body has only 1228 characters"
"улучшить","60","src/content/errors/docker-engine-ne-startuet-servis.mdx","Docker Engine: не стартует сервис — как исправить","Docker и контейнеры","8","1225","6","241","4","no","body has only 8 non-empty lines; body has only 1225 characters"
"улучшить","60","src/content/errors/docker-engine-net-seti-mezhdu-konteynerami.mdx","Docker Engine: нет сети между контейнерами — как исправить","Docker и контейнеры","8","1234","6","241","4","no","body has only 8 non-empty lines; body has only 1234 characters"
"улучшить","60","src/content/errors/docker-engine-port-uzhe-zanyat.mdx","Docker Engine: порт уже занят — как исправить","Docker и контейнеры","8","1221","6","241","4","no","body has only 8 non-empty lines; body has only 1221 characters"
"улучшить","60","src/content/errors/dreame-robot-vacuum-ne-stroit-kartu.mdx","Dreame robot vacuum: не строит карту — как исправить","Пылесосы и роботы-пылесосы","8","1312","6","209","4","no","body has only 8 non-empty lines; body has only 1312 characters"
"улучшить","60","src/content/errors/dreame-robot-vacuum-ne-vozvraschaetsya-na-bazu.mdx","Dreame robot vacuum: не возвращается на базу — как исправить","Пылесосы и роботы-пылесосы","8","1320","6","209","4","no","body has only 8 non-empty lines; body has only 1320 characters"
"улучшить","60","src/content/errors/dreame-robot-vacuum-ne-zaryazhaetsya.mdx","Dreame robot vacuum: не заряжается — как исправить","Пылесосы и роботы-пылесосы","8","1310","6","209","4","no","body has only 8 non-empty lines; body has only 1310 characters"
"улучшить","60","src/content/errors/electrolux-dishwasher-ne-nabiraet-vodu.mdx","Electrolux dishwasher: не набирает воду — как исправить","Посудомоечные машины","8","1277","6","207","4","no","body has only 8 non-empty lines; body has only 1277 characters"
"улучшить","60","src/content/errors/electrolux-dishwasher-ne-slivaet-vodu.mdx","Electrolux dishwasher: не сливает воду — как исправить","Посудомоечные машины","8","1278","6","208","4","no","body has only 8 non-empty lines; body has only 1278 characters"
"улучшить","60","src/content/errors/electrolux-dishwasher-ploho-moet-posudu.mdx","Electrolux dishwasher: плохо моет посуду — как исправить","Посудомоечные машины","8","1278","6","207","4","no","body has only 8 non-empty lines; body has only 1278 characters"
"улучшить","60","src/content/errors/email-gmail-smtp-config-error.mdx","Gmail SMTP: ошибка конфигурации","Электронная почта","8","1214","6","280","3","no","body has only 8 non-empty lines; body has only 1214 characters"
"улучшить","60","src/content/errors/email-gmail-smtp-crashes-after-update.mdx","Gmail SMTP: вылетает после обновления","Электронная почта","8","1220","6","278","3","no","body has only 8 non-empty lines; body has only 1220 characters"
"улучшить","60","src/content/errors/email-gmail-smtp-high-cpu.mdx","Gmail SMTP: нагружает процессор","Электронная почта","8","1214","6","283","3","no","body has only 8 non-empty lines; body has only 1214 characters"
"улучшить","60","src/content/errors/email-gmail-smtp-network-timeout.mdx","Gmail SMTP: ошибка подключения или тайм-аут","Электронная почта","8","1226","6","265","3","no","body has only 8 non-empty lines; body has only 1226 characters"
"улучшить","60","src/content/errors/email-gmail-smtp-permission-denied.mdx","Gmail SMTP: отказано в доступе","Электронная почта","8","1213","6","277","3","no","body has only 8 non-empty lines; body has only 1213 characters"
"улучшить","60","src/content/errors/email-gmail-smtp-sync-failed.mdx","Gmail SMTP: не синхронизируется","Электронная почта","8","1214","6","270","3","no","body has only 8 non-empty lines; body has only 1214 characters"
"улучшить","60","src/content/errors/email-gmail-smtp-update-failed.mdx","Gmail SMTP: ошибка обновления","Электронная почта","8","1212","6","273","3","no","body has only 8 non-empty lines; body has only 1212 characters"
"улучшить","60","src/content/errors/email-gmail-smtp-wont-start.mdx","Gmail SMTP: не запускается","Электронная почта","8","1209","6","269","3","no","body has only 8 non-empty lines; body has only 1209 characters"
"улучшить","60","src/content/errors/email-outlook-imap-config-error.mdx","Outlook IMAP: ошибка конфигурации","Электронная почта","8","1218","6","280","3","no","body has only 8 non-empty lines; body has only 1218 characters"
"улучшить","60","src/content/errors/email-outlook-imap-crashes-after-update.mdx","Outlook IMAP: вылетает после обновления","Электронная почта","8","1224","6","278","3","no","body has only 8 non-empty lines; body has only 1224 characters"
"улучшить","60","src/content/errors/email-outlook-imap-high-cpu.mdx","Outlook IMAP: нагружает процессор","Электронная почта","8","1218","6","283","3","no","body has only 8 non-empty lines; body has only 1218 characters"
"улучшить","60","src/content/errors/email-outlook-imap-network-timeout.mdx","Outlook IMAP: ошибка подключения или тайм-аут","Электронная почта","8","1230","6","266","3","no","body has only 8 non-empty lines; body has only 1230 characters"
"улучшить","60","src/content/errors/email-outlook-imap-permission-denied.mdx","Outlook IMAP: отказано в доступе","Электронная почта","8","1217","6","277","3","no","body has only 8 non-empty lines; body has only 1217 characters"
"улучшить","60","src/content/errors/email-outlook-imap-sync-failed.mdx","Outlook IMAP: не синхронизируется","Электронная почта","8","1218","6","270","3","no","body has only 8 non-empty lines; body has only 1218 characters"
"улучшить","60","src/content/errors/email-outlook-imap-update-failed.mdx","Outlook IMAP: ошибка обновления","Электронная почта","8","1216","6","273","3","no","body has only 8 non-empty lines; body has only 1216 characters"
"улучшить","60","src/content/errors/email-outlook-imap-wont-start.mdx","Outlook IMAP: не запускается","Электронная почта","8","1213","6","269","3","no","body has only 8 non-empty lines; body has only 1213 characters"
"улучшить","60","src/content/errors/excel-file-recovery.mdx","Восстановление повреждённого файла Excel","Офисные программы","8","1241","6","252","4","no","body has only 8 non-empty lines; body has only 1241 characters"
"улучшить","60","src/content/errors/excel-ne-otkryvaet-fayl.mdx","Excel: не открывает файл — как исправить","Офисные программы","8","1206","6","255","4","no","body has only 8 non-empty lines; body has only 1206 characters"
"улучшить","60","src/content/errors/excel-povrezhden-dokument.mdx","Excel: поврежден документ — как исправить","Офисные программы","8","1207","6","255","4","no","body has only 8 non-empty lines; body has only 1207 characters"
"улучшить","60","src/content/errors/figma-ne-otobrazhayutsya-shrifty.mdx","Figma: не отображаются шрифты — как исправить","Дизайн и графика","8","1225","6","259","4","no","body has only 8 non-empty lines; body has only 1225 characters"
"улучшить","60","src/content/errors/figma-ne-zapuskaetsya.mdx","Figma: не запускается — как исправить","Дизайн и графика","8","1217","6","259","4","no","body has only 8 non-empty lines; body has only 1217 characters"
"улучшить","60","src/content/errors/figma-vyletaet-pri-eksporte.mdx","Figma: вылетает при экспорте — как исправить","Дизайн и графика","8","1224","6","259","4","no","body has only 8 non-empty lines; body has only 1224 characters"
"улучшить","60","src/content/errors/firefox-ne-otkryvaet-sayty.mdx","Firefox: не открывает сайты — как исправить","Браузеры","8","1233","6","257","4","no","body has only 8 non-empty lines; body has only 1233 characters"
"улучшить","60","src/content/errors/firefox-oshibka-sertifikata.mdx","Firefox: ошибка сертификата — как исправить","Браузеры","8","1233","6","257","4","no","body has only 8 non-empty lines; body has only 1233 characters"
"улучшить","60","src/content/errors/games-epic-games-launcher-crashes-after-update.mdx","Epic Games Launcher: вылетает после обновления","Игры","8","1216","6","277","4","no","body has only 8 non-empty lines; body has only 1216 characters"
"улучшить","60","src/content/errors/games-epic-games-launcher-permission-denied.mdx","Epic Games Launcher: отказано в доступе","Игры","8","1209","6","276","4","no","body has only 8 non-empty lines; body has only 1209 characters"
"улучшить","60","src/content/errors/games-epic-games-launcher-wont-start.mdx","Epic Games Launcher: не запускается","Игры","8","1205","6","268","4","no","body has only 8 non-empty lines; body has only 1205 characters"
"улучшить","60","src/content/errors/games-steam-config-error.mdx","Steam: ошибка конфигурации","Игры","8","1182","6","277","4","no","body has only 8 non-empty lines; body has only 1182 characters"
"улучшить","60","src/content/errors/games-steam-crashes-after-update.mdx","Steam: вылетает после обновления","Игры","8","1188","6","275","4","no","body has only 8 non-empty lines; body has only 1188 characters"
"улучшить","60","src/content/errors/games-steam-high-cpu.mdx","Steam: нагружает процессор","Игры","8","1182","6","280","4","no","body has only 8 non-empty lines; body has only 1182 characters"
"улучшить","60","src/content/errors/games-steam-network-timeout.mdx","Steam: ошибка подключения или тайм-аут","Игры","8","1194","6","263","4","no","body has only 8 non-empty lines; body has only 1194 characters"
"улучшить","60","src/content/errors/games-steam-permission-denied.mdx","Steam: отказано в доступе","Игры","8","1181","6","274","4","no","body has only 8 non-empty lines; body has only 1181 characters"
"улучшить","60","src/content/errors/games-steam-sync-failed.mdx","Steam: не синхронизируется","Игры","8","1182","6","267","4","no","body has only 8 non-empty lines; body has only 1182 characters"
"улучшить","60","src/content/errors/games-steam-update-failed.mdx","Steam: ошибка обновления","Игры","8","1180","6","270","4","no","body has only 8 non-empty lines; body has only 1180 characters"
"улучшить","60","src/content/errors/games-steam-wont-start.mdx","Steam: не запускается","Игры","8","1177","6","266","4","no","body has only 8 non-empty lines; body has only 1177 characters"
"улучшить","60","src/content/errors/git-merge-conflict-resolve.mdx","Git merge conflict: как разрешить конфликт слияния","Программирование","8","1247","6","264","4","no","body has only 8 non-empty lines; body has only 1247 characters"
"улучшить","60","src/content/errors/git-push-rejected.mdx","git push rejected: как исправить ошибку отклонения отправки","Программирование","8","1255","6","260","4","no","body has only 8 non-empty lines; body has only 1255 characters"
"улучшить","60","src/content/errors/git-stash-conflict-resolve.mdx","Git stash conflict: как разрешить конфликт при извлечении stash","Программирование","8","1260","6","262","4","no","body has only 8 non-empty lines; body has only 1260 characters"
"улучшить","60","src/content/errors/github-actions-ne-primenyayutsya-sekrety.mdx","GitHub Actions: не применяются секреты — как исправить","DevOps и облака","8","1243","6","260","4","no","body has only 8 non-empty lines; body has only 1243 characters"
"улучшить","60","src/content/errors/github-actions-oshibka-dostupa.mdx","GitHub Actions: ошибка доступа — как исправить","DevOps и облака","8","1235","6","260","4","no","body has only 8 non-empty lines; body has only 1235 characters"
"улучшить","60","src/content/errors/gitlab-ci-ne-primenyayutsya-sekrety.mdx","GitLab CI: не применяются секреты — как исправить","DevOps и облака","8","1233","6","257","4","no","body has only 8 non-empty lines; body has only 1233 characters"
"улучшить","60","src/content/errors/gitlab-ci-oshibka-dostupa.mdx","GitLab CI: ошибка доступа — как исправить","DevOps и облака","8","1225","6","257","4","no","body has only 8 non-empty lines; body has only 1225 characters"
"улучшить","60","src/content/errors/gmail-ne-otpravlyaet-pisma.mdx","Gmail: не отправляет письма — как исправить","Электронная почта","8","1221","6","258","4","no","body has only 8 non-empty lines; body has only 1221 characters"
"улучшить","60","src/content/errors/gmail-ne-prinimaet-pisma.mdx","Gmail: не принимает письма — как исправить","Электронная почта","8","1220","6","258","4","no","body has only 8 non-empty lines; body has only 1220 characters"
"улучшить","60","src/content/errors/gmail-oshibka-parolya.mdx","Gmail: ошибка пароля — как исправить","Электронная почта","8","1214","6","258","4","no","body has only 8 non-empty lines; body has only 1214 characters"
"улучшить","60","src/content/errors/hardware-amd-radeon-disconnects-randomly.mdx","AMD Radeon: самопроизвольно отключается","Оборудование","8","1232","6","270","4","no","body has only 8 non-empty lines; body has only 1232 characters"
"улучшить","60","src/content/errors/hardware-amd-radeon-driver-error.mdx","AMD Radeon: ошибка драйвера","Оборудование","8","1220","6","279","4","no","body has only 8 non-empty lines; body has only 1220 characters"
"улучшить","60","src/content/errors/hardware-amd-radeon-firmware-update-failed.mdx","AMD Radeon: ошибка обновления прошивки","Оборудование","8","1231","6","273","4","no","body has only 8 non-empty lines; body has only 1231 characters"
"улучшить","60","src/content/errors/hardware-amd-radeon-low-performance.mdx","AMD Radeon: низкая производительность","Оборудование","8","1230","6","275","4","no","body has only 8 non-empty lines; body has only 1230 characters"
"улучшить","60","src/content/errors/hardware-amd-radeon-not-detected.mdx","AMD Radeon: не определяется системой","Оборудование","8","1229","6","271","4","no","body has only 8 non-empty lines; body has only 1229 characters"
"улучшить","60","src/content/errors/hardware-intel-wi-fi-adapter-disconnects-randomly.mdx","Intel Wi-Fi Adapter: самопроизвольно отключается","Оборудование","8","1250","6","271","4","no","body has only 8 non-empty lines; body has only 1250 characters"
"улучшить","60","src/content/errors/hardware-intel-wi-fi-adapter-driver-error.mdx","Intel Wi-Fi Adapter: ошибка драйвера","Оборудование","8","1238","6","280","4","no","body has only 8 non-empty lines; body has only 1238 characters"
"улучшить","60","src/content/errors/hardware-intel-wi-fi-adapter-firmware-update-failed.mdx","Intel Wi-Fi Adapter: ошибка обновления прошивки","Оборудование","8","1249","6","274","4","no","body has only 8 non-empty lines; body has only 1249 characters"
"улучшить","60","src/content/errors/hardware-intel-wi-fi-adapter-low-performance.mdx","Intel Wi-Fi Adapter: низкая производительность","Оборудование","8","1248","6","277","4","no","body has only 8 non-empty lines; body has only 1248 characters"
"улучшить","60","src/content/errors/hardware-intel-wi-fi-adapter-not-detected.mdx","Intel Wi-Fi Adapter: не определяется системой","Оборудование","8","1247","6","272","4","no","body has only 8 non-empty lines; body has only 1247 characters"
"улучшить","60","src/content/errors/hardware-nvidia-gpu-disconnects-randomly.mdx","NVIDIA GPU: самопроизвольно отключается","Оборудование","8","1232","6","270","4","no","body has only 8 non-empty lines; body has only 1232 characters"
"улучшить","60","src/content/errors/hardware-nvidia-gpu-driver-error.mdx","NVIDIA GPU: ошибка драйвера","Оборудование","8","1220","6","279","4","no","body has only 8 non-empty lines; body has only 1220 characters"
"улучшить","60","src/content/errors/hardware-nvidia-gpu-firmware-update-failed.mdx","NVIDIA GPU: ошибка обновления прошивки","Оборудование","8","1231","6","273","4","no","body has only 8 non-empty lines; body has only 1231 characters"
"улучшить","60","src/content/errors/hardware-nvidia-gpu-low-performance.mdx","NVIDIA GPU: низкая производительность","Оборудование","8","1230","6","275","4","no","body has only 8 non-empty lines; body has only 1230 characters"
"улучшить","60","src/content/errors/hardware-nvidia-gpu-not-detected.mdx","NVIDIA GPU: не определяется системой","Оборудование","8","1229","6","271","4","no","body has only 8 non-empty lines; body has only 1229 characters"
"улучшить","60","src/content/errors/hardware-nvme-ssd-disconnects-randomly.mdx","NVMe SSD: самопроизвольно отключается","Оборудование","8","1228","6","269","4","no","body has only 8 non-empty lines; body has only 1228 characters"
"улучшить","60","src/content/errors/hardware-nvme-ssd-driver-error.mdx","NVMe SSD: ошибка драйвера","Оборудование","8","1216","6","278","4","no","body has only 8 non-empty lines; body has only 1216 characters"
"улучшить","60","src/content/errors/hardware-nvme-ssd-firmware-update-failed.mdx","NVMe SSD: ошибка обновления прошивки","Оборудование","8","1227","6","273","4","no","body has only 8 non-empty lines; body has only 1227 characters"
"улучшить","60","src/content/errors/hardware-nvme-ssd-low-performance.mdx","NVMe SSD: низкая производительность","Оборудование","8","1226","6","275","4","no","body has only 8 non-empty lines; body has only 1226 characters"
"улучшить","60","src/content/errors/hardware-nvme-ssd-not-detected.mdx","NVMe SSD: не определяется системой","Оборудование","8","1225","6","270","4","no","body has only 8 non-empty lines; body has only 1225 characters"
"улучшить","60","src/content/errors/hardware-usb-c-dock-disconnects-randomly.mdx","USB-C Dock: самопроизвольно отключается","Оборудование","8","1232","6","270","4","no","body has only 8 non-empty lines; body has only 1232 characters"
"улучшить","60","src/content/errors/hardware-usb-c-dock-driver-error.mdx","USB-C Dock: ошибка драйвера","Оборудование","8","1220","6","279","4","no","body has only 8 non-empty lines; body has only 1220 characters"
"улучшить","60","src/content/errors/hardware-usb-c-dock-low-performance.mdx","USB-C Dock: низкая производительность","Оборудование","8","1230","6","275","4","no","body has only 8 non-empty lines; body has only 1230 characters"
"улучшить","60","src/content/errors/hardware-usb-c-dock-not-detected.mdx","USB-C Dock: не определяется системой","Оборудование","8","1229","6","271","4","no","body has only 8 non-empty lines; body has only 1229 characters"
"улучшить","60","src/content/errors/hdd-medlenno-kopiruet-fayly.mdx","HDD: медленно копирует файлы — как исправить","Хранилища и файлы","8","1231","6","255","4","no","body has only 8 non-empty lines; body has only 1231 characters"
"улучшить","60","src/content/errors/hdd-ne-montiruetsya.mdx","HDD: не монтируется — как исправить","Хранилища и файлы","8","1222","6","255","4","no","body has only 8 non-empty lines; body has only 1222 characters"
"улучшить","60","src/content/errors/hdd-ne-opredelyaetsya.mdx","HDD: не определяется — как исправить","Хранилища и файлы","8","1223","6","255","4","no","body has only 8 non-empty lines; body has only 1223 characters"
"улучшить","60","src/content/errors/hdd-net-dostupa-k-papke.mdx","HDD: нет доступа к папке — как исправить","Хранилища и файлы","8","1227","6","255","4","no","body has only 8 non-empty lines; body has only 1227 characters"
"улучшить","60","src/content/errors/hdd-oshibka-vvoda-vyvoda.mdx","HDD: ошибка ввода вывода — как исправить","Хранилища и файлы","8","1227","6","255","4","no","body has only 8 non-empty lines; body has only 1227 characters"
"улучшить","60","src/content/errors/hdd-povrezhdena-faylovaya-sistema.mdx","HDD: повреждена файловая система — как исправить","Хранилища и файлы","8","1235","6","255","4","no","body has only 8 non-empty lines; body has only 1235 characters"
"улучшить","60","src/content/errors/hdd-prosit-formatirovat.mdx","HDD: просит форматировать — как исправить","Хранилища и файлы","8","1228","6","255","4","no","body has only 8 non-empty lines; body has only 1228 characters"
"улучшить","60","src/content/errors/hdmi-audio-hripit-zvuk.mdx","HDMI audio: хрипит звук — как исправить","Аудио и видео","8","1218","6","259","4","no","body has only 8 non-empty lines; body has only 1218 characters"
"улучшить","60","src/content/errors/hdmi-audio-mikrofon-ne-rabotaet.mdx","HDMI audio: микрофон не работает — как исправить","Аудио и видео","8","1227","6","259","4","no","body has only 8 non-empty lines; body has only 1227 characters"
"улучшить","60","src/content/errors/hdmi-audio-net-zvuka.mdx","HDMI audio: нет звука — как исправить","Аудио и видео","8","1216","6","259","4","no","body has only 8 non-empty lines; body has only 1216 characters"
"улучшить","60","src/content/errors/hp-printer-ne-pechataet.mdx","HP printer: не печатает — как исправить","Принтеры и сканеры","8","1216","6","261","4","no","body has only 8 non-empty lines; body has only 1216 characters"
"улучшить","60","src/content/errors/hp-printer-ne-skaniruet.mdx","HP printer: не сканирует — как исправить","Принтеры и сканеры","8","1217","6","261","4","no","body has only 8 non-empty lines; body has only 1217 characters"
"улучшить","60","src/content/errors/hp-printer-ne-vidit-kartridzh.mdx","HP printer: не видит картридж — как исправить","Принтеры и сканеры","8","1222","6","261","4","no","body has only 8 non-empty lines; body has only 1222 characters"
"улучшить","60","src/content/errors/hp-printer-pechataet-pustye-listy.mdx","HP printer: печатает пустые листы — как исправить","Принтеры и сканеры","8","1226","6","261","4","no","body has only 8 non-empty lines; body has only 1226 characters"
"улучшить","60","src/content/errors/hp-printer-zastryala-ochered.mdx","HP printer: застряла очередь — как исправить","Принтеры и сканеры","8","1221","6","261","4","no","body has only 8 non-empty lines; body has only 1221 characters"
"улучшить","60","src/content/errors/hyper-v-ne-rabotaet-obschiy-bufer.mdx","Hyper-V: не работает общий буфер — как исправить","Виртуализация","8","1243","6","260","4","no","body has only 8 non-empty lines; body has only 1243 characters"
"улучшить","60","src/content/errors/hyper-v-ne-zapuskaet-virtualnuyu-mashinu.mdx","Hyper-V: не запускает виртуальную машину — как исправить","Виртуализация","8","1251","6","260","4","no","body has only 8 non-empty lines; body has only 1251 characters"
"улучшить","60","src/content/errors/hyper-v-net-apparatnoy-virtualizatsii.mdx","Hyper-V: нет аппаратной виртуализации — как исправить","Виртуализация","8","1248","6","260","4","no","body has only 8 non-empty lines; body has only 1248 characters"
"улучшить","60","src/content/errors/hyper-v-nizkaya-proizvoditelnost.mdx","Hyper-V: низкая производительность — как исправить","Виртуализация","8","1245","6","262","4","no","body has only 8 non-empty lines; body has only 1245 characters"
"улучшить","60","src/content/errors/igry-black-screen-reshenie-problemy-chernogo-ekrana-logitech-klaviatury.mdx","Решение проблемы черного экрана Logitech клавиатуры","Игры","8","1253","6","264","4","no","body has only 8 non-empty lines; body has only 1253 characters"
"улучшить","60","src/content/errors/igry-geimpad-ne-rabotaet-v-igre-na-pk-polnoe-rukovodstvo-po-resheniyu-problem.mdx","Геймпад не работает в игре на ПК: полное руководство по решению проблем","Игры","8","1254","6","326","4","no","body has only 8 non-empty lines; body has only 1254 characters"
"улучшить","60","src/content/errors/igry-gfx-opengl-001-kak-ispravit-problemu-s-nerabotayuschei-grafikoi-opengl-v-igrah.mdx","Как исправить проблему с неработающей графикой OpenGL в играх","Игры","8","1273","6","271","4","no","body has only 8 non-empty lines; body has only 1273 characters"
"улучшить","60","src/content/errors/igry-nvidia-driver-init-failed-nvapi-access-denied-kak-ispravit-oshibku-initsializatsii-draivera.mdx","Как исправить ошибку инициализации драйвера NVIDIA и проблемы с играми","Игры","8","1291","6","729","4","no","body has only 8 non-empty lines; body has only 1291 characters"
"улучшить","60","src/content/errors/igry-nvidia-vram-out-of-memory-kak-ispravit-oshibku-nedostatochno-videopamyati-dlya-videokart-nv.mdx","Как исправить ошибку «Недостаточно видеопамяти» для видеокарт NVIDIA","Игры","8","1287","6","1178","4","no","body has only 8 non-empty lines; body has only 1287 characters"
"улучшить","60","src/content/errors/igry-opengl-fps-low-old-games-kak-uluchshit-proizvoditelnost-opengl-v-staryh-igrah-s-pomoschyu-p.mdx","Как улучшить производительность OpenGL в старых играх с помощью патчей","Игры","8","1291","6","334","4","no","body has only 8 non-empty lines; body has only 1291 characters"
"улучшить","60","src/content/errors/igry-rimworld-crash-fix-latest-kak-ustranit-vylety-rimworld-poshagovoe-rukovodstvo.mdx","Как устранить вылеты RimWorld: пошаговое руководство","Игры","8","1232","6","260","4","no","body has only 8 non-empty lines; body has only 1232 characters"
"улучшить","60","src/content/errors/igry-rimworld-crash-on-startup-rimworld-zavisaet-na-etape-initsializatsii-ili-vydaet-chernyi-ekr.mdx","RimWorld зависает на этапе инициализации или выдает черный экран при запуске: решение проблемы","Игры","8","1321","6","272","4","no","body has only 8 non-empty lines; body has only 1321 characters"
"улучшить","60","src/content/errors/igry-rimworld-failed-to-start-ispravlenie-oshibki-zapuska-rimworld.mdx","Исправление ошибки запуска RimWorld","Игры","8","1221","6","283","4","no","body has only 8 non-empty lines; body has only 1221 characters"
"улучшить","60","src/content/errors/igry-rimworld-mod-errors-ustranenie-oshibok-i-sboev-v-rimworld-svyazannyh-s-modami.mdx","Устранение ошибок и сбоев в RimWorld, связанных с модами","Игры","8","1263","6","259","4","no","body has only 8 non-empty lines; body has only 1263 characters"
"улучшить","60","src/content/errors/igry-satisfactory-crash-1-1-ustranenie-sboev-i-vyletov-v-igre-satisfactory-posle-obnovleniya-1-1.mdx","Устранение сбоев и вылетов в игре Satisfactory после обновления 1.1","Игры","8","1285","6","270","4","no","body has only 8 non-empty lines; body has only 1285 characters"
"улучшить","60","src/content/errors/igry-satisfactory-launch-crash-error-satisfactory-vyletaet-ili-ne-zapuskaetsya-kak-ispravit-oshi.mdx","Satisfactory вылетает или не запускается: как исправить ошибки запуска","Игры","8","1261","6","260","4","no","body has only 8 non-empty lines; body has only 1261 characters"
"улучшить","60","src/content/errors/igry-satisfactory-launch-error-after-update-satisfactory-ne-zapuskaetsya-posle-obnovleniya-kak-i.mdx","Satisfactory не запускается после обновления: как исправить ошибку","Игры","8","1261","6","265","4","no","body has only 8 non-empty lines; body has only 1261 characters"
"улучшить","60","src/content/errors/igry-ustranenie-obschih-tehnicheskih-problem-v-igrah-s-pomoschyu-patchei.mdx","Устранение общих технических проблем в играх с помощью патчей","Игры","8","1273","6","256","4","no","body has only 8 non-empty lines; body has only 1273 characters"
"улучшить","60","src/content/errors/illustrator-chernyy-ekran.mdx","Illustrator: черный экран — как исправить","Дизайн и графика","8","1227","6","262","4","no","body has only 8 non-empty lines; body has only 1227 characters"
"улучшить","60","src/content/errors/illustrator-ne-otobrazhayutsya-shrifty.mdx","Illustrator: не отображаются шрифты — как исправить","Дизайн и графика","8","1237","6","262","4","no","body has only 8 non-empty lines; body has only 1237 characters"
"улучшить","60","src/content/errors/illustrator-ne-sohranyaet-fayl.mdx","Illustrator: не сохраняет файл — как исправить","Дизайн и графика","8","1232","6","262","4","no","body has only 8 non-empty lines; body has only 1232 characters"
"улучшить","60","src/content/errors/illustrator-ne-zapuskaetsya.mdx","Illustrator: не запускается — как исправить","Дизайн и графика","8","1229","6","262","4","no","body has only 8 non-empty lines; body has only 1229 characters"
"улучшить","60","src/content/errors/illustrator-vyletaet-pri-eksporte.mdx","Illustrator: вылетает при экспорте — как исправить","Дизайн и графика","8","1236","6","262","4","no","body has only 8 non-empty lines; body has only 1236 characters"
"улучшить","60","src/content/errors/ipad-ne-prihodyat-uvedomleniya.mdx","iPad: не приходят уведомления — как исправить","Мобильные устройства","8","1228","6","258","4","no","body has only 8 non-empty lines; body has only 1228 characters"
"улучшить","60","src/content/errors/ipad-ne-rabotaet-sinhronizatsiya.mdx","iPad: не работает синхронизация — как исправить","Мобильные устройства","8","1230","6","258","4","no","body has only 8 non-empty lines; body has only 1230 characters"
"улучшить","60","src/content/errors/ipad-ne-ustanavlivaetsya-prilozhenie.mdx","iPad: не устанавливается приложение — как исправить","Мобильные устройства","8","1234","6","258","4","no","body has only 8 non-empty lines; body has only 1234 characters"
"улучшить","60","src/content/errors/ipad-oshibka-avtorizatsii.mdx","iPad: ошибка авторизации — как исправить","Мобильные устройства","8","1223","6","258","4","no","body has only 8 non-empty lines; body has only 1223 characters"
"улучшить","60","src/content/errors/iphone-bystro-razryazhaetsya-batareya.mdx","iPhone: быстро разряжается батарея — как исправить","Мобильные устройства","8","1235","6","259","4","no","body has only 8 non-empty lines; body has only 1235 characters"
"улучшить","60","src/content/errors/iphone-ne-prihodyat-uvedomleniya.mdx","iPhone: не приходят уведомления — как исправить","Мобильные устройства","8","1232","6","259","4","no","body has only 8 non-empty lines; body has only 1232 characters"
"улучшить","60","src/content/errors/iphone-ne-rabotaet-kamera.mdx","iPhone: не работает камера — как исправить","Мобильные устройства","8","1227","6","259","4","no","body has only 8 non-empty lines; body has only 1227 characters"
"улучшить","60","src/content/errors/iphone-ne-rabotaet-sinhronizatsiya.mdx","iPhone: не работает синхронизация — как исправить","Мобильные устройства","8","1234","6","259","4","no","body has only 8 non-empty lines; body has only 1234 characters"
"улучшить","60","src/content/errors/iphone-ne-ustanavlivaetsya-prilozhenie.mdx","iPhone: не устанавливается приложение — как исправить","Мобильные устройства","8","1238","6","259","4","no","body has only 8 non-empty lines; body has only 1238 characters"
"улучшить","60","src/content/errors/iphone-oshibka-avtorizatsii.mdx","iPhone: ошибка авторизации — как исправить","Мобильные устройства","8","1227","6","259","4","no","body has only 8 non-empty lines; body has only 1227 characters"
"улучшить","60","src/content/errors/iphone-zavisaet-obnovlenie.mdx","iPhone: зависает обновление — как исправить","Мобильные устройства","8","1228","6","259","4","no","body has only 8 non-empty lines; body has only 1228 characters"
"улучшить","60","src/content/errors/java-jdk-not-found-fix.mdx","Java/JDK не найдена: настройка JAVA_HOME","Программирование","8","1238","6","249","4","no","body has only 8 non-empty lines; body has only 1238 characters"
"улучшить","60","src/content/errors/konditsioner-ne-holodit-prichiny-i-kak-ispravit.mdx","Кондиционер не холодит: причины и способы устранения","Кондиционеры и обогрев","8","1304","6","208","4","no","body has only 8 non-empty lines; body has only 1304 characters"
"улучшить","60","src/content/errors/kubernetes-crashloopbackoff-fix.mdx","Kubernetes Pod CrashLoopBackOff: как исправить бесконечный перезапуск","DevOps и облака","8","1275","6","251","4","no","body has only 8 non-empty lines; body has only 1275 characters"
"улучшить","60","src/content/errors/lg-microwave-iskrit-vnutri.mdx","LG microwave: искрит внутри — как исправить","Микроволновки и духовки","8","1289","6","207","4","no","body has only 8 non-empty lines; body has only 1289 characters"
"улучшить","60","src/content/errors/lg-microwave-ne-greet.mdx","LG microwave: не греет — как исправить","Микроволновки и духовки","8","1279","6","205","4","no","body has only 8 non-empty lines; body has only 1279 characters"
"улучшить","60","src/content/errors/lg-microwave-ne-krutitsya-tarelka.mdx","LG microwave: не крутится тарелка — как исправить","Микроволновки и духовки","8","1295","6","207","4","no","body has only 8 non-empty lines; body has only 1295 characters"
"улучшить","60","src/content/errors/lg-microwave-ne-rabotaet-gril.mdx","LG microwave: не работает гриль — как исправить","Микроволновки и духовки","8","1293","6","207","4","no","body has only 8 non-empty lines; body has only 1293 characters"
"улучшить","60","src/content/errors/lg-microwave-ne-vklyuchaetsya.mdx","LG microwave: не включается — как исправить","Микроволновки и духовки","8","1289","6","207","4","no","body has only 8 non-empty lines; body has only 1289 characters"
"улучшить","60","src/content/errors/lg-microwave-pokazyvaet-kod-oshibki.mdx","LG microwave: показывает код ошибки — как исправить","Микроволновки и духовки","8","1305","6","209","4","no","body has only 8 non-empty lines; body has only 1305 characters"
"улучшить","60","src/content/errors/lg-refrigerator-ne-morozit.mdx","LG refrigerator: не морозит — как исправить","Холодильники","8","1307","6","210","4","no","body has only 8 non-empty lines; body has only 1307 characters"
"улучшить","60","src/content/errors/lg-refrigerator-ne-otklyuchaetsya-kompressor.mdx","LG refrigerator: не отключается компрессор — как исправить","Холодильники","8","1322","6","210","4","no","body has only 8 non-empty lines; body has only 1322 characters"
"улучшить","60","src/content/errors/lg-refrigerator-pischit-signal.mdx","LG refrigerator: пищит сигнал — как исправить","Холодильники","8","1309","6","210","4","no","body has only 8 non-empty lines; body has only 1309 characters"
"улучшить","60","src/content/errors/lg-refrigerator-pokazyvaet-oshibku-datchika.mdx","LG refrigerator: показывает ошибку датчика — как исправить","Холодильники","8","1322","6","210","4","no","body has only 8 non-empty lines; body has only 1322 characters"
"улучшить","60","src/content/errors/lg-refrigerator-silno-shumit.mdx","LG refrigerator: сильно шумит — как исправить","Холодильники","8","1301","6","208","4","no","body has only 8 non-empty lines; body has only 1301 characters"
"улучшить","60","src/content/errors/lg-refrigerator-techet-voda.mdx","LG refrigerator: течет вода — как исправить","Холодильники","8","1307","6","210","4","no","body has only 8 non-empty lines; body has only 1307 characters"
"улучшить","60","src/content/errors/lg-tv-ne-rabotaet-pult.mdx","LG TV: не работает пульт — как исправить","Телевизоры и аудио","8","1316","6","208","4","no","body has only 8 non-empty lines; body has only 1316 characters"
"улучшить","60","src/content/errors/lg-tv-net-izobrazheniya.mdx","LG TV: нет изображения — как исправить","Телевизоры и аудио","8","1314","6","208","4","no","body has only 8 non-empty lines; body has only 1314 characters"
"улучшить","60","src/content/errors/lg-tv-net-zvuka.mdx","LG TV: нет звука — как исправить","Телевизоры и аудио","8","1308","6","208","4","no","body has only 8 non-empty lines; body has only 1308 characters"
"улучшить","60","src/content/errors/lg-washing-machine-ne-nabiraet-vodu.mdx","LG washing machine: не набирает воду — как исправить","Стиральные машины","8","1295","6","206","4","no","body has only 8 non-empty lines; body has only 1295 characters"
"улучшить","60","src/content/errors/lg-washing-machine-ne-otzhimaet.mdx","LG washing machine: не отжимает — как исправить","Стиральные машины","8","1290","6","206","4","no","body has only 8 non-empty lines; body has only 1290 characters"
"улучшить","60","src/content/errors/lg-washing-machine-ne-slivaet-vodu.mdx","LG washing machine: не сливает воду — как исправить","Стиральные машины","8","1296","6","206","4","no","body has only 8 non-empty lines; body has only 1296 characters"
"улучшить","60","src/content/errors/lg-washing-machine-oshibka-dvertsy.mdx","LG washing machine: ошибка дверцы — как исправить","Стиральные машины","8","1292","6","206","4","no","body has only 8 non-empty lines; body has only 1292 characters"
"улучшить","60","src/content/errors/lg-washing-machine-pokazyvaet-kod-oshibki.mdx","LG washing machine: показывает код ошибки — как исправить","Стиральные машины","8","1308","6","208","4","no","body has only 8 non-empty lines; body has only 1308 characters"
"улучшить","60","src/content/errors/lg-washing-machine-silno-vibriruet.mdx","LG washing machine: сильно вибрирует — как исправить","Стиральные машины","8","1295","6","206","4","no","body has only 8 non-empty lines; body has only 1295 characters"
"улучшить","60","src/content/errors/linux-app-damaged-fix-ustranenie-oshibki-povrezhdennogo-prilozheniya-v-fedora-linux.mdx","Устранение ошибки поврежденного приложения в Fedora Linux","Linux","8","1277","6","255","4","no","body has only 8 non-empty lines; body has only 1277 characters"
"улучшить","60","src/content/errors/linux-application-damaged-fedora-kak-ispravit-oshibku-prilozhenie-povrezhdeno-v-fedora-linux.mdx","Устранение ошибки «Приложение повреждено» в Fedora Linux","Linux","8","1275","6","285","4","no","body has only 8 non-empty lines; body has only 1275 characters"
"улучшить","60","src/content/errors/linux-apt-package-error-kak-ispravit-oshibki-pri-rabote-s-paketami-v-debian-i-linux-sistemah.mdx","Как исправить ошибки при работе с пакетами в Debian и Linux-системах","Linux","8","1299","6","257","4","no","body has only 8 non-empty lines; body has only 1299 characters"
"улучшить","60","src/content/errors/linux-arch-boot-failure-diagnostika-i-ustranenie-problem-pri-zagruzke-arch-linux.mdx","Как устранить ошибки загрузки в Arch Linux","Linux","8","1247","6","252","4","no","body has only 8 non-empty lines; body has only 1247 characters"
"улучшить","60","src/content/errors/linux-arch-cmd-not-found-ispravlenie-oshibki-command-not-found-v-arch-linux.mdx","Исправление ошибки «command not found» в Manjaro Linux","Linux","8","1271","6","269","4","no","body has only 8 non-empty lines; body has only 1271 characters"
"улучшить","60","src/content/errors/linux-arch-generic-troubleshooting-ustranenie-tipichnyh-problem-i-oshibok-v-arch-linux.mdx","Устранение типичных проблем и ошибок в Arch Linux","Linux","8","1261","6","251","4","no","body has only 8 non-empty lines; body has only 1261 characters"
"улучшить","60","src/content/errors/linux-arch-linux-boot-failure-post-update-chto-delat-esli-arch-linux-perestal-zagruzhatsya-posle.mdx","Что делать, если Arch Linux перестал загружаться после обновления","Linux","8","1293","6","257","4","no","body has only 8 non-empty lines; body has only 1293 characters"
"улучшить","60","src/content/errors/linux-arch-linux-boot-failure-ustranenie-oshibok-zagruzki-v-arch-linux.mdx","Устранение ошибок загрузки в Arch Linux","Linux","8","1241","6","253","4","no","body has only 8 non-empty lines; body has only 1241 characters"
"улучшить","60","src/content/errors/linux-arch-linux-package-error-ustranenie-oshibok-raboty-s-paketami-v-arch-linux.mdx","Устранение ошибок работы с пакетами в Arch Linux","Linux","8","1259","6","255","4","no","body has only 8 non-empty lines; body has only 1259 characters"
"улучшить","60","src/content/errors/linux-arch-linux-system-errors-kak-ustranit-oshibki-v-rabote-arch-linux.mdx","Как самостоятельно диагностировать и исправить ошибки в Arch Linux","Linux","8","1295","6","254","4","no","body has only 8 non-empty lines; body has only 1295 characters"
"улучшить","60","src/content/errors/linux-arch-package-error-ustranenie-oshibok-paketov-v-arch-linux.mdx","Устранение ошибок пакетов в Arch Linux","Linux","8","1239","6","251","4","no","body has only 8 non-empty lines; body has only 1239 characters"
"улучшить","60","src/content/errors/linux-archlinuxbooterror-diagnostika-problem-s-operativnoi-pamyatyu-pri-oshibkah-zagruzki-arch-l.mdx","Диагностика проблем с оперативной памятью при ошибках загрузки Arch Linux","Linux","8","1309","6","332","4","no","body has only 8 non-empty lines; body has only 1309 characters"
"улучшить","60","src/content/errors/linux-boot-and-env-path-error-ustranenie-oshibki-zagruzki-manjaro-i-problem-s-peremennymi-okruzh.mdx","Устранение ошибки загрузки Manjaro и проблем с переменными окружения","Linux","8","1299","6","293","4","no","body has only 8 non-empty lines; body has only 1299 characters"
"улучшить","60","src/content/errors/linux-boot-error-debian-kak-ispravit-oshibki-zagruzki-v-debian-i-osnovannyh-na-nem-distributivah.mdx","Как исправить ошибки загрузки в Debian и основанных на нем дистрибутивах","Linux","8","1307","6","258","4","no","body has only 8 non-empty lines; body has only 1307 characters"
"улучшить","60","src/content/errors/linux-boot-failure-debian-ustranenie-problem-s-zagruzkoi-v-debian-i-osnovannyh-na-nem-distributi.mdx","Устранение проблем с загрузкой в Debian и основанных на нем дистрибутивах","Linux","8","1309","6","261","4","no","body has only 8 non-empty lines; body has only 1309 characters"
"улучшить","60","src/content/errors/linux-boot-failure-ustranenie-problem-s-zagruzkoi-v-arch-linux.mdx","Устранение проблем с загрузкой в Arch Linux","Linux","8","1249","6","260","4","no","body has only 8 non-empty lines; body has only 1249 characters"
"улучшить","60","src/content/errors/linux-brew-debian-compatibility-error-ustranenie-oshibok-homebrew-v-debian-podobnyh-sistemah.mdx","Устранение ошибок Homebrew в Debian-подобных системах","Linux","8","1269","6","256","4","no","body has only 8 non-empty lines; body has only 1269 characters"
"улучшить","60","src/content/errors/linux-brew-error-arch-ustranenie-problem-s-homebrew-v-arch-linux.mdx","Устранение проблем с Homebrew в Arch Linux","Linux","8","1247","6","255","4","no","body has only 8 non-empty lines; body has only 1247 characters"
"улучшить","60","src/content/errors/linux-brew-error-ubuntu-kak-ispravit-oshibki-homebrew-brew-na-ubuntu.mdx","Как исправить ошибки Homebrew (Brew) на Ubuntu","Linux","8","1255","6","283","4","no","body has only 8 non-empty lines; body has only 1255 characters"
"улучшить","60","src/content/errors/linux-cargo-binstall-dns-manjaro-ustranenie-problem-s-setevymi-zaprosami-cargo-binstall-v-manjar.mdx","Устранение проблем с сетевыми запросами cargo-binstall в Manjaro Linux из-за ошибок DNS","Linux","8","1337","6","273","4","no","body has only 8 non-empty lines; body has only 1337 characters"
"улучшить","60","src/content/errors/linux-command-not-found-kak-ispravit-oshibku-command-not-found-v-debian.mdx","Исправление ошибки «command not found» в Fedora Linux","Linux","8","1269","6","271","4","no","body has only 8 non-empty lines; body has only 1269 characters"
"улучшить","60","src/content/errors/linux-command-not-found-kak-ispravit-oshibku-command-not-found-v-manjaro-linux.mdx","Как исправить ошибку «command not found» в Fedora","Linux","8","1261","6","270","4","no","body has only 8 non-empty lines; body has only 1261 characters"
"улучшить","60","src/content/errors/linux-command-not-found-ubuntu-ispravlenie-oshibki-command-not-found-v-ubuntu.mdx","Как исправить ошибку 'command not found' в Ubuntu","Linux","8","1261","6","261","4","no","body has only 8 non-empty lines; body has only 1261 characters"
"улучшить","60","src/content/errors/linux-deb-pkg-err-ustranenie-oshibok-ustanovki-i-obnovleniya-paketov-v-debian.mdx","Устранение ошибок установки и обновления пакетов в Debian","Linux","8","1277","6","256","4","no","body has only 8 non-empty lines; body has only 1277 characters"
"улучшить","60","src/content/errors/linux-deb-pkg-error-kak-ispravit-oshibki-pri-rabote-s-paketami-v-debian.mdx","Как исправить ошибки при работе с пакетами в Debian","Linux","8","1265","6","254","4","no","body has only 8 non-empty lines; body has only 1265 characters"
"улучшить","60","src/content/errors/linux-debian-acpi-sata-boot-errors-ispravlenie-oshibok-acpi-i-sata-pri-zagruzke-debian-13.mdx","Исправление ошибок ACPI и SATA при загрузке Debian 13","Linux","8","1269","6","303","4","no","body has only 8 non-empty lines; body has only 1269 characters"
"улучшить","60","src/content/errors/linux-debian-boot-error-fix-ispravlenie-oshibki-zagruzki-debian-posle-zameny-diska-ili-sboya-uef.mdx","Исправление ошибки загрузки Debian после замены диска или сбоя UEFI","Linux","8","1297","6","290","4","no","body has only 8 non-empty lines; body has only 1297 characters"
"улучшить","60","src/content/errors/linux-debian-build-packaging-error-001-ustranenie-tipichnyh-oshibok-pri-sborke-i-ustanovke-progr.mdx","Устранение типичных ошибок при сборке и установке программ на Debian (проблемы сборки и Homebrew-подобных систем)","Linux","8","1389","6","274","4","no","body has only 8 non-empty lines; body has only 1389 characters"
"улучшить","60","src/content/errors/linux-debian-systemd-issue-reshenie-problem-s-systemd-v-debian.mdx","Решение проблем с systemd в Debian","Linux","8","1231","6","264","4","no","body has only 8 non-empty lines; body has only 1231 characters"
"улучшить","60","src/content/errors/linux-dnf-package-error-ustranenie-problem-s-paketami-v-fedora-linux.mdx","Устранение проблем с установкой и обновлением пакетов в Fedora","Linux","8","1287","6","260","4","no","body has only 8 non-empty lines; body has only 1287 characters"
"улучшить","60","src/content/errors/linux-failed-start-gdm-service-ispravlyaem-oshibku-failed-to-start-gdm-service-pri-zagruzke-ubun.mdx","Исправляем ошибку «Failed to start gdm.service» при загрузке Ubuntu","Linux","8","1297","6","270","4","no","body has only 8 non-empty lines; body has only 1297 characters"
"улучшить","60","src/content/errors/linux-fedora-boot-error-kak-ispravit-oshibku-zagruzki-fedora.mdx","Как исправить ошибку загрузки Fedora","Linux","8","1235","6","260","4","no","body has only 8 non-empty lines; body has only 1235 characters"
"улучшить","60","src/content/errors/linux-fedora-boot-failure-after-update-chto-delat-esli-fedora-linux-ne-zagruzhaetsya-posle-obnov.mdx","Что делать, если Fedora Linux не загружается после обновления","Linux","8","1285","6","256","4","no","body has only 8 non-empty lines; body has only 1285 characters"
"улучшить","60","src/content/errors/linux-fedora-boot-failure-kak-ispravit-oshibki-zagruzki-v-fedora-linux.mdx","Как исправить ошибки загрузки в Fedora Linux","Linux","8","1251","6","260","4","no","body has only 8 non-empty lines; body has only 1251 characters"
"улучшить","60","src/content/errors/linux-fedora-boot-failure-post-update-chto-delat-esli-fedora-linux-ne-zapuskaetsya-posle-obnovle.mdx","Что делать, если Fedora Linux не запускается после обновления","Linux","8","1285","6","260","4","no","body has only 8 non-empty lines; body has only 1285 characters"
"улучшить","60","src/content/errors/linux-fedora-failed-to-start-service-ustranenie-oshibki-fedora-ne-mozhet-zapustit-sluzhbu.mdx","Устранение ошибки: Fedora не может запустить службу","Linux","8","1231","6","253","4","no","body has only 8 non-empty lines; body has only 1231 characters"
"улучшить","60","src/content/errors/linux-fedora-gui-wayland-issues-ustranenie-nepoladok-s-graficheskim-interfeisom-v-fedora.mdx","Устранение неполадок с графическим интерфейсом в Fedora","Linux","8","1273","6","263","4","no","body has only 8 non-empty lines; body has only 1273 characters"
"улучшить","60","src/content/errors/linux-fedora-kernel-crash-ustranenie-oshibok-yadra-kernel-error-v-fedora-linux.mdx","Устранение ошибок ядра (Kernel Error) в Fedora Linux","Linux","8","1267","6","258","4","no","body has only 8 non-empty lines; body has only 1267 characters"
"улучшить","60","src/content/errors/linux-fedora-kernel-error-ustranenie-problem-s-yadrom-v-fedora-linux.mdx","Устранение проблем с ядром в Fedora Linux","Linux","8","1245","6","257","4","no","body has only 8 non-empty lines; body has only 1245 characters"
"улучшить","60","src/content/errors/linux-fedora-package-error-ustranenie-problem-s-paketami-v-fedora.mdx","Устранение проблем с пакетами в Fedora","Linux","8","1239","6","252","4","no","body has only 8 non-empty lines; body has only 1239 characters"
"улучшить","60","src/content/errors/linux-fedora-package-manager-error-ustranenie-oshibok-raboty-s-repozitoriyami-v-fedora.mdx","Устранение ошибок работы с репозиториями в Fedora","Linux","8","1261","6","257","4","no","body has only 8 non-empty lines; body has only 1261 characters"
"улучшить","60","src/content/errors/linux-fedora-selinux-app-damaged-ispravlenie-oshibki-povrezhdennogo-prilozheniya-na-fedora-svyaz.mdx","Исправление ошибки 'поврежденного' приложения на Fedora, связанной с SELinux (MAC)","Linux","8","1327","6","272","4","no","body has only 8 non-empty lines; body has only 1327 characters"
"улучшить","60","src/content/errors/linux-fedora-wayland-issue-ustranenie-problem-s-graficheskim-serverom-wayland-v-fedora.mdx","Устранение проблем с графическим сервером Wayland в Fedora","Linux","8","1279","6","260","4","no","body has only 8 non-empty lines; body has only 1279 characters"
"улучшить","60","src/content/errors/linux-fedora-wayland-issues-ustranenie-problem-s-graficheskim-interfeisom-v-fedora-wayland.mdx","Устранение проблем с графическим интерфейсом в Fedora (Wayland)","Linux","8","1289","6","260","4","no","body has only 8 non-empty lines; body has only 1289 characters"
"улучшить","60","src/content/errors/linux-kak-ispravit-oshibki-ili-izmenit-nastroiki-paketov-v-debian-s-pomoschyu-debconf.mdx","Как исправить ошибки или изменить настройки пакетов в Debian с помощью Debconf","Linux","8","1319","6","273","4","no","body has only 8 non-empty lines; body has only 1319 characters"
"улучшить","60","src/content/errors/linux-kernel-panic-arch-linux-ustranenie-kriticheskih-oshibok-yadra-v-arch-linux.mdx","Устранение критических ошибок ядра в Arch Linux","Linux","8","1257","6","251","4","no","body has only 8 non-empty lines; body has only 1257 characters"
"улучшить","60","src/content/errors/linux-kernel-panic-debian-ustranenie-oshibok-yadra-kernel-v-debian-i-proizvodnyh-distributivah.mdx","Устранение ошибок ядра (Kernel) в Debian и производных дистрибутивах","Linux","8","1299","6","261","4","no","body has only 8 non-empty lines; body has only 1299 characters"
"улучшить","60","src/content/errors/linux-kernel-panic-fedora-kak-ustranit-oshibki-yadra-linux-v-fedora.mdx","Устранение ошибок ядра в Fedora Linux","Linux","8","1237","6","252","4","no","body has only 8 non-empty lines; body has only 1237 characters"
"улучшить","60","src/content/errors/linux-kernel-panic-not-syncing-vfs-unable-to-mount-root-fs-on-unknown-block-0-0-kak-ispravit-osh.mdx","Исправление ошибки Kernel Panic при загрузке Ubuntu после обновления ядра","Linux","8","1309","6","278","4","no","body has only 8 non-empty lines; body has only 1309 characters"
"улучшить","60","src/content/errors/linux-linux-boot-failure-ustranenie-problem-s-zagruzkoi-debian-i-linux-sistem.mdx","Устранение проблем с загрузкой Debian и Linux-систем","Linux","8","1267","6","256","4","no","body has only 8 non-empty lines; body has only 1267 characters"
"улучшить","60","src/content/errors/linux-linux-kernel-drm-error-kak-ustranit-oshibki-yadra-i-graficheskogo-podsistemy-drm-v-ubuntu.mdx","Как устранить ошибки ядра и графического подсистемы (DRM) в Ubuntu","Linux","8","1295","6","257","4","no","body has only 8 non-empty lines; body has only 1295 characters"
"улучшить","60","src/content/errors/linux-mac-app-damaged-fix-debian-ispravlenie-oshibki-mac-app-damaged-v-debian.mdx","Исправление ошибки ""mac app damaged"" в Debian","Linux","8","1253","6","271","4","no","body has only 8 non-empty lines; body has only 1253 characters"
"улучшить","60","src/content/errors/linux-manjaro-boot-env-error-ustranenie-problem-s-zagruzkoi-i-okruzheniem-v-manjaro-linux.mdx","Исправление ошибки запуска Manjaro: проблемы с загрузкой и окружением","Linux","8","1266","6","274","4","no","body has only 8 non-empty lines; body has only 1266 characters"
"улучшить","60","src/content/errors/linux-manjaro-service-network-fail-ustranenie-problem-s-zapuskom-sluzhb-i-setevymi-oshibkami-v-m.mdx","Устранение проблем с запуском служб и сетевыми ошибками в Manjaro Linux","Linux","8","1305","6","264","4","no","body has only 8 non-empty lines; body has only 1305 characters"
"улучшить","60","src/content/errors/linux-manjaro-service-start-failure-kak-ispravit-problemu-s-zapuskom-sluzhb-v-manjaro-linux.mdx","Как исправить проблему с запуском служб в Manjaro Linux","Linux","8","1273","6","257","4","no","body has only 8 non-empty lines; body has only 1273 characters"
"улучшить","60","src/content/errors/linux-missing-required-command-ustranenie-oshibki-missing-required-command-pri-ustanovke-po-v-li.mdx","Устранение ошибки «Missing required command» при установке ПО в Linux и macOS","Linux","8","1317","6","276","4","no","body has only 8 non-empty lines; body has only 1317 characters"
"улучшить","60","src/content/errors/linux-permission-denied-kak-ispravit-oshibku-permission-denied-v-debian.mdx","Как исправить ошибку «Permission denied» в Debian","Linux","8","1261","6","275","4","no","body has only 8 non-empty lines; body has only 1261 characters"
"улучшить","60","src/content/errors/linux-permission-denied-ubuntu-ispravlenie-oshibki-permission-denied-v-ubuntu.mdx","Исправление ошибки «Permission denied» в Ubuntu","Linux","8","1257","6","275","4","no","body has only 8 non-empty lines; body has only 1257 characters"
"улучшить","60","src/content/errors/linux-service-fail-to-start-on-boot-ispravlenie-zapuska-servisov-v-debian-pri-zagruzke-sistemy.mdx","Исправление запуска сервисов в Debian при загрузке системы","Linux","8","1279","6","279","4","no","body has only 8 non-empty lines; body has only 1279 characters"
"улучшить","60","src/content/errors/linux-service-start-failure-ustranenie-oshibok-zapuska-sluzhb-v-arch-linux.mdx","Устранение ошибок запуска служб в Arch Linux","Linux","8","1251","6","256","4","no","body has only 8 non-empty lines; body has only 1251 characters"
"улучшить","60","src/content/errors/linux-service-start-failure-ustranenie-oshibok-zapuska-sluzhb-v-debian.mdx","Устранение ошибок запуска служб в Debian","Linux","8","1243","6","257","4","no","body has only 8 non-empty lines; body has only 1243 characters"
"улучшить","60","src/content/errors/linux-service-start-failure-ustranenie-oshibok-zapuska-sluzhb-v-ubuntu.mdx","Устранение ошибок запуска служб в Ubuntu","Linux","8","1243","6","258","4","no","body has only 8 non-empty lines; body has only 1243 characters"
"улучшить","60","src/content/errors/linux-system-program-error-kak-ispravit-oshibku-obnaruzhena-oshibka-v-sistemnoi-programme-v-ubun.mdx","Как исправить ошибку «Обнаружена ошибка в системной программе» в Ubuntu","Linux","8","1305","6","270","4","no","body has only 8 non-empty lines; body has only 1305 characters"
"улучшить","60","src/content/errors/linux-systemd-service-fail-ustranenie-oshibki-zapuska-sistemnyh-sluzhb-v-arch-linux.mdx","Устранение ошибки запуска служб в Arch Linux","Linux","8","1251","6","258","4","no","body has only 8 non-empty lines; body has only 1251 characters"
"улучшить","60","src/content/errors/linux-ubuntu-boot-error-fix-ispravlenie-oshibok-zagruzki-ubuntu.mdx","Исправление ошибок загрузки Ubuntu","Linux","8","1231","6","257","4","no","body has only 8 non-empty lines; body has only 1231 characters"
"улучшить","60","src/content/errors/linux-ubuntu-boot-error-kak-ispravit-oshibku-zagruzki-ubuntu.mdx","Как исправить ошибку загрузки Ubuntu","Linux","8","1235","6","400","4","no","body has only 8 non-empty lines; body has only 1235 characters"
"улучшить","60","src/content/errors/linux-ubuntu-boot-failure-after-update-ubuntu-ne-zagruzhaetsya-posle-obnovleniya-ustranyaem-prob.mdx","Ubuntu не загружается после обновления: устраняем проблему","Linux","8","1259","6","268","4","no","body has only 8 non-empty lines; body has only 1259 characters"
"улучшить","60","src/content/errors/linux-ubuntu-brew-build-error-ispravlenie-oshibki-sborki-v-ubuntu-pri-ispolzovanii-homebrew.mdx","Исправление ошибки сборки в Ubuntu при использовании Homebrew","Linux","8","1285","6","422","4","no","body has only 8 non-empty lines; body has only 1285 characters"
"улучшить","60","src/content/errors/linux-ubuntu-command-not-found-kak-ispravit-oshibku-command-not-found-v-ubuntu.mdx","Как исправить ошибку ""command not found"" в Ubuntu","Linux","8","1261","6","684","4","no","body has only 8 non-empty lines; body has only 1261 characters"
"улучшить","60","src/content/errors/linux-ubuntu-kernel-error-ustranenie-oshibok-yadra-linux-rukovodstvo-po-ustraneniyu-nepoladok.mdx","Устранение ошибок ядра Linux: руководство по устранению неполадок","Linux","8","1256","6","252","4","no","body has only 8 non-empty lines; body has only 1256 characters"
"улучшить","60","src/content/errors/linux-ubuntu-package-error-fix-kak-ispravit-oshibki-zavisimostei-i-povrezhdennoi-sistemy-paketov.mdx","Как исправить ошибки зависимостей и поврежденной системы пакетов в Ubuntu","Linux","8","1309","6","270","4","no","body has only 8 non-empty lines; body has only 1309 characters"
"улучшить","60","src/content/errors/linux-ubuntu-permission-denied-kak-ispravit-oshibku-permission-denied-v-ubuntu.mdx","Как исправить ошибку 'Permission denied' в Ubuntu","Linux","8","1261","6","275","4","no","body has only 8 non-empty lines; body has only 1261 characters"
"улучшить","60","src/content/errors/linux-ubuntu-update-failure-ustranenie-problem-s-ubuntu-posle-obnovleniya.mdx","Что делать, если Ubuntu перестала работать после обновления","Linux","8","1281","6","266","4","no","body has only 8 non-empty lines; body has only 1281 characters"
"улучшить","60","src/content/errors/linux-ubuntubooterrorfix-kak-ispravit-oshibki-zagruzki-ubuntu.mdx","Как исправить ошибки загрузки Ubuntu","Linux","8","1235","6","268","4","no","body has only 8 non-empty lines; body has only 1235 characters"
"улучшить","60","src/content/errors/linux-ubuntukernelcrash-ustranenie-oshibok-yadra-v-ubuntu-otchetnost-i-obnovlenie-sistemy.mdx","Устранение ошибок ядра в Ubuntu: отчетность и обновление системы","Linux","8","1258","6","287","4","no","body has only 8 non-empty lines; body has only 1258 characters"
"улучшить","60","src/content/errors/linux-ubuntutroubleshootingguide-kak-ispravit-oshibki-v-ubuntu-poshagovoe-rukovodstvo-po-diagnos.mdx","Как исправить ошибки в Ubuntu: пошаговое руководство по диагностике и устранению","Linux","8","1272","6","737","4","no","body has only 8 non-empty lines; body has only 1272 characters"
"улучшить","60","src/content/errors/linux-unmet-dependencies-kak-ispravit-oshibki-zavisimostei-v-debian-i-ubuntu.mdx","Как исправить ошибки зависимостей в Debian и Ubuntu","Linux","8","1265","6","268","4","no","body has only 8 non-empty lines; body has only 1265 characters"
"улучшить","60","src/content/errors/linux-zerobrew-arm64-x86-64-bottles-error-ispravlenie-oshibki-zerobrew-nepravilnaya-zagruzka-pak.mdx","Исправление ошибки Zerobrew: Неправильная загрузка пакетов для ARM64 на Linux","Linux","8","1267","6","263","4","no","body has only 8 non-empty lines; body has only 1267 characters"
"улучшить","60","src/content/errors/mac-app-store-ne-otkryvaetsya-prilozhenie.mdx","Mac App Store: не открывается приложение — как исправить","macOS","8","1267","6","263","4","no","body has only 8 non-empty lines; body has only 1267 characters"
"улучшить","60","src/content/errors/macos-finder-config-error.mdx","Finder: ошибка конфигурации","macOS","8","1231","6","281","4","no","body has only 8 non-empty lines; body has only 1231 characters"
"улучшить","60","src/content/errors/macos-finder-crashes-after-update.mdx","Finder: вылетает после обновления","macOS","8","1237","6","279","4","no","body has only 8 non-empty lines; body has only 1237 characters"
"улучшить","60","src/content/errors/macos-finder-high-cpu.mdx","Finder: нагружает процессор","macOS","8","1231","6","284","4","no","body has only 8 non-empty lines; body has only 1231 characters"
"улучшить","60","src/content/errors/macos-finder-kernel-error-macos-kernel-panic-kak-ozhivit-finder-na-mac-esli-on-vyletaet-s-oshibk.mdx","Как оживить Finder на Mac, если он вылетает с ошибкой ядра (Kernel Error)","macOS","8","1344","6","376","4","no","body has only 8 non-empty lines; body has only 1344 characters"
"улучшить","60","src/content/errors/macos-finder-ne-otkryvaetsya-prilozhenie.mdx","macOS Finder: не открывается приложение — как исправить","macOS","8","1265","6","263","4","no","body has only 8 non-empty lines; body has only 1265 characters"
"улучшить","60","src/content/errors/macos-finder-ne-rabotaet-poisk.mdx","macOS Finder: не работает поиск — как исправить","macOS","8","1257","6","263","4","no","body has only 8 non-empty lines; body has only 1257 characters"
"улучшить","60","src/content/errors/macos-finder-ne-sozdaetsya-rezervnaya-kopiya.mdx","macOS Finder: не создается резервная копия — как исправить","macOS","8","1268","6","263","4","no","body has only 8 non-empty lines; body has only 1268 characters"
"улучшить","60","src/content/errors/macos-finder-network-timeout.mdx","Finder: ошибка подключения или тайм-аут","macOS","8","1243","6","266","4","no","body has only 8 non-empty lines; body has only 1243 characters"
"улучшить","60","src/content/errors/macos-finder-oshibka-obnovleniya.mdx","macOS Finder: ошибка обновления — как исправить","macOS","8","1257","6","263","4","no","body has only 8 non-empty lines; body has only 1257 characters"
"улучшить","60","src/content/errors/macos-finder-permission-denied.mdx","Finder: отказано в доступе","macOS","8","1230","6","278","4","no","body has only 8 non-empty lines; body has only 1230 characters"
"улучшить","60","src/content/errors/macos-finder-sync-failed.mdx","Finder: не синхронизируется","macOS","8","1231","6","271","4","no","body has only 8 non-empty lines; body has only 1231 characters"
"улучшить","60","src/content/errors/macos-finder-update-failed.mdx","Finder: ошибка обновления","macOS","8","1229","6","274","4","no","body has only 8 non-empty lines; body has only 1229 characters"
"улучшить","60","src/content/errors/macos-finder-wont-start.mdx","Finder: не запускается","macOS","8","1226","6","270","4","no","body has only 8 non-empty lines; body has only 1226 characters"
"улучшить","60","src/content/errors/macos-spotlight-crashes-after-update.mdx","Spotlight: вылетает после обновления","macOS","8","1243","6","279","4","no","body has only 8 non-empty lines; body has only 1243 characters"
"улучшить","60","src/content/errors/macos-spotlight-high-cpu.mdx","Spotlight: нагружает процессор","macOS","8","1237","6","284","4","no","body has only 8 non-empty lines; body has only 1237 characters"
"улучшить","60","src/content/errors/macos-spotlight-network-timeout.mdx","Spotlight: ошибка подключения или тайм-аут","macOS","8","1249","6","267","4","no","body has only 8 non-empty lines; body has only 1249 characters"
"улучшить","60","src/content/errors/macos-spotlight-permission-denied.mdx","Spotlight: отказано в доступе","macOS","8","1236","6","278","4","no","body has only 8 non-empty lines; body has only 1236 characters"
"улучшить","60","src/content/errors/macos-spotlight-sync-failed.mdx","Spotlight: не синхронизируется","macOS","8","1237","6","271","4","no","body has only 8 non-empty lines; body has only 1237 characters"
"улучшить","60","src/content/errors/macos-spotlight-update-failed.mdx","Spotlight: ошибка обновления","macOS","8","1235","6","274","4","no","body has only 8 non-empty lines; body has only 1235 characters"
"улучшить","60","src/content/errors/macos-spotlight-wont-start.mdx","Spotlight: не запускается","macOS","8","1232","6","270","4","no","body has only 8 non-empty lines; body has only 1232 characters"
"улучшить","60","src/content/errors/macos-time-machine-config-error.mdx","Time Machine: ошибка конфигурации","macOS","8","1243","6","282","4","no","body has only 8 non-empty lines; body has only 1243 characters"
"улучшить","60","src/content/errors/macos-time-machine-crashes-after-update.mdx","Time Machine: вылетает после обновления","macOS","8","1249","6","280","4","no","body has only 8 non-empty lines; body has only 1249 characters"
"улучшить","60","src/content/errors/macos-time-machine-high-cpu.mdx","Time Machine: нагружает процессор","macOS","8","1243","6","285","4","no","body has only 8 non-empty lines; body has only 1243 characters"
"улучшить","60","src/content/errors/macos-time-machine-network-timeout.mdx","Time Machine: ошибка подключения или тайм-аут","macOS","8","1255","6","267","4","no","body has only 8 non-empty lines; body has only 1255 characters"
"улучшить","60","src/content/errors/macos-time-machine-permission-denied.mdx","Time Machine: отказано в доступе","macOS","8","1242","6","279","4","no","body has only 8 non-empty lines; body has only 1242 characters"
"улучшить","60","src/content/errors/macos-time-machine-sync-failed.mdx","Time Machine: не синхронизируется","macOS","8","1243","6","272","4","no","body has only 8 non-empty lines; body has only 1243 characters"
"улучшить","60","src/content/errors/macos-time-machine-update-failed.mdx","Time Machine: ошибка обновления","macOS","8","1241","6","275","4","no","body has only 8 non-empty lines; body has only 1241 characters"
"улучшить","60","src/content/errors/macos-time-machine-wont-start.mdx","Time Machine: не запускается","macOS","8","1238","6","271","4","no","body has only 8 non-empty lines; body has only 1238 characters"
"улучшить","60","src/content/errors/makita-drill-greetsya-pri-rabote.mdx","Makita drill: греется при работе — как исправить","Электроинструмент","8","1287","6","207","4","no","body has only 8 non-empty lines; body has only 1287 characters"
"улучшить","60","src/content/errors/makita-drill-iskrit-dvigatel.mdx","Makita drill: искрит двигатель — как исправить","Электроинструмент","8","1285","6","207","4","no","body has only 8 non-empty lines; body has only 1285 characters"
"улучшить","60","src/content/errors/makita-drill-ne-vklyuchaetsya.mdx","Makita drill: не включается — как исправить","Электроинструмент","8","1282","6","207","4","no","body has only 8 non-empty lines; body has only 1282 characters"
"улучшить","60","src/content/errors/makita-drill-ne-zaryazhaetsya-akkumulyator.mdx","Makita drill: не заряжается аккумулятор — как исправить","Электроинструмент","8","1294","6","207","4","no","body has only 8 non-empty lines; body has only 1294 characters"
"улучшить","60","src/content/errors/makita-drill-teryaet-oboroty.mdx","Makita drill: теряет обороты — как исправить","Электроинструмент","8","1283","6","207","4","no","body has only 8 non-empty lines; body has only 1283 characters"
"улучшить","60","src/content/errors/makita-drill-zaedaet-patron.mdx","Makita drill: заедает патрон — как исправить","Электроинструмент","8","1283","6","207","4","no","body has only 8 non-empty lines; body has only 1283 characters"
"улучшить","60","src/content/errors/microwaves-ovens-lg-microwave-does-not-heat.mdx","LG microwave: не греет","Микроволновки и духовки","8","1263","6","205","4","no","body has only 8 non-empty lines; body has only 1263 characters"
"улучшить","60","src/content/errors/microwaves-ovens-lg-microwave-error-code.mdx","LG microwave: показывает код ошибки","Микроволновки и духовки","8","1289","6","209","4","no","body has only 8 non-empty lines; body has only 1289 characters"
"улучшить","60","src/content/errors/microwaves-ovens-lg-microwave-makes-noise.mdx","LG microwave: шумит или вибрирует","Микроволновки и духовки","8","1271","6","204","4","no","body has only 8 non-empty lines; body has only 1271 characters"
"улучшить","60","src/content/errors/microwaves-ovens-lg-microwave-stops-mid-cycle.mdx","LG microwave: останавливается во время работы","Микроволновки и духовки","8","1309","6","213","4","no","body has only 8 non-empty lines; body has only 1309 characters"
"улучшить","60","src/content/errors/microwaves-ovens-lg-microwave-wont-turn-on.mdx","LG microwave: не включается","Микроволновки и духовки","8","1273","6","207","4","no","body has only 8 non-empty lines; body has only 1273 characters"
"улучшить","60","src/content/errors/microwaves-ovens-samsung-microwave-does-not-heat.mdx","Samsung microwave: не греет","Микроволновки и духовки","8","1268","6","206","4","no","body has only 8 non-empty lines; body has only 1268 characters"
"улучшить","60","src/content/errors/microwaves-ovens-samsung-microwave-error-code.mdx","Samsung microwave: показывает код ошибки","Микроволновки и духовки","8","1294","6","210","4","no","body has only 8 non-empty lines; body has only 1294 characters"
"улучшить","60","src/content/errors/microwaves-ovens-samsung-microwave-makes-noise.mdx","Samsung microwave: шумит или вибрирует","Микроволновки и духовки","8","1276","6","205","4","no","body has only 8 non-empty lines; body has only 1276 characters"
"улучшить","60","src/content/errors/microwaves-ovens-samsung-microwave-stops-mid-cycle.mdx","Samsung microwave: останавливается во время работы","Микроволновки и духовки","8","1314","6","214","4","no","body has only 8 non-empty lines; body has only 1314 characters"
"улучшить","60","src/content/errors/microwaves-ovens-samsung-microwave-wont-turn-on.mdx","Samsung microwave: не включается","Микроволновки и духовки","8","1278","6","208","4","no","body has only 8 non-empty lines; body has only 1278 characters"
"улучшить","60","src/content/errors/minecraft-not-launching-fix.mdx","Minecraft не запускается: исправление ошибок Java Edition","Игры","8","1232","6","256","4","no","body has only 8 non-empty lines; body has only 1232 characters"
"улучшить","60","src/content/errors/mobile-android-play-store-config-error.mdx","Android Play Store: ошибка конфигурации","Мобильные устройства","8","1236","6","282","3","no","body has only 8 non-empty lines; body has only 1236 characters"
"улучшить","60","src/content/errors/mobile-android-play-store-crashes-after-update.mdx","Android Play Store: вылетает после обновления","Мобильные устройства","8","1242","6","280","3","no","body has only 8 non-empty lines; body has only 1242 characters"
"улучшить","60","src/content/errors/mobile-android-play-store-high-cpu.mdx","Android Play Store: нагружает процессор","Мобильные устройства","8","1236","6","285","3","no","body has only 8 non-empty lines; body has only 1236 characters"
"улучшить","60","src/content/errors/mobile-android-play-store-network-timeout.mdx","Android Play Store: ошибка подключения или тайм-аут","Мобильные устройства","8","1248","6","268","3","no","body has only 8 non-empty lines; body has only 1248 characters"
"улучшить","60","src/content/errors/mobile-android-play-store-permission-denied.mdx","Android Play Store: отказано в доступе","Мобильные устройства","8","1235","6","279","3","no","body has only 8 non-empty lines; body has only 1235 characters"
"улучшить","60","src/content/errors/mobile-android-play-store-sync-failed.mdx","Android Play Store: не синхронизируется","Мобильные устройства","8","1236","6","272","3","no","body has only 8 non-empty lines; body has only 1236 characters"
"улучшить","60","src/content/errors/mobile-android-play-store-update-failed.mdx","Android Play Store: ошибка обновления","Мобильные устройства","8","1234","6","275","3","no","body has only 8 non-empty lines; body has only 1234 characters"
"улучшить","60","src/content/errors/mobile-android-play-store-wont-start.mdx","Android Play Store: не запускается","Мобильные устройства","8","1231","6","271","3","no","body has only 8 non-empty lines; body has only 1231 characters"
"улучшить","60","src/content/errors/mobile-android-usb-006.mdx","Android: не подключается USB — как исправить","Мобильные устройства","8","1230","7","275","4","no","body has only 8 non-empty lines; body has only 1230 characters"
"улучшить","60","src/content/errors/mobile-iphone-backup-crashes-after-update.mdx","iPhone Backup: вылетает после обновления","Мобильные устройства","8","1232","6","279","3","no","body has only 8 non-empty lines; body has only 1232 characters"
"улучшить","60","src/content/errors/mobile-iphone-backup-permission-denied.mdx","iPhone Backup: отказано в доступе","Мобильные устройства","8","1225","6","278","3","no","body has only 8 non-empty lines; body has only 1225 characters"
"улучшить","60","src/content/errors/mobile-iphone-backup-wont-start.mdx","iPhone Backup: не запускается","Мобильные устройства","8","1221","6","270","3","no","body has only 8 non-empty lines; body has only 1221 characters"
"улучшить","60","src/content/errors/mobile-iphone-usb-014.mdx","iPhone: не подключается USB — как исправить","Мобильные устройства","8","1228","7","275","4","no","body has only 8 non-empty lines; body has only 1228 characters"
"улучшить","60","src/content/errors/mysql-connection-refused.mdx","MySQL Connection refused: как исправить ошибку подключения к базе данных","Базы данных","8","1284","6","256","4","no","body has only 8 non-empty lines; body has only 1284 characters"
"улучшить","60","src/content/errors/mysql-medlennyy-zapros.mdx","MySQL: медленный запрос — как исправить","Базы данных","8","1232","6","258","4","no","body has only 8 non-empty lines; body has only 1232 characters"
"улучшить","60","src/content/errors/mysql-ne-prohodit-migratsiya.mdx","MySQL: не проходит миграция — как исправить","Базы данных","8","1236","6","258","4","no","body has only 8 non-empty lines; body has only 1236 characters"
"улучшить","60","src/content/errors/mysql-ne-zapuskaetsya-posle-obnovleniya.mdx","MySQL: не запускается после обновления — как исправить","Базы данных","8","1247","6","258","4","no","body has only 8 non-empty lines; body has only 1247 characters"
"улучшить","60","src/content/errors/mysql-oshibka-podklyucheniya.mdx","MySQL: ошибка подключения — как исправить","Базы данных","8","1234","6","258","4","no","body has only 8 non-empty lines; body has only 1234 characters"
"улучшить","60","src/content/errors/mysql-povrezhden-indeks.mdx","MySQL: поврежден индекс — как исправить","Базы данных","8","1232","6","258","4","no","body has only 8 non-empty lines; body has only 1232 characters"
"улучшить","60","src/content/errors/network-dhcp-client-config-error.mdx","DHCP Client: ошибка конфигурации","Сеть","8","1226","6","279","4","no","body has only 8 non-empty lines; body has only 1226 characters"
"улучшить","60","src/content/errors/network-dhcp-client-crashes-after-update.mdx","DHCP Client: вылетает после обновления","Сеть","8","1232","6","276","4","no","body has only 8 non-empty lines; body has only 1232 characters"
"улучшить","60","src/content/errors/network-dhcp-client-high-cpu.mdx","DHCP Client: нагружает процессор","Сеть","8","1226","6","282","4","no","body has only 8 non-empty lines; body has only 1226 characters"
"улучшить","60","src/content/errors/network-dhcp-client-network-timeout.mdx","DHCP Client: ошибка подключения или тайм-аут","Сеть","8","1238","6","264","4","no","body has only 8 non-empty lines; body has only 1238 characters"
"улучшить","60","src/content/errors/network-dhcp-client-permission-denied.mdx","DHCP Client: отказано в доступе","Сеть","8","1225","6","275","4","no","body has only 8 non-empty lines; body has only 1225 characters"
"улучшить","60","src/content/errors/network-dhcp-client-sync-failed.mdx","DHCP Client: не синхронизируется","Сеть","8","1226","6","269","4","no","body has only 8 non-empty lines; body has only 1226 characters"
"улучшить","60","src/content/errors/network-dhcp-client-update-failed.mdx","DHCP Client: ошибка обновления","Сеть","8","1224","6","272","4","no","body has only 8 non-empty lines; body has only 1224 characters"
"улучшить","60","src/content/errors/network-dhcp-client-wont-start.mdx","DHCP Client: не запускается","Сеть","8","1221","6","267","4","no","body has only 8 non-empty lines; body has only 1221 characters"
"улучшить","60","src/content/errors/network-dhcp-ip-271.mdx","DHCP: не выдает IP — как исправить","Сеть","8","1221","7","275","4","no","body has only 8 non-empty lines; body has only 1221 characters"
"улучшить","60","src/content/errors/network-dhcp-ping-275.mdx","DHCP: высокий ping — как исправить","Сеть","8","1221","7","275","4","no","body has only 8 non-empty lines; body has only 1221 characters"
"улучшить","60","src/content/errors/network-dns-ip-266.mdx","DNS: не выдает IP — как исправить","Сеть","8","1219","7","275","4","no","body has only 8 non-empty lines; body has only 1219 characters"
"улучшить","60","src/content/errors/network-dns-ping-270.mdx","DNS: высокий ping — как исправить","Сеть","8","1219","7","275","4","no","body has only 8 non-empty lines; body has only 1219 characters"
"улучшить","60","src/content/errors/network-dns-resolver-config-error.mdx","DNS Resolver: ошибка конфигурации","Сеть","8","1228","6","279","4","no","body has only 8 non-empty lines; body has only 1228 characters"
"улучшить","60","src/content/errors/network-dns-resolver-crashes-after-update.mdx","DNS Resolver: вылетает после обновления","Сеть","8","1234","6","277","4","no","body has only 8 non-empty lines; body has only 1234 characters"
"улучшить","60","src/content/errors/network-dns-resolver-high-cpu.mdx","DNS Resolver: нагружает процессор","Сеть","8","1228","6","282","4","no","body has only 8 non-empty lines; body has only 1228 characters"
"улучшить","60","src/content/errors/network-dns-resolver-network-timeout.mdx","DNS Resolver: ошибка подключения или тайм-аут","Сеть","8","1240","6","264","4","no","body has only 8 non-empty lines; body has only 1240 characters"
"улучшить","60","src/content/errors/network-dns-resolver-permission-denied.mdx","DNS Resolver: отказано в доступе","Сеть","8","1227","6","276","4","no","body has only 8 non-empty lines; body has only 1227 characters"
"улучшить","60","src/content/errors/network-dns-resolver-sync-failed.mdx","DNS Resolver: не синхронизируется","Сеть","8","1228","6","269","4","no","body has only 8 non-empty lines; body has only 1228 characters"
"улучшить","60","src/content/errors/network-dns-resolver-update-failed.mdx","DNS Resolver: ошибка обновления","Сеть","8","1226","6","272","4","no","body has only 8 non-empty lines; body has only 1226 characters"
"улучшить","60","src/content/errors/network-dns-resolver-wont-start.mdx","DNS Resolver: не запускается","Сеть","8","1223","6","268","4","no","body has only 8 non-empty lines; body has only 1223 characters"
"улучшить","60","src/content/errors/network-openvpn-crashes-after-update.mdx","OpenVPN: вылетает после обновления","Сеть","8","1224","6","276","4","no","body has only 8 non-empty lines; body has only 1224 characters"
"улучшить","60","src/content/errors/network-openvpn-permission-denied.mdx","OpenVPN: отказано в доступе","Сеть","8","1217","6","275","4","no","body has only 8 non-empty lines; body has only 1217 characters"
"улучшить","60","src/content/errors/network-openvpn-sync-failed.mdx","OpenVPN: не синхронизируется","Сеть","8","1218","6","268","4","no","body has only 8 non-empty lines; body has only 1218 characters"
"улучшить","60","src/content/errors/network-openvpn-wont-start.mdx","OpenVPN: не запускается","Сеть","8","1213","6","267","4","no","body has only 8 non-empty lines; body has only 1213 characters"
"улучшить","60","src/content/errors/nfs-mount-failed-linux.mdx","NFS mount failed: как исправить ошибку монтирования NFS в Linux","Linux","8","1242","6","250","4","no","body has only 8 non-empty lines; body has only 1242 characters"
"улучшить","60","src/content/errors/npm-eacces-permission-fix.mdx","npm ERR! EACCES: как исправить ошибку доступа при установке пакетов","Программирование","8","1261","6","249","4","no","body has only 8 non-empty lines; body has only 1261 characters"
"улучшить","60","src/content/errors/nvidia-gpu-ne-opredelyaetsya-drayver.mdx","NVIDIA GPU: не определяется драйвер — как исправить","Оборудование","8","1244","6","260","4","no","body has only 8 non-empty lines; body has only 1244 characters"
"улучшить","60","src/content/errors/nvidia-gpu-nizkaya-proizvoditelnost.mdx","NVIDIA GPU: низкая производительность — как исправить","Оборудование","8","1246","6","262","4","no","body has only 8 non-empty lines; body has only 1246 characters"
"улучшить","60","src/content/errors/nvidia-gpu-oshibka-ustroystva.mdx","NVIDIA GPU: ошибка устройства — как исправить","Оборудование","8","1238","6","260","4","no","body has only 8 non-empty lines; body has only 1238 characters"
"улучшить","60","src/content/errors/nvidia-gpu-otvalivaetsya-posle-sna.mdx","NVIDIA GPU: отваливается после сна — как исправить","Оборудование","8","1243","6","260","4","no","body has only 8 non-empty lines; body has only 1243 characters"
"улучшить","60","src/content/errors/oborudovanie-nvidia-fps-drop-after-driver-update-ustranenie-nizkogo-fps-posle-obnovleniya-draive.mdx","Устранение низкого FPS после обновления драйверов NVIDIA","Оборудование","8","1295","6","401","4","no","body has only 8 non-empty lines; body has only 1295 characters"
"улучшить","60","src/content/errors/oborudovanie-opengl-low-fps-after-update-fps-prosel-posle-obnovleniya-razbiraemsya-s-opengl-i-vo.mdx","FPS просел после обновления? Разбираемся с OpenGL и возвращаем кадры!","Оборудование","8","1321","6","319","4","no","body has only 8 non-empty lines; body has only 1321 characters"
"улучшить","60","src/content/errors/office-microsoft-excel-config-error.mdx","Microsoft Excel: ошибка конфигурации","Офисные программы","8","1212","6","278","4","no","body has only 8 non-empty lines; body has only 1212 characters"
"улучшить","60","src/content/errors/office-microsoft-excel-crashes-after-update.mdx","Microsoft Excel: вылетает после обновления","Офисные программы","8","1218","6","276","4","no","body has only 8 non-empty lines; body has only 1218 characters"
"улучшить","60","src/content/errors/office-microsoft-excel-high-cpu.mdx","Microsoft Excel: нагружает процессор","Офисные программы","8","1212","6","281","4","no","body has only 8 non-empty lines; body has only 1212 characters"
"улучшить","60","src/content/errors/office-microsoft-excel-network-timeout.mdx","Microsoft Excel: ошибка подключения или тайм-аут","Офисные программы","8","1224","6","263","4","no","body has only 8 non-empty lines; body has only 1224 characters"
"улучшить","60","src/content/errors/office-microsoft-excel-permission-denied.mdx","Microsoft Excel: отказано в доступе","Офисные программы","8","1211","6","275","4","no","body has only 8 non-empty lines; body has only 1211 characters"
"улучшить","60","src/content/errors/office-microsoft-excel-sync-failed.mdx","Microsoft Excel: не синхронизируется","Офисные программы","8","1212","6","268","4","no","body has only 8 non-empty lines; body has only 1212 characters"
"улучшить","60","src/content/errors/office-microsoft-excel-update-failed.mdx","Microsoft Excel: ошибка обновления","Офисные программы","8","1210","6","271","4","no","body has only 8 non-empty lines; body has only 1210 characters"
"улучшить","60","src/content/errors/office-microsoft-excel-wont-start.mdx","Microsoft Excel: не запускается","Офисные программы","8","1207","6","267","4","no","body has only 8 non-empty lines; body has only 1207 characters"
"улучшить","60","src/content/errors/office-microsoft-word-config-error.mdx","Microsoft Word: ошибка конфигурации","Офисные программы","8","1210","6","278","4","no","body has only 8 non-empty lines; body has only 1210 characters"
"улучшить","60","src/content/errors/office-microsoft-word-crashes-after-update.mdx","Microsoft Word: вылетает после обновления","Офисные программы","8","1216","6","276","4","no","body has only 8 non-empty lines; body has only 1216 characters"
"улучшить","60","src/content/errors/office-microsoft-word-high-cpu.mdx","Microsoft Word: нагружает процессор","Офисные программы","8","1210","6","281","4","no","body has only 8 non-empty lines; body has only 1210 characters"
"улучшить","60","src/content/errors/office-microsoft-word-network-timeout.mdx","Microsoft Word: ошибка подключения или тайм-аут","Офисные программы","8","1222","6","263","4","no","body has only 8 non-empty lines; body has only 1222 characters"
"улучшить","60","src/content/errors/office-microsoft-word-permission-denied.mdx","Microsoft Word: отказано в доступе","Офисные программы","8","1209","6","275","4","no","body has only 8 non-empty lines; body has only 1209 characters"
"улучшить","60","src/content/errors/office-microsoft-word-sync-failed.mdx","Microsoft Word: не синхронизируется","Офисные программы","8","1210","6","268","4","no","body has only 8 non-empty lines; body has only 1210 characters"
"улучшить","60","src/content/errors/office-microsoft-word-update-failed.mdx","Microsoft Word: ошибка обновления","Офисные программы","8","1208","6","271","4","no","body has only 8 non-empty lines; body has only 1208 characters"
"улучшить","60","src/content/errors/office-microsoft-word-wont-start.mdx","Microsoft Word: не запускается","Офисные программы","8","1205","6","267","4","no","body has only 8 non-empty lines; body has only 1205 characters"
"улучшить","60","src/content/errors/office-powerpoint-crashes-after-update.mdx","PowerPoint: вылетает после обновления","Офисные программы","8","1208","6","275","4","no","body has only 8 non-empty lines; body has only 1208 characters"
"улучшить","60","src/content/errors/office-powerpoint-high-cpu.mdx","PowerPoint: нагружает процессор","Офисные программы","8","1202","6","280","4","no","body has only 8 non-empty lines; body has only 1202 characters"
"улучшить","60","src/content/errors/office-powerpoint-network-timeout.mdx","PowerPoint: ошибка подключения или тайм-аут","Офисные программы","8","1214","6","263","4","no","body has only 8 non-empty lines; body has only 1214 characters"
"улучшить","60","src/content/errors/office-powerpoint-permission-denied.mdx","PowerPoint: отказано в доступе","Офисные программы","8","1201","6","274","4","no","body has only 8 non-empty lines; body has only 1201 characters"
"улучшить","60","src/content/errors/office-powerpoint-sync-failed.mdx","PowerPoint: не синхронизируется","Офисные программы","8","1202","6","267","4","no","body has only 8 non-empty lines; body has only 1202 characters"
"улучшить","60","src/content/errors/office-powerpoint-wont-start.mdx","PowerPoint: не запускается","Офисные программы","8","1197","6","266","4","no","body has only 8 non-empty lines; body has only 1197 characters"
"улучшить","60","src/content/errors/outlook-ne-otpravlyaet-pisma.mdx","Outlook: не отправляет письма — как исправить","Электронная почта","8","1225","6","259","4","no","body has only 8 non-empty lines; body has only 1225 characters"
"улучшить","60","src/content/errors/outlook-ne-poluchaet-pisma-kak-ispravit.mdx","Outlook не получает письма: как исправить проблему синхронизации","Электронная почта","8","1263","6","252","4","no","body has only 8 non-empty lines; body has only 1263 characters"
"улучшить","60","src/content/errors/outlook-ne-prinimaet-pisma.mdx","Outlook: не принимает письма — как исправить","Электронная почта","8","1224","6","259","4","no","body has only 8 non-empty lines; body has only 1224 characters"
"улучшить","60","src/content/errors/outlook-ne-rabotaet-vlozhenie.mdx","Outlook: не работает вложение — как исправить","Электронная почта","8","1225","6","259","4","no","body has only 8 non-empty lines; body has only 1225 characters"
"улучшить","60","src/content/errors/outlook-oshibka-parolya.mdx","Outlook: ошибка пароля — как исправить","Электронная почта","8","1218","6","259","4","no","body has only 8 non-empty lines; body has only 1218 characters"
"улучшить","60","src/content/errors/outlook-oshibka-sertifikata.mdx","Outlook: ошибка сертификата — как исправить","Электронная почта","8","1223","6","259","4","no","body has only 8 non-empty lines; body has only 1223 characters"
"улучшить","60","src/content/errors/outlook-pisma-popadayut-v-spam.mdx","Outlook: письма попадают в спам — как исправить","Электронная почта","8","1227","6","259","4","no","body has only 8 non-empty lines; body has only 1227 characters"
"улучшить","60","src/content/errors/pc-slow-after-windows-update.mdx","ПК тормозит после обновления Windows: как ускорить","Windows","8","1269","6","260","4","no","body has only 8 non-empty lines; body has only 1269 characters"
"улучшить","60","src/content/errors/photoshop-chernyy-ekran.mdx","Photoshop: черный экран — как исправить","Дизайн и графика","8","1223","6","261","4","no","body has only 8 non-empty lines; body has only 1223 characters"
"улучшить","60","src/content/errors/photoshop-ne-otobrazhayutsya-shrifty.mdx","Photoshop: не отображаются шрифты — как исправить","Дизайн и графика","8","1233","6","261","4","no","body has only 8 non-empty lines; body has only 1233 characters"
"улучшить","60","src/content/errors/photoshop-ne-sohranyaet-fayl.mdx","Photoshop: не сохраняет файл — как исправить","Дизайн и графика","8","1228","6","261","4","no","body has only 8 non-empty lines; body has only 1228 characters"
"улучшить","60","src/content/errors/photoshop-ne-zapuskaetsya.mdx","Photoshop: не запускается — как исправить","Дизайн и графика","8","1225","6","261","4","no","body has only 8 non-empty lines; body has only 1225 characters"
"улучшить","60","src/content/errors/photoshop-vyletaet-pri-eksporte.mdx","Photoshop: вылетает при экспорте — как исправить","Дизайн и графика","8","1232","6","261","4","no","body has only 8 non-empty lines; body has only 1232 characters"
"улучшить","60","src/content/errors/pip-install-error-python.mdx","Ошибки pip install в Python: исправление проблем","Программирование","8","1254","6","268","4","no","body has only 8 non-empty lines; body has only 1254 characters"
"улучшить","60","src/content/errors/postgresql-medlennyy-zapros.mdx","PostgreSQL: медленный запрос — как исправить","Базы данных","8","1242","6","260","4","no","body has only 8 non-empty lines; body has only 1242 characters"
"улучшить","60","src/content/errors/postgresql-ne-prohodit-migratsiya.mdx","PostgreSQL: не проходит миграция — как исправить","Базы данных","8","1246","6","260","4","no","body has only 8 non-empty lines; body has only 1246 characters"
"улучшить","60","src/content/errors/postgresql-ne-zapuskaetsya-posle-obnovleniya.mdx","PostgreSQL: не запускается после обновления — как исправить","Базы данных","8","1257","6","260","4","no","body has only 8 non-empty lines; body has only 1257 characters"
"улучшить","60","src/content/errors/postgresql-oshibka-podklyucheniya.mdx","PostgreSQL: ошибка подключения — как исправить","Базы данных","8","1244","6","260","4","no","body has only 8 non-empty lines; body has only 1244 characters"
"улучшить","60","src/content/errors/postgresql-povrezhden-indeks.mdx","PostgreSQL: поврежден индекс — как исправить","Базы данных","8","1242","6","260","4","no","body has only 8 non-empty lines; body has only 1242 characters"
"улучшить","60","src/content/errors/power-tools-bosch-rotary-hammer-disconnects-randomly.mdx","Bosch rotary hammer: самопроизвольно отключается","Электроинструмент","8","1311","6","216","4","no","body has only 8 non-empty lines; body has only 1311 characters"
"улучшить","60","src/content/errors/power-tools-bosch-rotary-hammer-driver-error.mdx","Bosch rotary hammer: ошибка драйвера","Электроинструмент","8","1277","6","209","4","no","body has only 8 non-empty lines; body has only 1277 characters"
"улучшить","60","src/content/errors/power-tools-bosch-rotary-hammer-firmware-update-failed.mdx","Bosch rotary hammer: ошибка обновления прошивки","Электроинструмент","8","1302","6","214","4","no","body has only 8 non-empty lines; body has only 1302 characters"
"улучшить","60","src/content/errors/power-tools-bosch-rotary-hammer-low-performance.mdx","Bosch rotary hammer: низкая производительность","Электроинструмент","8","1297","6","212","4","no","body has only 8 non-empty lines; body has only 1297 characters"
"улучшить","60","src/content/errors/power-tools-bosch-rotary-hammer-not-detected.mdx","Bosch rotary hammer: не определяется системой","Электроинструмент","8","1309","6","217","4","no","body has only 8 non-empty lines; body has only 1309 characters"
"улучшить","60","src/content/errors/power-tools-dewalt-screwdriver-disconnects-randomly.mdx","DeWalt screwdriver: самопроизвольно отключается","Электроинструмент","8","1310","6","216","4","no","body has only 8 non-empty lines; body has only 1310 characters"
"улучшить","60","src/content/errors/power-tools-dewalt-screwdriver-driver-error.mdx","DeWalt screwdriver: ошибка драйвера","Электроинструмент","8","1276","6","209","4","no","body has only 8 non-empty lines; body has only 1276 characters"
"улучшить","60","src/content/errors/power-tools-dewalt-screwdriver-firmware-update-failed.mdx","DeWalt screwdriver: ошибка обновления прошивки","Электроинструмент","8","1301","6","213","4","no","body has only 8 non-empty lines; body has only 1301 characters"
"улучшить","60","src/content/errors/power-tools-dewalt-screwdriver-low-performance.mdx","DeWalt screwdriver: низкая производительность","Электроинструмент","8","1296","6","212","4","no","body has only 8 non-empty lines; body has only 1296 characters"
"улучшить","60","src/content/errors/power-tools-dewalt-screwdriver-not-detected.mdx","DeWalt screwdriver: не определяется системой","Электроинструмент","8","1308","6","216","4","no","body has only 8 non-empty lines; body has only 1308 characters"
"улучшить","60","src/content/errors/power-tools-makita-drill-disconnects-randomly.mdx","Makita drill: самопроизвольно отключается","Электроинструмент","8","1304","6","215","4","no","body has only 8 non-empty lines; body has only 1304 characters"
"улучшить","60","src/content/errors/power-tools-makita-drill-driver-error.mdx","Makita drill: ошибка драйвера","Электроинструмент","8","1270","6","208","4","no","body has only 8 non-empty lines; body has only 1270 characters"
"улучшить","60","src/content/errors/power-tools-makita-drill-firmware-update-failed.mdx","Makita drill: ошибка обновления прошивки","Электроинструмент","8","1295","6","212","4","no","body has only 8 non-empty lines; body has only 1295 characters"
"улучшить","60","src/content/errors/power-tools-makita-drill-low-performance.mdx","Makita drill: низкая производительность","Электроинструмент","8","1290","6","211","4","no","body has only 8 non-empty lines; body has only 1290 characters"
"улучшить","60","src/content/errors/power-tools-makita-drill-not-detected.mdx","Makita drill: не определяется системой","Электроинструмент","8","1302","6","215","4","no","body has only 8 non-empty lines; body has only 1302 characters"
"улучшить","60","src/content/errors/power-tools-metabo-grinder-not-detected.mdx","Metabo grinder: не определяется системой","Электроинструмент","8","1304","6","216","4","no","body has only 8 non-empty lines; body has only 1304 characters"
"улучшить","60","src/content/errors/printer-ne-pechataet-kak-ispravit-oshibku-pechati-v-windows.mdx","Принтер не печатает в Windows: полное руководство по исправлению","Принтеры и сканеры","8","1260","6","263","4","no","body has only 8 non-empty lines; body has only 1260 characters"
"улучшить","60","src/content/errors/printers-canon-pixma-disconnects-randomly.mdx","Canon PIXMA: самопроизвольно отключается","Принтеры и сканеры","8","1218","6","270","3","no","body has only 8 non-empty lines; body has only 1218 characters"
"улучшить","60","src/content/errors/printers-canon-pixma-driver-error.mdx","Canon PIXMA: ошибка драйвера","Принтеры и сканеры","8","1206","6","279","3","no","body has only 8 non-empty lines; body has only 1206 characters"
"улучшить","60","src/content/errors/printers-canon-pixma-firmware-update-failed.mdx","Canon PIXMA: ошибка обновления прошивки","Принтеры и сканеры","8","1217","6","274","3","no","body has only 8 non-empty lines; body has only 1217 characters"
"улучшить","60","src/content/errors/printers-canon-pixma-low-performance.mdx","Canon PIXMA: низкая производительность","Принтеры и сканеры","8","1216","6","276","3","no","body has only 8 non-empty lines; body has only 1216 characters"
"улучшить","60","src/content/errors/printers-canon-pixma-not-detected.mdx","Canon PIXMA: не определяется системой","Принтеры и сканеры","8","1215","6","271","3","no","body has only 8 non-empty lines; body has only 1215 characters"
"улучшить","60","src/content/errors/printers-epson-ecotank-disconnects-randomly.mdx","Epson EcoTank: самопроизвольно отключается","Принтеры и сканеры","8","1222","6","271","3","no","body has only 8 non-empty lines; body has only 1222 characters"
"улучшить","60","src/content/errors/printers-epson-ecotank-driver-error.mdx","Epson EcoTank: ошибка драйвера","Принтеры и сканеры","8","1210","6","280","3","no","body has only 8 non-empty lines; body has only 1210 characters"
"улучшить","60","src/content/errors/printers-epson-ecotank-firmware-update-failed.mdx","Epson EcoTank: ошибка обновления прошивки","Принтеры и сканеры","8","1221","6","274","3","no","body has only 8 non-empty lines; body has only 1221 characters"
"улучшить","60","src/content/errors/printers-epson-ecotank-low-performance.mdx","Epson EcoTank: низкая производительность","Принтеры и сканеры","8","1220","6","276","3","no","body has only 8 non-empty lines; body has only 1220 characters"
"улучшить","60","src/content/errors/printers-epson-ecotank-not-detected.mdx","Epson EcoTank: не определяется системой","Принтеры и сканеры","8","1219","6","272","3","no","body has only 8 non-empty lines; body has only 1219 characters"
"улучшить","60","src/content/errors/printers-hp-laserjet-disconnects-randomly.mdx","HP LaserJet: самопроизвольно отключается","Принтеры и сканеры","8","1218","6","270","3","no","body has only 8 non-empty lines; body has only 1218 characters"
"улучшить","60","src/content/errors/printers-hp-laserjet-driver-error.mdx","HP LaserJet: ошибка драйвера","Принтеры и сканеры","8","1206","6","279","3","no","body has only 8 non-empty lines; body has only 1206 characters"
"улучшить","60","src/content/errors/printers-hp-laserjet-firmware-update-failed.mdx","HP LaserJet: ошибка обновления прошивки","Принтеры и сканеры","8","1217","6","274","3","no","body has only 8 non-empty lines; body has only 1217 characters"
"улучшить","60","src/content/errors/printers-hp-laserjet-low-performance.mdx","HP LaserJet: низкая производительность","Принтеры и сканеры","8","1216","6","276","3","no","body has only 8 non-empty lines; body has only 1216 characters"
"улучшить","60","src/content/errors/printers-hp-laserjet-not-detected.mdx","HP LaserJet: не определяется системой","Принтеры и сканеры","8","1215","6","271","3","no","body has only 8 non-empty lines; body has only 1215 characters"
"улучшить","60","src/content/errors/programming-java-gradle-config-error.mdx","Java Gradle: ошибка конфигурации","Программирование","8","1222","6","281","4","no","body has only 8 non-empty lines; body has only 1222 characters"
"улучшить","60","src/content/errors/programming-java-gradle-crashes-after-update.mdx","Java Gradle: вылетает после обновления","Программирование","8","1228","6","278","4","no","body has only 8 non-empty lines; body has only 1228 characters"
"улучшить","60","src/content/errors/programming-java-gradle-high-cpu.mdx","Java Gradle: нагружает процессор","Программирование","8","1222","6","284","4","no","body has only 8 non-empty lines; body has only 1222 characters"
"улучшить","60","src/content/errors/programming-java-gradle-network-timeout.mdx","Java Gradle: ошибка подключения или тайм-аут","Программирование","8","1234","6","266","4","no","body has only 8 non-empty lines; body has only 1234 characters"
"улучшить","60","src/content/errors/programming-java-gradle-permission-denied.mdx","Java Gradle: отказано в доступе","Программирование","8","1221","6","277","4","no","body has only 8 non-empty lines; body has only 1221 characters"
"улучшить","60","src/content/errors/programming-java-gradle-sync-failed.mdx","Java Gradle: не синхронизируется","Программирование","8","1222","6","271","4","no","body has only 8 non-empty lines; body has only 1222 characters"
"улучшить","60","src/content/errors/programming-java-gradle-update-failed.mdx","Java Gradle: ошибка обновления","Программирование","8","1220","6","274","4","no","body has only 8 non-empty lines; body has only 1220 characters"
"улучшить","60","src/content/errors/programming-java-gradle-wont-start.mdx","Java Gradle: не запускается","Программирование","8","1217","6","269","4","no","body has only 8 non-empty lines; body has only 1217 characters"
"улучшить","60","src/content/errors/programming-maven-crashes-after-update.mdx","Maven: вылетает после обновления","Программирование","8","1216","6","277","4","no","body has only 8 non-empty lines; body has only 1216 characters"
"улучшить","60","src/content/errors/programming-maven-permission-denied.mdx","Maven: отказано в доступе","Программирование","8","1209","6","276","4","no","body has only 8 non-empty lines; body has only 1209 characters"
"улучшить","60","src/content/errors/programming-maven-sync-failed.mdx","Maven: не синхронизируется","Программирование","8","1210","6","270","4","no","body has only 8 non-empty lines; body has only 1210 characters"
"улучшить","60","src/content/errors/programming-maven-wont-start.mdx","Maven: не запускается","Программирование","8","1205","6","268","4","no","body has only 8 non-empty lines; body has only 1205 characters"
"улучшить","60","src/content/errors/programming-python-venv-config-error.mdx","Python venv: ошибка конфигурации","Программирование","8","1222","6","281","4","no","body has only 8 non-empty lines; body has only 1222 characters"
"улучшить","60","src/content/errors/programming-python-venv-crashes-after-update.mdx","Python venv: вылетает после обновления","Программирование","8","1228","6","278","4","no","body has only 8 non-empty lines; body has only 1228 characters"
"улучшить","60","src/content/errors/programming-python-venv-high-cpu.mdx","Python venv: нагружает процессор","Программирование","8","1222","6","284","4","no","body has only 8 non-empty lines; body has only 1222 characters"
"улучшить","60","src/content/errors/programming-python-venv-network-timeout.mdx","Python venv: ошибка подключения или тайм-аут","Программирование","8","1234","6","266","4","no","body has only 8 non-empty lines; body has only 1234 characters"
"улучшить","60","src/content/errors/programming-python-venv-permission-denied.mdx","Python venv: отказано в доступе","Программирование","8","1221","6","277","4","no","body has only 8 non-empty lines; body has only 1221 characters"
"улучшить","60","src/content/errors/programming-python-venv-sync-failed.mdx","Python venv: не синхронизируется","Программирование","8","1222","6","271","4","no","body has only 8 non-empty lines; body has only 1222 characters"
"улучшить","60","src/content/errors/programming-python-venv-update-failed.mdx","Python venv: ошибка обновления","Программирование","8","1220","6","274","4","no","body has only 8 non-empty lines; body has only 1220 characters"
"улучшить","60","src/content/errors/programming-python-venv-wont-start.mdx","Python venv: не запускается","Программирование","8","1217","6","269","4","no","body has only 8 non-empty lines; body has only 1217 characters"
"улучшить","60","src/content/errors/python-module-not-found-fix.mdx","ModuleNotFoundError: No module named — как исправить в Python","Программирование","8","1259","6","258","4","no","body has only 8 non-empty lines; body has only 1259 characters"
"улучшить","60","src/content/errors/refrigerators-lg-refrigerator-bad-smell.mdx","LG refrigerator: появился запах или гарь","Холодильники","8","1305","6","211","4","no","body has only 8 non-empty lines; body has only 1305 characters"
"улучшить","60","src/content/errors/refrigerators-lg-refrigerator-does-not-drain.mdx","LG refrigerator: не сливает воду","Холодильники","8","1298","6","211","4","no","body has only 8 non-empty lines; body has only 1298 characters"
"улучшить","60","src/content/errors/refrigerators-lg-refrigerator-does-not-heat.mdx","LG refrigerator: не греет","Холодильники","8","1284","6","209","4","no","body has only 8 non-empty lines; body has only 1284 characters"
"улучшить","60","src/content/errors/refrigerators-lg-refrigerator-error-code.mdx","LG refrigerator: показывает код ошибки","Холодильники","8","1310","6","213","4","no","body has only 8 non-empty lines; body has only 1310 characters"
"улучшить","60","src/content/errors/refrigerators-lg-refrigerator-leaks-water.mdx","LG refrigerator: протекает","Холодильники","8","1286","6","209","4","no","body has only 8 non-empty lines; body has only 1286 characters"
"улучшить","60","src/content/errors/refrigerators-lg-refrigerator-makes-noise.mdx","LG refrigerator: шумит или вибрирует","Холодильники","8","1292","6","208","4","no","body has only 8 non-empty lines; body has only 1292 characters"
"улучшить","60","src/content/errors/refrigerators-lg-refrigerator-stops-mid-cycle.mdx","LG refrigerator: останавливается во время работы","Холодильники","8","1330","6","216","4","no","body has only 8 non-empty lines; body has only 1330 characters"
"улучшить","60","src/content/errors/refrigerators-lg-refrigerator-wont-turn-on.mdx","LG refrigerator: не включается","Холодильники","8","1294","6","210","4","no","body has only 8 non-empty lines; body has only 1294 characters"
"улучшить","60","src/content/errors/refrigerators-samsung-refrigerator-bad-smell.mdx","Samsung refrigerator: появился запах или гарь","Холодильники","8","1310","6","211","4","no","body has only 8 non-empty lines; body has only 1310 characters"
"улучшить","60","src/content/errors/refrigerators-samsung-refrigerator-does-not-drain.mdx","Samsung refrigerator: не сливает воду","Холодильники","8","1303","6","212","4","no","body has only 8 non-empty lines; body has only 1303 characters"
"улучшить","60","src/content/errors/refrigerators-samsung-refrigerator-does-not-heat.mdx","Samsung refrigerator: не греет","Холодильники","8","1289","6","209","4","no","body has only 8 non-empty lines; body has only 1289 characters"
"улучшить","60","src/content/errors/refrigerators-samsung-refrigerator-error-code.mdx","Samsung refrigerator: показывает код ошибки","Холодильники","8","1315","6","214","4","no","body has only 8 non-empty lines; body has only 1315 characters"
"улучшить","60","src/content/errors/refrigerators-samsung-refrigerator-leaks-water.mdx","Samsung refrigerator: протекает","Холодильники","8","1291","6","210","4","no","body has only 8 non-empty lines; body has only 1291 characters"
"улучшить","60","src/content/errors/refrigerators-samsung-refrigerator-makes-noise.mdx","Samsung refrigerator: шумит или вибрирует","Холодильники","8","1297","6","208","4","no","body has only 8 non-empty lines; body has only 1297 characters"
"улучшить","60","src/content/errors/refrigerators-samsung-refrigerator-stops-mid-cycle.mdx","Samsung refrigerator: останавливается во время работы","Холодильники","8","1335","6","217","4","no","body has only 8 non-empty lines; body has only 1335 characters"
"улучшить","60","src/content/errors/refrigerators-samsung-refrigerator-wont-turn-on.mdx","Samsung refrigerator: не включается","Холодильники","8","1299","6","211","4","no","body has only 8 non-empty lines; body has only 1299 characters"
"улучшить","60","src/content/errors/roborock-ne-krutitsya-schetka.mdx","Roborock: не крутится щетка — как исправить","Пылесосы и роботы-пылесосы","8","1303","6","207","4","no","body has only 8 non-empty lines; body has only 1303 characters"
"улучшить","60","src/content/errors/roborock-ne-stroit-kartu.mdx","Roborock: не строит карту — как исправить","Пылесосы и роботы-пылесосы","8","1301","6","207","4","no","body has only 8 non-empty lines; body has only 1301 characters"
"улучшить","60","src/content/errors/roborock-ne-vozvraschaetsya-na-bazu.mdx","Roborock: не возвращается на базу — как исправить","Пылесосы и роботы-пылесосы","8","1309","6","207","4","no","body has only 8 non-empty lines; body has only 1309 characters"
"улучшить","60","src/content/errors/roborock-ne-zaryazhaetsya.mdx","Roborock: не заряжается — как исправить","Пылесосы и роботы-пылесосы","8","1299","6","207","4","no","body has only 8 non-empty lines; body has only 1299 characters"
"улучшить","60","src/content/errors/roborock-oshibka-datchika.mdx","Roborock: ошибка датчика — как исправить","Пылесосы и роботы-пылесосы","8","1300","6","207","4","no","body has only 8 non-empty lines; body has only 1300 characters"
"улучшить","60","src/content/errors/roborock-ploho-vsasyvaet.mdx","Roborock: плохо всасывает — как исправить","Пылесосы и роботы-пылесосы","8","1301","6","207","4","no","body has only 8 non-empty lines; body has only 1301 characters"
"улучшить","60","src/content/errors/robot-pylesos-xiaomi-ne-zaryazhaetsya-reshenie.mdx","Робот-пылесос Xiaomi не заряжается: причины и решения","Пылесосы и роботы-пылесосы","8","1313","6","211","4","no","body has only 8 non-empty lines; body has only 1313 characters"
"улучшить","60","src/content/errors/samsung-microwave-iskrit-vnutri.mdx","Samsung microwave: искрит внутри — как исправить","Микроволновки и духовки","8","1294","6","208","4","no","body has only 8 non-empty lines; body has only 1294 characters"
"улучшить","60","src/content/errors/samsung-microwave-ne-greet.mdx","Samsung microwave: не греет — как исправить","Микроволновки и духовки","8","1284","6","206","4","no","body has only 8 non-empty lines; body has only 1284 characters"
"улучшить","60","src/content/errors/samsung-microwave-ne-krutitsya-tarelka.mdx","Samsung microwave: не крутится тарелка — как исправить","Микроволновки и духовки","8","1300","6","208","4","no","body has only 8 non-empty lines; body has only 1300 characters"
"улучшить","60","src/content/errors/samsung-microwave-ne-rabotaet-gril.mdx","Samsung microwave: не работает гриль — как исправить","Микроволновки и духовки","8","1298","6","208","4","no","body has only 8 non-empty lines; body has only 1298 characters"
"улучшить","60","src/content/errors/samsung-microwave-ne-vklyuchaetsya.mdx","Samsung microwave: не включается — как исправить","Микроволновки и духовки","8","1294","6","208","4","no","body has only 8 non-empty lines; body has only 1294 characters"
"улучшить","60","src/content/errors/samsung-microwave-pokazyvaet-kod-oshibki.mdx","Samsung microwave: показывает код ошибки — как исправить","Микроволновки и духовки","8","1310","6","210","4","no","body has only 8 non-empty lines; body has only 1310 characters"
"улучшить","60","src/content/errors/samsung-refrigerator-ne-morozit.mdx","Samsung refrigerator: не морозит — как исправить","Холодильники","8","1312","6","211","4","no","body has only 8 non-empty lines; body has only 1312 characters"
"улучшить","60","src/content/errors/samsung-refrigerator-ne-otklyuchaetsya-kompressor.mdx","Samsung refrigerator: не отключается компрессор — как исправить","Холодильники","8","1327","6","211","4","no","body has only 8 non-empty lines; body has only 1327 characters"
"улучшить","60","src/content/errors/samsung-refrigerator-pischit-signal.mdx","Samsung refrigerator: пищит сигнал — как исправить","Холодильники","8","1314","6","211","4","no","body has only 8 non-empty lines; body has only 1314 characters"
"улучшить","60","src/content/errors/samsung-refrigerator-pokazyvaet-oshibku-datchika.mdx","Samsung refrigerator: показывает ошибку датчика — как исправить","Холодильники","8","1327","6","211","4","no","body has only 8 non-empty lines; body has only 1327 characters"
"улучшить","60","src/content/errors/samsung-refrigerator-silno-shumit.mdx","Samsung refrigerator: сильно шумит — как исправить","Холодильники","8","1306","6","208","4","no","body has only 8 non-empty lines; body has only 1306 characters"
"улучшить","60","src/content/errors/samsung-refrigerator-techet-voda.mdx","Samsung refrigerator: течет вода — как исправить","Холодильники","8","1312","6","211","4","no","body has only 8 non-empty lines; body has only 1312 characters"
"улучшить","60","src/content/errors/samsung-tv-ne-rabotaet-pult.mdx","Samsung TV: не работает пульт — как исправить","Телевизоры и аудио","8","1321","6","209","4","no","body has only 8 non-empty lines; body has only 1321 characters"
"улучшить","60","src/content/errors/samsung-tv-net-izobrazheniya.mdx","Samsung TV: нет изображения — как исправить","Телевизоры и аудио","8","1319","6","209","4","no","body has only 8 non-empty lines; body has only 1319 characters"
"улучшить","60","src/content/errors/samsung-tv-net-zvuka.mdx","Samsung TV: нет звука — как исправить","Телевизоры и аудио","8","1313","6","209","4","no","body has only 8 non-empty lines; body has only 1313 characters"
"улучшить","60","src/content/errors/samsung-washing-machine-ne-nabiraet-vodu.mdx","Samsung washing machine: не набирает воду — как исправить","Стиральные машины","8","1300","6","206","4","no","body has only 8 non-empty lines; body has only 1300 characters"
"улучшить","60","src/content/errors/samsung-washing-machine-ne-otzhimaet.mdx","Samsung washing machine: не отжимает — как исправить","Стиральные машины","8","1295","6","206","4","no","body has only 8 non-empty lines; body has only 1295 characters"
"улучшить","60","src/content/errors/samsung-washing-machine-ne-slivaet-vodu.mdx","Samsung washing machine: не сливает воду — как исправить","Стиральные машины","8","1301","6","207","4","no","body has only 8 non-empty lines; body has only 1301 characters"
"улучшить","60","src/content/errors/samsung-washing-machine-oshibka-dvertsy.mdx","Samsung washing machine: ошибка дверцы — как исправить","Стиральные машины","8","1297","6","206","4","no","body has only 8 non-empty lines; body has only 1297 characters"
"улучшить","60","src/content/errors/samsung-washing-machine-pokazyvaet-kod-oshibki.mdx","Samsung washing machine: показывает код ошибки — как исправить","Стиральные машины","8","1313","6","209","4","no","body has only 8 non-empty lines; body has only 1313 characters"
"улучшить","60","src/content/errors/samsung-washing-machine-silno-vibriruet.mdx","Samsung washing machine: сильно вибрирует — как исправить","Стиральные машины","8","1300","6","206","4","no","body has only 8 non-empty lines; body has only 1300 characters"
"улучшить","60","src/content/errors/secure-boot-ne-sohranyaet-nastroyki.mdx","Secure Boot: не сохраняет настройки — как исправить","BIOS и UEFI","8","1236","6","259","4","no","body has only 8 non-empty lines; body has only 1236 characters"
"улучшить","60","src/content/errors/secure-boot-ne-vidit-zagruzochnyy-disk.mdx","Secure Boot: не видит загрузочный диск — как исправить","BIOS и UEFI","8","1239","6","259","4","no","body has only 8 non-empty lines; body has only 1239 characters"
"улучшить","60","src/content/errors/security-firewall-rule-config-error.mdx","Firewall Rule: ошибка конфигурации","Безопасность","8","1223","6","281","4","no","body has only 8 non-empty lines; body has only 1223 characters"
"улучшить","60","src/content/errors/security-firewall-rule-crashes-after-update.mdx","Firewall Rule: вылетает после обновления","Безопасность","8","1229","6","278","4","no","body has only 8 non-empty lines; body has only 1229 characters"
"улучшить","60","src/content/errors/security-firewall-rule-high-cpu.mdx","Firewall Rule: нагружает процессор","Безопасность","8","1223","6","284","4","no","body has only 8 non-empty lines; body has only 1223 characters"
"улучшить","60","src/content/errors/security-firewall-rule-network-timeout.mdx","Firewall Rule: ошибка подключения или тайм-аут","Безопасность","8","1235","6","266","4","no","body has only 8 non-empty lines; body has only 1235 characters"
"улучшить","60","src/content/errors/security-firewall-rule-permission-denied.mdx","Firewall Rule: отказано в доступе","Безопасность","8","1222","6","277","4","no","body has only 8 non-empty lines; body has only 1222 characters"
"улучшить","60","src/content/errors/security-firewall-rule-sync-failed.mdx","Firewall Rule: не синхронизируется","Безопасность","8","1223","6","271","4","no","body has only 8 non-empty lines; body has only 1223 characters"
"улучшить","60","src/content/errors/security-firewall-rule-update-failed.mdx","Firewall Rule: ошибка обновления","Безопасность","8","1221","6","274","4","no","body has only 8 non-empty lines; body has only 1221 characters"
"улучшить","60","src/content/errors/security-firewall-rule-wont-start.mdx","Firewall Rule: не запускается","Безопасность","8","1218","6","269","4","no","body has only 8 non-empty lines; body has only 1218 characters"
"улучшить","60","src/content/errors/security-tls-certificate-crashes-after-update.mdx","TLS Certificate: вылетает после обновления","Безопасность","8","1233","6","279","4","no","body has only 8 non-empty lines; body has only 1233 characters"
"улучшить","60","src/content/errors/security-tls-certificate-permission-denied.mdx","TLS Certificate: отказано в доступе","Безопасность","8","1226","6","278","4","no","body has only 8 non-empty lines; body has only 1226 characters"
"улучшить","60","src/content/errors/security-tls-certificate-wont-start.mdx","TLS Certificate: не запускается","Безопасность","8","1222","6","270","4","no","body has only 8 non-empty lines; body has only 1222 characters"
"улучшить","60","src/content/errors/security-windows-defender-config-error.mdx","Windows Defender: ошибка конфигурации","Безопасность","8","1229","6","281","4","no","body has only 8 non-empty lines; body has only 1229 characters"
"улучшить","60","src/content/errors/security-windows-defender-crashes-after-update.mdx","Windows Defender: вылетает после обновления","Безопасность","8","1235","6","279","4","no","body has only 8 non-empty lines; body has only 1235 characters"
"улучшить","60","src/content/errors/security-windows-defender-high-cpu.mdx","Windows Defender: нагружает процессор","Безопасность","8","1229","6","284","4","no","body has only 8 non-empty lines; body has only 1229 characters"
"улучшить","60","src/content/errors/security-windows-defender-network-timeout.mdx","Windows Defender: ошибка подключения или тайм-аут","Безопасность","8","1241","6","267","4","no","body has only 8 non-empty lines; body has only 1241 characters"
"улучшить","60","src/content/errors/security-windows-defender-permission-denied.mdx","Windows Defender: отказано в доступе","Безопасность","8","1228","6","278","4","no","body has only 8 non-empty lines; body has only 1228 characters"
"улучшить","60","src/content/errors/security-windows-defender-sync-failed.mdx","Windows Defender: не синхронизируется","Безопасность","8","1229","6","271","4","no","body has only 8 non-empty lines; body has only 1229 characters"
"улучшить","60","src/content/errors/security-windows-defender-update-failed.mdx","Windows Defender: ошибка обновления","Безопасность","8","1227","6","274","4","no","body has only 8 non-empty lines; body has only 1227 characters"
"улучшить","60","src/content/errors/security-windows-defender-wont-start.mdx","Windows Defender: не запускается","Безопасность","8","1224","6","270","4","no","body has only 8 non-empty lines; body has only 1224 characters"
"улучшить","60","src/content/errors/shurupovert-makita-ne-krutitsya-ispravit.mdx","Шуруповёрт Makita не крутится: диагностика и ремонт","Электроинструмент","8","1290","6","210","4","no","body has only 8 non-empty lines; body has only 1290 characters"
"улучшить","60","src/content/errors/siemens-dishwasher-ne-nabiraet-vodu.mdx","Siemens dishwasher: не набирает воду — как исправить","Посудомоечные машины","8","1274","6","206","4","no","body has only 8 non-empty lines; body has only 1274 characters"
"улучшить","60","src/content/errors/siemens-dishwasher-ne-rastvoryaet-tabletku.mdx","Siemens dishwasher: не растворяет таблетку — как исправить","Посудомоечные машины","8","1280","6","206","4","no","body has only 8 non-empty lines; body has only 1280 characters"
"улучшить","60","src/content/errors/siemens-dishwasher-ne-slivaet-vodu.mdx","Siemens dishwasher: не сливает воду — как исправить","Посудомоечные машины","8","1275","6","207","4","no","body has only 8 non-empty lines; body has only 1275 characters"
"улучшить","60","src/content/errors/siemens-dishwasher-oshibka-nagreva.mdx","Siemens dishwasher: ошибка нагрева — как исправить","Посудомоечные машины","8","1272","6","206","4","no","body has only 8 non-empty lines; body has only 1272 characters"
"улучшить","60","src/content/errors/siemens-dishwasher-ploho-moet-posudu.mdx","Siemens dishwasher: плохо моет посуду — как исправить","Посудомоечные машины","8","1275","6","206","4","no","body has only 8 non-empty lines; body has only 1275 characters"
"улучшить","60","src/content/errors/siemens-dishwasher-techet-snizu.mdx","Siemens dishwasher: течет снизу — как исправить","Посудомоечные машины","8","1269","6","206","4","no","body has only 8 non-empty lines; body has only 1269 characters"
"улучшить","60","src/content/errors/sony-tv-ne-rabotaet-pult.mdx","Sony TV: не работает пульт — как исправить","Телевизоры и аудио","8","1318","6","208","4","no","body has only 8 non-empty lines; body has only 1318 characters"
"улучшить","60","src/content/errors/sony-tv-net-izobrazheniya.mdx","Sony TV: нет изображения — как исправить","Телевизоры и аудио","8","1316","6","208","4","no","body has only 8 non-empty lines; body has only 1316 characters"
"улучшить","60","src/content/errors/sony-tv-net-zvuka.mdx","Sony TV: нет звука — как исправить","Телевизоры и аудио","8","1310","6","208","4","no","body has only 8 non-empty lines; body has only 1310 characters"
"улучшить","60","src/content/errors/ssd-medlenno-kopiruet-fayly.mdx","SSD: медленно копирует файлы — как исправить","Хранилища и файлы","8","1231","6","255","4","no","body has only 8 non-empty lines; body has only 1231 characters"
"улучшить","60","src/content/errors/ssd-ne-montiruetsya.mdx","SSD: не монтируется — как исправить","Хранилища и файлы","8","1222","6","255","4","no","body has only 8 non-empty lines; body has only 1222 characters"
"улучшить","60","src/content/errors/ssd-ne-opredelyaetsya.mdx","SSD: не определяется — как исправить","Хранилища и файлы","8","1223","6","255","4","no","body has only 8 non-empty lines; body has only 1223 characters"
"улучшить","60","src/content/errors/ssd-net-dostupa-k-papke.mdx","SSD: нет доступа к папке — как исправить","Хранилища и файлы","8","1227","6","255","4","no","body has only 8 non-empty lines; body has only 1227 characters"
"улучшить","60","src/content/errors/ssd-oshibka-vvoda-vyvoda.mdx","SSD: ошибка ввода вывода — как исправить","Хранилища и файлы","8","1227","6","255","4","no","body has only 8 non-empty lines; body has only 1227 characters"
"улучшить","60","src/content/errors/ssd-povrezhdena-faylovaya-sistema.mdx","SSD: повреждена файловая система — как исправить","Хранилища и файлы","8","1235","6","255","4","no","body has only 8 non-empty lines; body has only 1235 characters"
"улучшить","60","src/content/errors/ssd-prosit-formatirovat.mdx","SSD: просит форматировать — как исправить","Хранилища и файлы","8","1228","6","255","4","no","body has only 8 non-empty lines; body has only 1228 characters"
"улучшить","60","src/content/errors/ssh-connection-refused-fix.mdx","SSH Connection Refused: исправление ошибки подключения","Сеть","8","1259","6","258","4","no","body has only 8 non-empty lines; body has only 1259 characters"
"улучшить","60","src/content/errors/ssl-certificate-blokiruet-prilozhenie.mdx","SSL certificate: блокирует приложение — как исправить","Безопасность","8","1244","6","263","4","no","body has only 8 non-empty lines; body has only 1244 characters"
"улучшить","60","src/content/errors/ssl-certificate-ne-prihodit-kod.mdx","SSL certificate: не приходит код — как исправить","Безопасность","8","1239","6","263","4","no","body has only 8 non-empty lines; body has only 1239 characters"
"улучшить","60","src/content/errors/ssl-certificate-ne-prinimaet-klyuch.mdx","SSL certificate: не принимает ключ — как исправить","Безопасность","8","1241","6","263","4","no","body has only 8 non-empty lines; body has only 1241 characters"
"улучшить","60","src/content/errors/ssl-certificate-oshibka-dostupa.mdx","SSL certificate: ошибка доступа — как исправить","Безопасность","8","1238","6","263","4","no","body has only 8 non-empty lines; body has only 1238 characters"
"улучшить","60","src/content/errors/ssl-certificate-oshibka-sertifikata.mdx","SSL certificate: ошибка сертификата — как исправить","Безопасность","8","1242","6","263","4","no","body has only 8 non-empty lines; body has only 1242 characters"
"улучшить","60","src/content/errors/storage-exfat-volume-not-detected.mdx","exFAT Volume: не определяется системой","Хранилища и файлы","8","1234","6","269","4","no","body has only 8 non-empty lines; body has only 1234 characters"
"улучшить","60","src/content/errors/storage-external-hdd-disconnects-randomly.mdx","External HDD: самопроизвольно отключается","Хранилища и файлы","8","1237","6","268","4","no","body has only 8 non-empty lines; body has only 1237 characters"
"улучшить","60","src/content/errors/storage-external-hdd-driver-error.mdx","External HDD: ошибка драйвера","Хранилища и файлы","8","1225","6","277","4","no","body has only 8 non-empty lines; body has only 1225 characters"
"улучшить","60","src/content/errors/storage-external-hdd-firmware-update-failed.mdx","External HDD: ошибка обновления прошивки","Хранилища и файлы","8","1236","6","271","4","no","body has only 8 non-empty lines; body has only 1236 characters"
"улучшить","60","src/content/errors/storage-external-hdd-low-performance.mdx","External HDD: низкая производительность","Хранилища и файлы","8","1235","6","274","4","no","body has only 8 non-empty lines; body has only 1235 characters"
"улучшить","60","src/content/errors/storage-external-hdd-not-detected.mdx","External HDD: не определяется системой","Хранилища и файлы","8","1234","6","269","4","no","body has only 8 non-empty lines; body has only 1234 characters"
"улучшить","60","src/content/errors/storage-nvme-drive-disconnects-randomly.mdx","NVMe Drive: самопроизвольно отключается","Хранилища и файлы","8","1233","6","268","4","no","body has only 8 non-empty lines; body has only 1233 characters"
"улучшить","60","src/content/errors/storage-nvme-drive-driver-error.mdx","NVMe Drive: ошибка драйвера","Хранилища и файлы","8","1221","6","277","4","no","body has only 8 non-empty lines; body has only 1221 characters"
"улучшить","60","src/content/errors/storage-nvme-drive-firmware-update-failed.mdx","NVMe Drive: ошибка обновления прошивки","Хранилища и файлы","8","1232","6","271","4","no","body has only 8 non-empty lines; body has only 1232 characters"
"улучшить","60","src/content/errors/storage-nvme-drive-low-performance.mdx","NVMe Drive: низкая производительность","Хранилища и файлы","8","1231","6","274","4","no","body has only 8 non-empty lines; body has only 1231 characters"
"улучшить","60","src/content/errors/storage-nvme-drive-not-detected.mdx","NVMe Drive: не определяется системой","Хранилища и файлы","8","1230","6","269","4","no","body has only 8 non-empty lines; body has only 1230 characters"
"улучшить","60","src/content/errors/thunderbird-ne-otpravlyaet-pisma.mdx","Thunderbird: не отправляет письма — как исправить","Электронная почта","8","1233","6","261","4","no","body has only 8 non-empty lines; body has only 1233 characters"
"улучшить","60","src/content/errors/thunderbird-ne-prinimaet-pisma.mdx","Thunderbird: не принимает письма — как исправить","Электронная почта","8","1232","6","261","4","no","body has only 8 non-empty lines; body has only 1232 characters"
"улучшить","60","src/content/errors/thunderbird-ne-rabotaet-vlozhenie.mdx","Thunderbird: не работает вложение — как исправить","Электронная почта","8","1233","6","261","4","no","body has only 8 non-empty lines; body has only 1233 characters"
"улучшить","60","src/content/errors/thunderbird-oshibka-parolya.mdx","Thunderbird: ошибка пароля — как исправить","Электронная почта","8","1226","6","261","4","no","body has only 8 non-empty lines; body has only 1226 characters"
"улучшить","60","src/content/errors/thunderbird-oshibka-sertifikata.mdx","Thunderbird: ошибка сертификата — как исправить","Электронная почта","8","1231","6","261","4","no","body has only 8 non-empty lines; body has only 1231 characters"
"улучшить","60","src/content/errors/thunderbird-pisma-popadayut-v-spam.mdx","Thunderbird: письма попадают в спам — как исправить","Электронная почта","8","1235","6","261","4","no","body has only 8 non-empty lines; body has only 1235 characters"
"улучшить","60","src/content/errors/tvs-audio-lg-tv-bad-smell.mdx","LG телевизор: появился запах или гарь","Телевизоры и аудио","8","1314","6","209","4","no","body has only 8 non-empty lines; body has only 1314 characters"
"улучшить","60","src/content/errors/tvs-audio-lg-tv-error-code.mdx","LG телевизор: показывает код ошибки","Телевизоры и аудио","8","1319","6","212","4","no","body has only 8 non-empty lines; body has only 1319 characters"
"улучшить","60","src/content/errors/tvs-audio-lg-tv-hdmi-212.mdx","LG TV: не видит HDMI — как исправить","Телевизоры и аудио","8","1312","6","208","4","no","body has only 8 non-empty lines; body has only 1312 characters"
"улучшить","60","src/content/errors/tvs-audio-lg-tv-makes-noise.mdx","LG телевизор: шумит или вибрирует","Телевизоры и аудио","8","1301","6","206","4","no","body has only 8 non-empty lines; body has only 1301 characters"
"улучшить","60","src/content/errors/tvs-audio-lg-tv-smart-tv-211.mdx","LG TV: зависает Smart TV — как исправить","Телевизоры и аудио","8","1316","6","208","4","no","body has only 8 non-empty lines; body has only 1316 characters"
"улучшить","60","src/content/errors/tvs-audio-lg-tv-stops-mid-cycle.mdx","LG телевизор: останавливается во время работы","Телевизоры и аудио","8","1339","6","215","4","no","body has only 8 non-empty lines; body has only 1339 characters"
"улучшить","60","src/content/errors/tvs-audio-lg-tv-wi-fi-210.mdx","LG TV: не подключается Wi-Fi — как исправить","Телевизоры и аудио","8","1320","6","208","4","no","body has only 8 non-empty lines; body has only 1320 characters"
"улучшить","60","src/content/errors/tvs-audio-lg-tv-wont-turn-on.mdx","LG телевизор: не включается","Телевизоры и аудио","8","1303","6","209","4","no","body has only 8 non-empty lines; body has only 1303 characters"
"улучшить","60","src/content/errors/tvs-audio-samsung-tv-bad-smell.mdx","Samsung телевизор: появился запах или гарь","Телевизоры и аудио","8","1319","6","210","4","no","body has only 8 non-empty lines; body has only 1319 characters"
"улучшить","60","src/content/errors/tvs-audio-samsung-tv-error-code.mdx","Samsung телевизор: показывает код ошибки","Телевизоры и аудио","8","1324","6","212","4","no","body has only 8 non-empty lines; body has only 1324 characters"
"улучшить","60","src/content/errors/tvs-audio-samsung-tv-hdmi-206.mdx","Samsung TV: не видит HDMI — как исправить","Телевизоры и аудио","8","1317","6","209","4","no","body has only 8 non-empty lines; body has only 1317 characters"
"улучшить","60","src/content/errors/tvs-audio-samsung-tv-makes-noise.mdx","Samsung телевизор: шумит или вибрирует","Телевизоры и аудио","8","1306","6","207","4","no","body has only 8 non-empty lines; body has only 1306 characters"
"улучшить","60","src/content/errors/tvs-audio-samsung-tv-smart-tv-205.mdx","Samsung TV: зависает Smart TV — как исправить","Телевизоры и аудио","8","1321","6","209","4","no","body has only 8 non-empty lines; body has only 1321 characters"
"улучшить","60","src/content/errors/tvs-audio-samsung-tv-stops-mid-cycle.mdx","Samsung телевизор: останавливается во время работы","Телевизоры и аудио","8","1344","6","216","4","no","body has only 8 non-empty lines; body has only 1344 characters"
"улучшить","60","src/content/errors/tvs-audio-samsung-tv-wi-fi-204.mdx","Samsung TV: не подключается Wi-Fi — как исправить","Телевизоры и аудио","8","1325","6","209","4","no","body has only 8 non-empty lines; body has only 1325 characters"
"улучшить","60","src/content/errors/tvs-audio-samsung-tv-wont-turn-on.mdx","Samsung телевизор: не включается","Телевизоры и аудио","8","1308","6","210","4","no","body has only 8 non-empty lines; body has only 1308 characters"
"улучшить","60","src/content/errors/uefi-ne-sohranyaet-nastroyki.mdx","UEFI: не сохраняет настройки — как исправить","BIOS и UEFI","8","1222","6","255","4","no","body has only 8 non-empty lines; body has only 1222 characters"
"улучшить","60","src/content/errors/uefi-ne-vidit-zagruzochnyy-disk.mdx","UEFI: не видит загрузочный диск — как исправить","BIOS и UEFI","8","1225","6","255","4","no","body has only 8 non-empty lines; body has only 1225 characters"
"улучшить","60","src/content/errors/uefi-sbrosilsya-posle-obnovleniya.mdx","UEFI: сбросился после обновления — как исправить","BIOS и UEFI","8","1226","6","255","4","no","body has only 8 non-empty lines; body has only 1226 characters"
"улучшить","60","src/content/errors/usb-flash-drive-medlenno-kopiruet-fayly.mdx","USB flash drive: медленно копирует файлы — как исправить","Хранилища и файлы","8","1255","6","261","4","no","body has only 8 non-empty lines; body has only 1255 characters"
"улучшить","60","src/content/errors/usb-flash-drive-ne-montiruetsya.mdx","USB flash drive: не монтируется — как исправить","Хранилища и файлы","8","1246","6","261","4","no","body has only 8 non-empty lines; body has only 1246 characters"
"улучшить","60","src/content/errors/usb-flash-drive-ne-opredelyaetsya.mdx","USB flash drive: не определяется — как исправить","Хранилища и файлы","8","1247","6","261","4","no","body has only 8 non-empty lines; body has only 1247 characters"
"улучшить","60","src/content/errors/usb-flash-drive-oshibka-vvoda-vyvoda.mdx","USB flash drive: ошибка ввода вывода — как исправить","Хранилища и файлы","8","1251","6","261","4","no","body has only 8 non-empty lines; body has only 1251 characters"
"улучшить","60","src/content/errors/usb-flash-drive-povrezhdena-faylovaya-sistema.mdx","USB flash drive: повреждена файловая система — как исправить","Хранилища и файлы","8","1259","6","261","4","no","body has only 8 non-empty lines; body has only 1259 characters"
"улучшить","60","src/content/errors/usb-flash-drive-prosit-formatirovat.mdx","USB flash drive: просит форматировать — как исправить","Хранилища и файлы","8","1252","6","261","4","no","body has only 8 non-empty lines; body has only 1252 characters"
"улучшить","60","src/content/errors/vacuums-roborock-vacuum-bad-smell.mdx","Roborock vacuum: появился запах или гарь","Пылесосы и роботы-пылесосы","8","1301","6","208","4","no","body has only 8 non-empty lines; body has only 1301 characters"
"улучшить","60","src/content/errors/vacuums-roborock-vacuum-error-code.mdx","Roborock vacuum: показывает код ошибки","Пылесосы и роботы-пылесосы","8","1306","6","211","4","no","body has only 8 non-empty lines; body has only 1306 characters"
"улучшить","60","src/content/errors/vacuums-roborock-vacuum-leaks-water.mdx","Roborock vacuum: протекает","Пылесосы и роботы-пылесосы","8","1282","6","207","4","no","body has only 8 non-empty lines; body has only 1282 characters"
"улучшить","60","src/content/errors/vacuums-roborock-vacuum-makes-noise.mdx","Roborock vacuum: шумит или вибрирует","Пылесосы и роботы-пылесосы","8","1288","6","205","4","no","body has only 8 non-empty lines; body has only 1288 characters"
"улучшить","60","src/content/errors/vacuums-roborock-vacuum-stops-mid-cycle.mdx","Roborock vacuum: останавливается во время работы","Пылесосы и роботы-пылесосы","8","1326","6","214","4","no","body has only 8 non-empty lines; body has only 1326 characters"
"улучшить","60","src/content/errors/vacuums-roborock-vacuum-wont-turn-on.mdx","Roborock vacuum: не включается","Пылесосы и роботы-пылесосы","8","1290","6","208","4","no","body has only 8 non-empty lines; body has only 1290 characters"
"улучшить","60","src/content/errors/vacuums-xiaomi-robot-vacuum-bad-smell.mdx","Xiaomi robot vacuum: появился запах или гарь","Пылесосы и роботы-пылесосы","8","1305","6","209","4","no","body has only 8 non-empty lines; body has only 1305 characters"
"улучшить","60","src/content/errors/vacuums-xiaomi-robot-vacuum-error-code.mdx","Xiaomi robot vacuum: показывает код ошибки","Пылесосы и роботы-пылесосы","8","1310","6","211","4","no","body has only 8 non-empty lines; body has only 1310 characters"
"улучшить","60","src/content/errors/vacuums-xiaomi-robot-vacuum-leaks-water.mdx","Xiaomi robot vacuum: протекает","Пылесосы и роботы-пылесосы","8","1286","6","207","4","no","body has only 8 non-empty lines; body has only 1286 characters"
"улучшить","60","src/content/errors/vacuums-xiaomi-robot-vacuum-makes-noise.mdx","Xiaomi robot vacuum: шумит или вибрирует","Пылесосы и роботы-пылесосы","8","1292","6","206","4","no","body has only 8 non-empty lines; body has only 1292 characters"
"улучшить","60","src/content/errors/vacuums-xiaomi-robot-vacuum-stops-mid-cycle.mdx","Xiaomi robot vacuum: останавливается во время работы","Пылесосы и роботы-пылесосы","8","1330","6","215","4","no","body has only 8 non-empty lines; body has only 1330 characters"
"улучшить","60","src/content/errors/vacuums-xiaomi-robot-vacuum-wont-turn-on.mdx","Xiaomi robot vacuum: не включается","Пылесосы и роботы-пылесосы","8","1294","6","209","4","no","body has only 8 non-empty lines; body has only 1294 characters"
"улучшить","60","src/content/errors/veb-razrabotka-failed-to-start-gdm-service-ustranenie-oshibki-failed-to-start-gdm-service-v-ubun.mdx","Устранение ошибки ""Failed to start gdm.service"" в Ubuntu","Веб-разработка","8","1281","6","209","4","no","body has only 8 non-empty lines; body has only 1281 characters"
"улучшить","60","src/content/errors/veb-razrabotka-gdm-service-failed-to-start-ispravlenie-oshibki-failed-to-start-gdm-service-v-ubu.mdx","Исправление ошибки ""Failed to start gdm.service"" в Ubuntu","Веб-разработка","8","1283","6","511","4","no","body has only 8 non-empty lines; body has only 1283 characters"
"улучшить","60","src/content/errors/virtualbox-ne-rabotaet-obschiy-bufer.mdx","VirtualBox: не работает общий буфер — как исправить","Виртуализация","8","1249","6","261","4","no","body has only 8 non-empty lines; body has only 1249 characters"
"улучшить","60","src/content/errors/virtualbox-ne-zapuskaet-virtualnuyu-mashinu.mdx","VirtualBox: не запускает виртуальную машину — как исправить","Виртуализация","8","1257","6","261","4","no","body has only 8 non-empty lines; body has only 1257 characters"
"улучшить","60","src/content/errors/virtualbox-net-apparatnoy-virtualizatsii.mdx","VirtualBox: нет аппаратной виртуализации — как исправить","Виртуализация","8","1254","6","261","4","no","body has only 8 non-empty lines; body has only 1254 characters"
"улучшить","60","src/content/errors/virtualbox-nizkaya-proizvoditelnost.mdx","VirtualBox: низкая производительность — как исправить","Виртуализация","8","1251","6","263","4","no","body has only 8 non-empty lines; body has only 1251 characters"
"улучшить","60","src/content/errors/virtualization-hyper-v-crashes-after-update.mdx","Hyper-V: вылетает после обновления","Виртуализация","8","1229","6","278","4","no","body has only 8 non-empty lines; body has only 1229 characters"
"улучшить","60","src/content/errors/virtualization-hyper-v-nat-135.mdx","Hyper-V: ошибка сети NAT — как исправить","Виртуализация","8","1235","7","275","4","no","body has only 8 non-empty lines; body has only 1235 characters"
"улучшить","60","src/content/errors/virtualization-hyper-v-permission-denied.mdx","Hyper-V: отказано в доступе","Виртуализация","8","1222","6","277","4","no","body has only 8 non-empty lines; body has only 1222 characters"
"улучшить","60","src/content/errors/virtualization-hyper-v-shared-folder-137.mdx","Hyper-V: не монтируется shared folder — как исправить","Виртуализация","8","1248","7","275","4","no","body has only 8 non-empty lines; body has only 1248 characters"
"улучшить","60","src/content/errors/virtualization-hyper-v-wont-start.mdx","Hyper-V: не запускается","Виртуализация","8","1218","6","269","4","no","body has only 8 non-empty lines; body has only 1218 characters"
"улучшить","60","src/content/errors/virtualization-virtualbox-nat-129.mdx","VirtualBox: ошибка сети NAT — как исправить","Виртуализация","8","1241","7","275","4","no","body has only 8 non-empty lines; body has only 1241 characters"
"улучшить","60","src/content/errors/virtualization-virtualbox-shared-folder-131.mdx","VirtualBox: не монтируется shared folder — как исправить","Виртуализация","8","1254","7","275","4","no","body has only 8 non-empty lines; body has only 1254 characters"
"улучшить","60","src/content/errors/virtualization-vmware-workstation-config-error.mdx","VMware Workstation: ошибка конфигурации","Виртуализация","8","1245","6","282","4","no","body has only 8 non-empty lines; body has only 1245 characters"
"улучшить","60","src/content/errors/virtualization-vmware-workstation-crashes-after-update.mdx","VMware Workstation: вылетает после обновления","Виртуализация","8","1251","6","280","4","no","body has only 8 non-empty lines; body has only 1251 characters"
"улучшить","60","src/content/errors/virtualization-vmware-workstation-high-cpu.mdx","VMware Workstation: нагружает процессор","Виртуализация","8","1245","6","285","4","no","body has only 8 non-empty lines; body has only 1245 characters"
"улучшить","60","src/content/errors/virtualization-vmware-workstation-nat-123.mdx","VMware Workstation: ошибка сети NAT — как исправить","Виртуализация","8","1257","7","275","4","no","body has only 8 non-empty lines; body has only 1257 characters"
"улучшить","60","src/content/errors/virtualization-vmware-workstation-network-timeout.mdx","VMware Workstation: ошибка подключения или тайм-аут","Виртуализация","8","1257","6","268","4","no","body has only 8 non-empty lines; body has only 1257 characters"
"улучшить","60","src/content/errors/virtualization-vmware-workstation-permission-denied.mdx","VMware Workstation: отказано в доступе","Виртуализация","8","1244","6","279","4","no","body has only 8 non-empty lines; body has only 1244 characters"
"улучшить","60","src/content/errors/virtualization-vmware-workstation-shared-folder-125.mdx","VMware Workstation: не монтируется shared folder — как исправить","Виртуализация","8","1270","7","275","4","no","body has only 8 non-empty lines; body has only 1270 characters"
"улучшить","60","src/content/errors/virtualization-vmware-workstation-sync-failed.mdx","VMware Workstation: не синхронизируется","Виртуализация","8","1245","6","272","4","no","body has only 8 non-empty lines; body has only 1245 characters"
"улучшить","60","src/content/errors/virtualization-vmware-workstation-update-failed.mdx","VMware Workstation: ошибка обновления","Виртуализация","8","1243","6","275","4","no","body has only 8 non-empty lines; body has only 1243 characters"
"улучшить","60","src/content/errors/virtualization-vmware-workstation-wont-start.mdx","VMware Workstation: не запускается","Виртуализация","8","1240","6","271","4","no","body has only 8 non-empty lines; body has only 1240 characters"
"улучшить","60","src/content/errors/vmware-workstation-ne-rabotaet-obschiy-bufer.mdx","VMware Workstation: не работает общий буфер — как исправить","Виртуализация","8","1265","6","265","4","no","body has only 8 non-empty lines; body has only 1265 characters"
"улучшить","60","src/content/errors/vmware-workstation-ne-zapuskaet-virtualnuyu-mashinu.mdx","VMware Workstation: не запускает виртуальную машину — как исправить","Виртуализация","8","1273","6","265","4","no","body has only 8 non-empty lines; body has only 1273 characters"
"улучшить","60","src/content/errors/vmware-workstation-net-apparatnoy-virtualizatsii.mdx","VMware Workstation: нет аппаратной виртуализации — как исправить","Виртуализация","8","1270","6","265","4","no","body has only 8 non-empty lines; body has only 1270 characters"
"улучшить","60","src/content/errors/vmware-workstation-nizkaya-proizvoditelnost.mdx","VMware Workstation: низкая производительность — как исправить","Виртуализация","8","1267","6","267","4","no","body has only 8 non-empty lines; body has only 1267 characters"
"улучшить","60","src/content/errors/vpn-connection-failed-fix.mdx","VPN не подключается: исправление проблем в Windows","Безопасность","8","1245","6","253","4","no","body has only 8 non-empty lines; body has only 1245 characters"
"улучшить","60","src/content/errors/washing-machines-lg-washing-machine-bad-smell.mdx","LG washing machine: появился запах или гарь","Стиральные машины","8","1287","6","206","4","no","body has only 8 non-empty lines; body has only 1287 characters"
"улучшить","60","src/content/errors/washing-machines-lg-washing-machine-does-not-drain.mdx","LG washing machine: не сливает воду","Стиральные машины","8","1280","6","206","4","no","body has only 8 non-empty lines; body has only 1280 characters"
"улучшить","60","src/content/errors/washing-machines-lg-washing-machine-does-not-heat.mdx","LG washing machine: не греет","Стиральные машины","8","1266","6","204","4","no","body has only 8 non-empty lines; body has only 1266 characters"
"улучшить","60","src/content/errors/washing-machines-lg-washing-machine-error-code.mdx","LG washing machine: показывает код ошибки","Стиральные машины","8","1292","6","208","4","no","body has only 8 non-empty lines; body has only 1292 characters"
"улучшить","60","src/content/errors/washing-machines-lg-washing-machine-leaks-water.mdx","LG washing machine: протекает","Стиральные машины","8","1268","6","204","4","no","body has only 8 non-empty lines; body has only 1268 characters"
"улучшить","60","src/content/errors/washing-machines-lg-washing-machine-makes-noise.mdx","LG washing machine: шумит или вибрирует","Стиральные машины","8","1274","6","203","4","no","body has only 8 non-empty lines; body has only 1274 characters"
"улучшить","60","src/content/errors/washing-machines-lg-washing-machine-stops-mid-cycle.mdx","LG washing machine: останавливается во время работы","Стиральные машины","8","1312","6","212","4","no","body has only 8 non-empty lines; body has only 1312 characters"
"улучшить","60","src/content/errors/washing-machines-lg-washing-machine-wont-turn-on.mdx","LG washing machine: не включается","Стиральные машины","8","1276","6","206","4","no","body has only 8 non-empty lines; body has only 1276 characters"
"улучшить","60","src/content/errors/washing-machines-samsung-washing-machine-bad-smell.mdx","Samsung washing machine: появился запах или гарь","Стиральные машины","8","1292","6","207","4","no","body has only 8 non-empty lines; body has only 1292 characters"
"улучшить","60","src/content/errors/washing-machines-samsung-washing-machine-does-not-drain.mdx","Samsung washing machine: не сливает воду","Стиральные машины","8","1285","6","207","4","no","body has only 8 non-empty lines; body has only 1285 characters"
"улучшить","60","src/content/errors/washing-machines-samsung-washing-machine-does-not-heat.mdx","Samsung washing machine: не греет","Стиральные машины","8","1271","6","205","4","no","body has only 8 non-empty lines; body has only 1271 characters"
"улучшить","60","src/content/errors/washing-machines-samsung-washing-machine-error-code.mdx","Samsung washing machine: показывает код ошибки","Стиральные машины","8","1297","6","209","4","no","body has only 8 non-empty lines; body has only 1297 characters"
"улучшить","60","src/content/errors/washing-machines-samsung-washing-machine-leaks-water.mdx","Samsung washing machine: протекает","Стиральные машины","8","1273","6","205","4","no","body has only 8 non-empty lines; body has only 1273 characters"
"улучшить","60","src/content/errors/washing-machines-samsung-washing-machine-makes-noise.mdx","Samsung washing machine: шумит или вибрирует","Стиральные машины","8","1279","6","204","4","no","body has only 8 non-empty lines; body has only 1279 characters"
"улучшить","60","src/content/errors/washing-machines-samsung-washing-machine-stops-mid-cycle.mdx","Samsung washing machine: останавливается во время работы","Стиральные машины","8","1317","6","212","4","no","body has only 8 non-empty lines; body has only 1317 characters"
"улучшить","60","src/content/errors/washing-machines-samsung-washing-machine-wont-turn-on.mdx","Samsung washing machine: не включается","Стиральные машины","8","1281","6","206","4","no","body has only 8 non-empty lines; body has only 1281 characters"
"улучшить","60","src/content/errors/web-development-next-js-config-error.mdx","Next.js: ошибка конфигурации","Веб-разработка","8","1204","6","280","4","no","body has only 8 non-empty lines; body has only 1204 characters"
"улучшить","60","src/content/errors/web-development-next-js-crashes-after-update.mdx","Next.js: вылетает после обновления","Веб-разработка","8","1210","6","277","4","no","body has only 8 non-empty lines; body has only 1210 characters"
"улучшить","60","src/content/errors/web-development-next-js-high-cpu.mdx","Next.js: нагружает процессор","Веб-разработка","8","1204","6","283","4","no","body has only 8 non-empty lines; body has only 1204 characters"
"улучшить","60","src/content/errors/web-development-next-js-network-timeout.mdx","Next.js: ошибка подключения или тайм-аут","Веб-разработка","8","1216","6","265","4","no","body has only 8 non-empty lines; body has only 1216 characters"
"улучшить","60","src/content/errors/web-development-next-js-permission-denied.mdx","Next.js: отказано в доступе","Веб-разработка","8","1203","6","276","4","no","body has only 8 non-empty lines; body has only 1203 characters"
"улучшить","60","src/content/errors/web-development-next-js-sync-failed.mdx","Next.js: не синхронизируется","Веб-разработка","8","1204","6","270","4","no","body has only 8 non-empty lines; body has only 1204 characters"
"улучшить","60","src/content/errors/web-development-next-js-update-failed.mdx","Next.js: ошибка обновления","Веб-разработка","8","1202","6","273","4","no","body has only 8 non-empty lines; body has only 1202 characters"
"улучшить","60","src/content/errors/web-development-next-js-wont-start.mdx","Next.js: не запускается","Веб-разработка","8","1199","6","268","4","no","body has only 8 non-empty lines; body has only 1199 characters"
"улучшить","60","src/content/errors/web-development-react-crashes-after-update.mdx","React: вылетает после обновления","Веб-разработка","8","1206","6","277","4","no","body has only 8 non-empty lines; body has only 1206 characters"
"улучшить","60","src/content/errors/web-development-react-permission-denied.mdx","React: отказано в доступе","Веб-разработка","8","1199","6","276","4","no","body has only 8 non-empty lines; body has only 1199 characters"
"улучшить","60","src/content/errors/web-development-react-sync-failed.mdx","React: не синхронизируется","Веб-разработка","8","1200","6","269","4","no","body has only 8 non-empty lines; body has only 1200 characters"
"улучшить","60","src/content/errors/web-development-react-wont-start.mdx","React: не запускается","Веб-разработка","8","1195","6","268","4","no","body has only 8 non-empty lines; body has only 1195 characters"
"улучшить","60","src/content/errors/web-development-vite-config-error.mdx","Vite: ошибка конфигурации","Веб-разработка","8","1198","6","279","4","no","body has only 8 non-empty lines; body has only 1198 characters"
"улучшить","60","src/content/errors/web-development-vite-crashes-after-update.mdx","Vite: вылетает после обновления","Веб-разработка","8","1204","6","277","4","no","body has only 8 non-empty lines; body has only 1204 characters"
"улучшить","60","src/content/errors/web-development-vite-high-cpu.mdx","Vite: нагружает процессор","Веб-разработка","8","1198","6","282","4","no","body has only 8 non-empty lines; body has only 1198 characters"
"улучшить","60","src/content/errors/web-development-vite-network-timeout.mdx","Vite: ошибка подключения или тайм-аут","Веб-разработка","8","1210","6","265","4","no","body has only 8 non-empty lines; body has only 1210 characters"
"улучшить","60","src/content/errors/web-development-vite-permission-denied.mdx","Vite: отказано в доступе","Веб-разработка","8","1197","6","276","4","no","body has only 8 non-empty lines; body has only 1197 characters"
"улучшить","60","src/content/errors/web-development-vite-sync-failed.mdx","Vite: не синхронизируется","Веб-разработка","8","1198","6","269","4","no","body has only 8 non-empty lines; body has only 1198 characters"
"улучшить","60","src/content/errors/web-development-vite-update-failed.mdx","Vite: ошибка обновления","Веб-разработка","8","1196","6","272","4","no","body has only 8 non-empty lines; body has only 1196 characters"
"улучшить","60","src/content/errors/web-development-vite-wont-start.mdx","Vite: не запускается","Веб-разработка","8","1193","6","268","4","no","body has only 8 non-empty lines; body has only 1193 characters"
"улучшить","60","src/content/errors/wi-fi-not-connecting-fix.mdx","Wi-Fi не подключается: исправление проблем в Windows 10/11","Сеть","8","1262","6","252","4","no","body has only 8 non-empty lines; body has only 1262 characters"
"улучшить","60","src/content/errors/windows-0x80070005-access-denied.mdx","Windows 0x80070005: как исправить ошибку доступа запрещён","Windows","8","1258","6","252","4","no","body has only 8 non-empty lines; body has only 1258 characters"
"улучшить","60","src/content/errors/windows-0xc000021a-ispravlenie-oshibki-sinego-ekrana-0xc000021a-v-windows.mdx","Как исправить ошибку BSOD 0xc000021a в Windows","Windows","8","1275","6","264","4","no","body has only 8 non-empty lines; body has only 1275 characters"
"улучшить","60","src/content/errors/windows-0xc000021a-ispravlenie-oshibki-sinii-ekran-smerti-0xc000021a-v-windows.mdx","Исправление ошибки ""Синий экран смерти"" 0xc000021a в Windows","Windows","8","1303","6","274","4","no","body has only 8 non-empty lines; body has only 1303 characters"
"улучшить","60","src/content/errors/windows-0xc000021a-kak-ispravit-oshibku-0xc000021a-dostup-zapreschen-pri-zagruzke-windows.mdx","Как исправить ошибку 0xc000021a ""Доступ запрещен"" при загрузке Windows","Windows","8","1323","6","296","4","no","body has only 8 non-empty lines; body has only 1323 characters"
"улучшить","60","src/content/errors/windows-audio-hripit-zvuk.mdx","Windows audio: хрипит звук — как исправить","Аудио и видео","8","1224","6","261","4","no","body has only 8 non-empty lines; body has only 1224 characters"
"улучшить","60","src/content/errors/windows-audio-mikrofon-ne-rabotaet.mdx","Windows audio: микрофон не работает — как исправить","Аудио и видео","8","1233","6","261","4","no","body has only 8 non-empty lines; body has only 1233 characters"
"улучшить","60","src/content/errors/windows-audio-net-izobrazheniya.mdx","Windows audio: нет изображения — как исправить","Аудио и видео","8","1228","6","261","4","no","body has only 8 non-empty lines; body has only 1228 characters"
"улучшить","60","src/content/errors/windows-audio-net-zvuka.mdx","Windows audio: нет звука — как исправить","Аудио и видео","8","1222","6","261","4","no","body has only 8 non-empty lines; body has only 1222 characters"
"улучшить","60","src/content/errors/windows-audio-oshibka-kodeka.mdx","Windows audio: ошибка кодека — как исправить","Аудио и видео","8","1226","6","261","4","no","body has only 8 non-empty lines; body has only 1226 characters"
"улучшить","60","src/content/errors/windows-audio-rassinhron-audio-i-video.mdx","Windows audio: рассинхрон аудио и видео — как исправить","Аудио и видео","8","1237","6","261","4","no","body has only 8 non-empty lines; body has only 1237 characters"
"улучшить","60","src/content/errors/windows-audio-service-fix.mdx","Windows аудиослужба не работает: как исправить отсутствие звука","Windows","8","1277","6","251","4","no","body has only 8 non-empty lines; body has only 1277 characters"
"улучшить","60","src/content/errors/windows-defender-blokiruet-prilozhenie.mdx","Windows Defender: блокирует приложение — как исправить","Безопасность","8","1246","6","263","4","no","body has only 8 non-empty lines; body has only 1246 characters"
"улучшить","60","src/content/errors/windows-defender-ne-prihodit-kod.mdx","Windows Defender: не приходит код — как исправить","Безопасность","8","1241","6","263","4","no","body has only 8 non-empty lines; body has only 1241 characters"
"улучшить","60","src/content/errors/windows-defender-ne-prinimaet-klyuch.mdx","Windows Defender: не принимает ключ — как исправить","Безопасность","8","1243","6","263","4","no","body has only 8 non-empty lines; body has only 1243 characters"
"улучшить","60","src/content/errors/windows-defender-oshibka-dostupa.mdx","Windows Defender: ошибка доступа — как исправить","Безопасность","8","1240","6","263","4","no","body has only 8 non-empty lines; body has only 1240 characters"
"улучшить","60","src/content/errors/windows-defender-oshibka-sertifikata.mdx","Windows Defender: ошибка сертификата — как исправить","Безопасность","8","1244","6","263","4","no","body has only 8 non-empty lines; body has only 1244 characters"
"улучшить","60","src/content/errors/windows-dxgi-error-device-removed-ustranenie-oshibki-nvidia-driver-device-removed-i-dxgi-error-d.mdx","Устранение ошибки ""NVIDIA driver device removed"" и DXGI_ERROR_DEVICE_REMOVED","Windows","8","1335","6","385","4","no","body has only 8 non-empty lines; body has only 1335 characters"
"улучшить","60","src/content/errors/windows-fps-low-post-upgrade-win11-nizkii-fps-v-igrah-posle-obnovleniya-pk-ili-pereustanovki-win.mdx","Низкий FPS в играх после обновления ПК или переустановки Windows 11: Полное руководство по устранению проблем","Windows","8","1359","6","477","4","no","body has only 8 non-empty lines; body has only 1359 characters"
"улучшить","60","src/content/errors/windows-microsoft-store-crashes-after-update.mdx","Microsoft Store: вылетает после обновления","Windows","8","1240","6","277","4","no","body has only 8 non-empty lines; body has only 1240 characters"
"улучшить","60","src/content/errors/windows-microsoft-store-wont-start.mdx","Microsoft Store: не запускается","Windows","8","1229","6","268","4","no","body has only 8 non-empty lines; body has only 1229 characters"
"улучшить","60","src/content/errors/windows-nvidia-audio-game-issue-propal-zvuk-v-igrah-pri-ispolzovanii-draiverov-nvidia-kompleksn.mdx","Пропал звук в играх при использовании драйверов NVIDIA: комплексное решение","Windows","8","1312","6","274","4","no","body has only 8 non-empty lines; body has only 1312 characters"
"улучшить","60","src/content/errors/windows-nvidia-driver-timeout-001-kak-ispravit-oshibku-taim-aut-draivera-nvidia.mdx","Как исправить ошибку «Тайм-аут драйвера NVIDIA»","Windows","8","1277","6","273","4","no","body has only 8 non-empty lines; body has only 1277 characters"
"улучшить","60","src/content/errors/windows-soundingames-noaudio-kak-ispravit-otsutstvie-ili-propadanie-zvuka-v-igrah-na-windows.mdx","Как исправить отсутствие или пропадание звука в играх на Windows","Windows","8","1311","6","298","4","no","body has only 8 non-empty lines; body has only 1311 characters"
"улучшить","60","src/content/errors/windows-update-0x80070002.mdx","Ошибка 0x80070002 при обновлении Windows: решение","Windows","8","1272","6","221","4","no","body has only 8 non-empty lines; body has only 1272 characters"
"улучшить","60","src/content/errors/windows-update-stuck-fix.mdx","Windows Update зависает: исправление проблем с обновлением","Windows","8","1264","6","283","4","no","body has only 8 non-empty lines; body has only 1264 characters"
"улучшить","60","src/content/errors/windows-video-dxgkrnl-fatal-error-nvidia-drivers-kak-ispravit-fatalnye-oshibki-draivera-nvidia.mdx","Как исправить фатальные ошибки драйвера NVIDIA и синий экран VIDEO_DXGKRNL_FATAL_ERROR","Windows","8","1355","6","295","4","no","body has only 8 non-empty lines; body has only 1355 characters"
"улучшить","60","src/content/errors/windows-windows-update-config-error.mdx","Windows Update: ошибка конфигурации","Windows","8","1232","6","279","4","no","body has only 8 non-empty lines; body has only 1232 characters"
"улучшить","60","src/content/errors/windows-windows-update-crashes-after-update.mdx","Windows Update: вылетает после обновления","Windows","8","1238","6","277","4","no","body has only 8 non-empty lines; body has only 1238 characters"
"улучшить","60","src/content/errors/windows-windows-update-high-cpu.mdx","Windows Update: нагружает процессор","Windows","8","1232","6","282","4","no","body has only 8 non-empty lines; body has only 1232 characters"
"улучшить","60","src/content/errors/windows-windows-update-network-timeout.mdx","Windows Update: ошибка подключения или тайм-аут","Windows","8","1244","6","265","4","no","body has only 8 non-empty lines; body has only 1244 characters"
"улучшить","60","src/content/errors/windows-windows-update-permission-denied.mdx","Windows Update: отказано в доступе","Windows","8","1231","6","276","4","no","body has only 8 non-empty lines; body has only 1231 characters"
"улучшить","60","src/content/errors/windows-windows-update-sync-failed.mdx","Windows Update: не синхронизируется","Windows","8","1232","6","269","4","no","body has only 8 non-empty lines; body has only 1232 characters"
"улучшить","60","src/content/errors/windows-windows-update-update-failed.mdx","Windows Update: ошибка обновления","Windows","8","1230","6","272","4","no","body has only 8 non-empty lines; body has only 1230 characters"
"улучшить","60","src/content/errors/windows-windows-update-wont-start.mdx","Windows Update: не запускается","Windows","8","1227","6","268","4","no","body has only 8 non-empty lines; body has only 1227 characters"
"улучшить","60","src/content/errors/word-ne-otkryvaet-fayl.mdx","Word: не открывает файл — как исправить","Офисные программы","8","1204","6","254","4","no","body has only 8 non-empty lines; body has only 1204 characters"
"улучшить","60","src/content/errors/word-ne-pechataet-dokument.mdx","Word: не печатает документ — как исправить","Офисные программы","8","1207","6","254","4","no","body has only 8 non-empty lines; body has only 1207 characters"
"улучшить","60","src/content/errors/word-ne-rabotaet-makros.mdx","Word: не работает макрос — как исправить","Офисные программы","8","1205","6","254","4","no","body has only 8 non-empty lines; body has only 1205 characters"
"улучшить","60","src/content/errors/word-oshibka-sohraneniya.mdx","Word: ошибка сохранения — как исправить","Офисные программы","8","1204","6","254","4","no","body has only 8 non-empty lines; body has only 1204 characters"
"улучшить","60","src/content/errors/word-povrezhden-dokument.mdx","Word: поврежден документ — как исправить","Офисные программы","8","1205","6","254","4","no","body has only 8 non-empty lines; body has only 1205 characters"
"улучшить","60","src/content/errors/wsl2-ne-zapuskaet-virtualnuyu-mashinu.mdx","WSL2: не запускает виртуальную машину — как исправить","Виртуализация","8","1245","6","258","4","no","body has only 8 non-empty lines; body has only 1245 characters"
"улучшить","60","src/content/errors/wsl2-net-apparatnoy-virtualizatsii.mdx","WSL2: нет аппаратной виртуализации — как исправить","Виртуализация","8","1242","6","258","4","no","body has only 8 non-empty lines; body has only 1242 characters"
"улучшить","60","src/content/errors/xiaomi-robot-vacuum-ne-krutitsya-schetka.mdx","Xiaomi robot vacuum: не крутится щетка — как исправить","Пылесосы и роботы-пылесосы","8","1314","6","209","4","no","body has only 8 non-empty lines; body has only 1314 characters"
"улучшить","60","src/content/errors/xiaomi-robot-vacuum-ne-stroit-kartu.mdx","Xiaomi robot vacuum: не строит карту — как исправить","Пылесосы и роботы-пылесосы","8","1312","6","209","4","no","body has only 8 non-empty lines; body has only 1312 characters"
"улучшить","60","src/content/errors/xiaomi-robot-vacuum-ne-vozvraschaetsya-na-bazu.mdx","Xiaomi robot vacuum: не возвращается на базу — как исправить","Пылесосы и роботы-пылесосы","8","1320","6","209","4","no","body has only 8 non-empty lines; body has only 1320 characters"
"улучшить","60","src/content/errors/xiaomi-robot-vacuum-ne-zaryazhaetsya.mdx","Xiaomi robot vacuum: не заряжается — как исправить","Пылесосы и роботы-пылесосы","8","1310","6","209","4","no","body has only 8 non-empty lines; body has only 1310 characters"
"улучшить","60","src/content/errors/xiaomi-robot-vacuum-oshibka-datchika.mdx","Xiaomi robot vacuum: ошибка датчика — как исправить","Пылесосы и роботы-пылесосы","8","1311","6","209","4","no","body has only 8 non-empty lines; body has only 1311 characters"
"улучшить","60","src/content/errors/xiaomi-robot-vacuum-ploho-vsasyvaet.mdx","Xiaomi robot vacuum: плохо всасывает — как исправить","Пылесосы и роботы-пылесосы","8","1312","6","209","4","no","body has only 8 non-empty lines; body has only 1312 characters"
