"action","file","title","category","steps","sources","issues"
"pass","src/content/errors/ac-heating-daikin-air-conditioner-bad-smell.mdx","Daikin air conditioner: появился запах или гарь","Кондиционеры и обогрев","6","4",""
"pass","src/content/errors/ac-heating-daikin-air-conditioner-does-not-drain.mdx","Daikin air conditioner: не сливает воду","Кондиционеры и обогрев","6","4",""
"pass","src/content/errors/ac-heating-daikin-air-conditioner-does-not-heat.mdx","Daikin air conditioner: не греет","Кондиционеры и обогрев","6","4",""
"pass","src/content/errors/ac-heating-daikin-air-conditioner-error-code.mdx","Daikin air conditioner: показывает код ошибки","Кондиционеры и обогрев","6","4",""
"pass","src/content/errors/ac-heating-daikin-air-conditioner-leaks-water.mdx","Daikin air conditioner: протекает","Кондиционеры и обогрев","6","4",""
"pass","src/content/errors/ac-heating-daikin-air-conditioner-makes-noise.mdx","Daikin air conditioner: шумит или вибрирует","Кондиционеры и обогрев","6","4",""
"pass","src/content/errors/ac-heating-daikin-air-conditioner-stops-mid-cycle.mdx","Daikin air conditioner: останавливается во время работы","Кондиционеры и обогрев","6","4",""
"pass","src/content/errors/ac-heating-daikin-air-conditioner-wont-turn-on.mdx","Daikin air conditioner: не включается","Кондиционеры и обогрев","6","4",""
"pass","src/content/errors/ac-heating-daikin-kondicioner-bad-smell.mdx","Daikin кондиционер: появился запах при работе","Кондиционеры и обогрев","6","4",""
"pass","src/content/errors/ac-heating-daikin-kondicioner-does-not-start.mdx","Daikin кондиционер: не запускается","Кондиционеры и обогрев","6","4",""
"pass","src/content/errors/ac-heating-daikin-kondicioner-error-code.mdx","Daikin кондиционер: показывает код ошибки","Кондиционеры и обогрев","6","4",""
"pass","src/content/errors/ac-heating-daikin-kondicioner-leaks-water.mdx","Daikin кондиционер: подтекает снизу или у двери","Кондиционеры и обогрев","6","4",""
"pass","src/content/errors/ac-heating-daikin-kondicioner-noise-vibration.mdx","Daikin кондиционер: шумит или вибрирует сильнее обычного","Кондиционеры и обогрев","6","4",""
"pass","src/content/errors/ac-heating-daikin-kondicioner-stops-mid-cycle.mdx","Daikin кондиционер: останавливается в середине цикла","Кондиционеры и обогрев","6","4",""
"pass","src/content/errors/ac-heating-drenazh-kondicionera-bad-smell.mdx","дренаж кондиционера: появился запах при работе","Кондиционеры и обогрев","6","3",""
"pass","src/content/errors/ac-heating-drenazh-kondicionera-does-not-start.mdx","дренаж кондиционера: не запускается","Кондиционеры и обогрев","6","3",""
"pass","src/content/errors/ac-heating-drenazh-kondicionera-leaks-water.mdx","дренаж кондиционера: подтекает снизу или у двери","Кондиционеры и обогрев","6","3",""
"pass","src/content/errors/ac-heating-drenazh-kondicionera-noise-vibration.mdx","дренаж кондиционера: шумит или вибрирует сильнее обычного","Кондиционеры и обогрев","6","3",""
"pass","src/content/errors/ac-heating-drenazh-kondicionera-stops-mid-cycle.mdx","дренаж кондиционера: останавливается в середине цикла","Кондиционеры и обогрев","6","3",""
"pass","src/content/errors/ac-heating-elektricheskiy-obogrevatel-bad-smell.mdx","электрический обогреватель: появился запах при работе","Кондиционеры и обогрев","6","3",""
"pass","src/content/errors/ac-heating-elektricheskiy-obogrevatel-does-not-start.mdx","электрический обогреватель: не запускается","Кондиционеры и обогрев","6","3",""
"pass","src/content/errors/ac-heating-elektricheskiy-obogrevatel-error-code.mdx","электрический обогреватель: показывает код ошибки","Кондиционеры и обогрев","6","3",""
"pass","src/content/errors/ac-heating-elektricheskiy-obogrevatel-leaks-water.mdx","электрический обогреватель: подтекает снизу или у двери","Кондиционеры и обогрев","6","3",""
"pass","src/content/errors/ac-heating-elektricheskiy-obogrevatel-noise-vibration.mdx","электрический обогреватель: шумит или вибрирует сильнее обычного","Кондиционеры и обогрев","6","3",""
"pass","src/content/errors/ac-heating-elektricheskiy-obogrevatel-stops-mid-cycle.mdx","электрический обогреватель: останавливается в середине цикла","Кондиционеры и обогрев","6","3",""
"pass","src/content/errors/ac-heating-filtr-kondicionera-bad-smell.mdx","фильтр кондиционера: появился запах при работе","Кондиционеры и обогрев","6","3",""
"pass","src/content/errors/ac-heating-filtr-kondicionera-does-not-start.mdx","фильтр кондиционера: не запускается","Кондиционеры и обогрев","6","3",""
"pass","src/content/errors/ac-heating-filtr-kondicionera-error-code.mdx","фильтр кондиционера: показывает код ошибки","Кондиционеры и обогрев","6","3",""
"pass","src/content/errors/ac-heating-filtr-kondicionera-leaks-water.mdx","фильтр кондиционера: подтекает снизу или у двери","Кондиционеры и обогрев","6","3",""
"pass","src/content/errors/ac-heating-filtr-kondicionera-noise-vibration.mdx","фильтр кондиционера: шумит или вибрирует сильнее обычного","Кондиционеры и обогрев","6","3",""
"pass","src/content/errors/ac-heating-filtr-kondicionera-stops-mid-cycle.mdx","фильтр кондиционера: останавливается в середине цикла","Кондиционеры и обогрев","6","3",""
"pass","src/content/errors/ac-heating-lg-air-conditioner-bad-smell.mdx","LG air conditioner: появился запах или гарь","Кондиционеры и обогрев","6","4",""
"pass","src/content/errors/ac-heating-lg-air-conditioner-does-not-drain.mdx","LG air conditioner: не сливает воду","Кондиционеры и обогрев","6","4",""
"pass","src/content/errors/ac-heating-lg-air-conditioner-does-not-heat.mdx","LG air conditioner: не греет","Кондиционеры и обогрев","6","4",""
"pass","src/content/errors/ac-heating-lg-air-conditioner-error-code.mdx","LG air conditioner: показывает код ошибки","Кондиционеры и обогрев","6","4",""
"pass","src/content/errors/ac-heating-lg-air-conditioner-leaks-water.mdx","LG air conditioner: протекает","Кондиционеры и обогрев","6","4",""
"pass","src/content/errors/ac-heating-lg-air-conditioner-makes-noise.mdx","LG air conditioner: шумит или вибрирует","Кондиционеры и обогрев","6","4",""
"pass","src/content/errors/ac-heating-lg-air-conditioner-stops-mid-cycle.mdx","LG air conditioner: останавливается во время работы","Кондиционеры и обогрев","6","4",""
"pass","src/content/errors/ac-heating-lg-air-conditioner-wont-turn-on.mdx","LG air conditioner: не включается","Кондиционеры и обогрев","6","4",""
"pass","src/content/errors/ac-heating-lg-kondicioner-bad-smell.mdx","LG кондиционер: появился запах при работе","Кондиционеры и обогрев","6","4",""
"pass","src/content/errors/ac-heating-lg-kondicioner-does-not-start.mdx","LG кондиционер: не запускается","Кондиционеры и обогрев","6","4",""
"pass","src/content/errors/ac-heating-lg-kondicioner-error-code.mdx","LG кондиционер: показывает код ошибки","Кондиционеры и обогрев","6","4",""
"pass","src/content/errors/ac-heating-lg-kondicioner-leaks-water.mdx","LG кондиционер: подтекает снизу или у двери","Кондиционеры и обогрев","6","4",""
"pass","src/content/errors/ac-heating-lg-kondicioner-noise-vibration.mdx","LG кондиционер: шумит или вибрирует сильнее обычного","Кондиционеры и обогрев","6","4",""
"pass","src/content/errors/ac-heating-lg-kondicioner-stops-mid-cycle.mdx","LG кондиционер: останавливается в середине цикла","Кондиционеры и обогрев","6","4",""
"pass","src/content/errors/ac-heating-mitsubishi-electric-ac-bad-smell.mdx","Mitsubishi Electric кондиционер: появился запах или гарь","Кондиционеры и обогрев","6","4",""
"pass","src/content/errors/ac-heating-mitsubishi-electric-ac-does-not-drain.mdx","Mitsubishi Electric кондиционер: не сливает воду","Кондиционеры и обогрев","6","4",""
"pass","src/content/errors/ac-heating-mitsubishi-electric-ac-does-not-heat.mdx","Mitsubishi Electric кондиционер: не греет","Кондиционеры и обогрев","6","4",""
"pass","src/content/errors/ac-heating-mitsubishi-electric-ac-error-code.mdx","Mitsubishi Electric кондиционер: показывает код ошибки","Кондиционеры и обогрев","6","4",""
"pass","src/content/errors/ac-heating-mitsubishi-electric-ac-leaks-water.mdx","Mitsubishi Electric кондиционер: протекает","Кондиционеры и обогрев","6","4",""
"pass","src/content/errors/ac-heating-mitsubishi-electric-ac-makes-noise.mdx","Mitsubishi Electric кондиционер: шумит или вибрирует","Кондиционеры и обогрев","6","4",""
"pass","src/content/errors/ac-heating-mitsubishi-electric-ac-stops-mid-cycle.mdx","Mitsubishi Electric кондиционер: останавливается во время работы","Кондиционеры и обогрев","6","4",""
"pass","src/content/errors/ac-heating-mitsubishi-electric-ac-wont-turn-on.mdx","Mitsubishi Electric кондиционер: не включается","Кондиционеры и обогрев","6","4",""
"pass","src/content/errors/ac-heating-mitsubishi-kondicioner-bad-smell.mdx","Mitsubishi кондиционер: появился запах при работе","Кондиционеры и обогрев","6","4",""
"pass","src/content/errors/ac-heating-mitsubishi-kondicioner-does-not-start.mdx","Mitsubishi кондиционер: не запускается","Кондиционеры и обогрев","6","4",""
"pass","src/content/errors/ac-heating-mitsubishi-kondicioner-error-code.mdx","Mitsubishi кондиционер: показывает код ошибки","Кондиционеры и обогрев","6","4",""
"pass","src/content/errors/ac-heating-mitsubishi-kondicioner-leaks-water.mdx","Mitsubishi кондиционер: подтекает снизу или у двери","Кондиционеры и обогрев","6","4",""
"pass","src/content/errors/ac-heating-mitsubishi-kondicioner-noise-vibration.mdx","Mitsubishi кондиционер: шумит или вибрирует сильнее обычного","Кондиционеры и обогрев","6","4",""
"pass","src/content/errors/ac-heating-mitsubishi-kondicioner-stops-mid-cycle.mdx","Mitsubishi кондиционер: останавливается в середине цикла","Кондиционеры и обогрев","6","4",""
"pass","src/content/errors/ac-heating-mobilnyy-kondicioner-bad-smell.mdx","мобильный кондиционер: появился запах при работе","Кондиционеры и обогрев","6","3",""
"pass","src/content/errors/ac-heating-mobilnyy-kondicioner-does-not-start.mdx","мобильный кондиционер: не запускается","Кондиционеры и обогрев","6","3",""
"pass","src/content/errors/ac-heating-mobilnyy-kondicioner-error-code.mdx","мобильный кондиционер: показывает код ошибки","Кондиционеры и обогрев","6","3",""
"pass","src/content/errors/ac-heating-mobilnyy-kondicioner-leaks-water.mdx","мобильный кондиционер: подтекает снизу или у двери","Кондиционеры и обогрев","6","3",""
"pass","src/content/errors/ac-heating-mobilnyy-kondicioner-noise-vibration.mdx","мобильный кондиционер: шумит или вибрирует сильнее обычного","Кондиционеры и обогрев","6","3",""
"pass","src/content/errors/ac-heating-mobilnyy-kondicioner-stops-mid-cycle.mdx","мобильный кондиционер: останавливается в середине цикла","Кондиционеры и обогрев","6","3",""
"pass","src/content/errors/ac-heating-naruzhnyy-blok-kondicionera-bad-smell.mdx","наружный блок кондиционера: появился запах при работе","Кондиционеры и обогрев","6","3",""
"pass","src/content/errors/ac-heating-naruzhnyy-blok-kondicionera-does-not-start.mdx","наружный блок кондиционера: не запускается","Кондиционеры и обогрев","6","3",""
"pass","src/content/errors/ac-heating-naruzhnyy-blok-kondicionera-leaks-water.mdx","наружный блок кондиционера: подтекает снизу или у двери","Кондиционеры и обогрев","6","3",""
"pass","src/content/errors/ac-heating-naruzhnyy-blok-kondicionera-noise-vibration.mdx","наружный блок кондиционера: шумит или вибрирует сильнее обычного","Кондиционеры и обогрев","6","3",""
"pass","src/content/errors/ac-heating-naruzhnyy-blok-kondicionera-stops-mid-cycle.mdx","наружный блок кондиционера: останавливается в середине цикла","Кондиционеры и обогрев","6","3",""
"pass","src/content/errors/ac-heating-samsung-air-conditioner-error-code.mdx","Samsung air conditioner: показывает код ошибки","Кондиционеры и обогрев","6","4",""
"pass","src/content/errors/ac-heating-samsung-air-conditioner-leaks-water.mdx","Samsung air conditioner: протекает","Кондиционеры и обогрев","6","4",""
"pass","src/content/errors/ac-heating-samsung-air-conditioner-makes-noise.mdx","Samsung air conditioner: шумит или вибрирует","Кондиционеры и обогрев","6","4",""
"pass","src/content/errors/ac-heating-samsung-air-conditioner-stops-mid-cycle.mdx","Samsung air conditioner: останавливается во время работы","Кондиционеры и обогрев","6","4",""
"pass","src/content/errors/ac-heating-samsung-air-conditioner-wont-turn-on.mdx","Samsung air conditioner: не включается","Кондиционеры и обогрев","6","4",""
"pass","src/content/errors/ac-heating-samsung-kondicioner-bad-smell.mdx","Samsung кондиционер: появился запах при работе","Кондиционеры и обогрев","6","4",""
"pass","src/content/errors/ac-heating-samsung-kondicioner-does-not-start.mdx","Samsung кондиционер: не запускается","Кондиционеры и обогрев","6","4",""
"pass","src/content/errors/ac-heating-samsung-kondicioner-error-code.mdx","Samsung кондиционер: показывает код ошибки","Кондиционеры и обогрев","6","4",""
"pass","src/content/errors/ac-heating-samsung-kondicioner-leaks-water.mdx","Samsung кондиционер: подтекает снизу или у двери","Кондиционеры и обогрев","6","4",""
"pass","src/content/errors/ac-heating-samsung-kondicioner-noise-vibration.mdx","Samsung кондиционер: шумит или вибрирует сильнее обычного","Кондиционеры и обогрев","6","4",""
"pass","src/content/errors/ac-heating-samsung-kondicioner-stops-mid-cycle.mdx","Samsung кондиционер: останавливается в середине цикла","Кондиционеры и обогрев","6","4",""
"pass","src/content/errors/ac-heating-split-sistema-bad-smell.mdx","сплит-система: появился запах при работе","Кондиционеры и обогрев","6","3",""
"pass","src/content/errors/ac-heating-split-sistema-does-not-start.mdx","сплит-система: не запускается","Кондиционеры и обогрев","6","3",""
"pass","src/content/errors/ac-heating-split-sistema-error-code.mdx","сплит-система: показывает код ошибки","Кондиционеры и обогрев","6","3",""
"pass","src/content/errors/ac-heating-split-sistema-leaks-water.mdx","сплит-система: подтекает снизу или у двери","Кондиционеры и обогрев","6","3",""
"pass","src/content/errors/ac-heating-split-sistema-noise-vibration.mdx","сплит-система: шумит или вибрирует сильнее обычного","Кондиционеры и обогрев","6","3",""
"pass","src/content/errors/ac-heating-split-sistema-stops-mid-cycle.mdx","сплит-система: останавливается в середине цикла","Кондиционеры и обогрев","6","3",""
"pass","src/content/errors/ac-heating-teplovoy-nasos-bad-smell.mdx","тепловой насос: появился запах при работе","Кондиционеры и обогрев","6","3",""
"pass","src/content/errors/ac-heating-teplovoy-nasos-does-not-start.mdx","тепловой насос: не запускается","Кондиционеры и обогрев","6","3",""
"pass","src/content/errors/ac-heating-teplovoy-nasos-error-code.mdx","тепловой насос: показывает код ошибки","Кондиционеры и обогрев","6","3",""
"pass","src/content/errors/ac-heating-teplovoy-nasos-leaks-water.mdx","тепловой насос: подтекает снизу или у двери","Кондиционеры и обогрев","6","3",""
"pass","src/content/errors/ac-heating-teplovoy-nasos-noise-vibration.mdx","тепловой насос: шумит или вибрирует сильнее обычного","Кондиционеры и обогрев","6","3",""
"pass","src/content/errors/ac-heating-teplovoy-nasos-stops-mid-cycle.mdx","тепловой насос: останавливается в середине цикла","Кондиционеры и обогрев","6","3",""
"pass","src/content/errors/ac-heating-termostat-otopleniya-bad-smell.mdx","термостат отопления: появился запах при работе","Кондиционеры и обогрев","6","3",""
"pass","src/content/errors/ac-heating-termostat-otopleniya-does-not-start.mdx","термостат отопления: не запускается","Кондиционеры и обогрев","6","3",""
"pass","src/content/errors/ac-heating-termostat-otopleniya-error-code.mdx","термостат отопления: показывает код ошибки","Кондиционеры и обогрев","6","3",""
"pass","src/content/errors/ac-heating-termostat-otopleniya-leaks-water.mdx","термостат отопления: подтекает снизу или у двери","Кондиционеры и обогрев","6","3",""
"pass","src/content/errors/ac-heating-termostat-otopleniya-noise-vibration.mdx","термостат отопления: шумит или вибрирует сильнее обычного","Кондиционеры и обогрев","6","3",""
"pass","src/content/errors/ac-heating-termostat-otopleniya-stops-mid-cycle.mdx","термостат отопления: останавливается в середине цикла","Кондиционеры и обогрев","6","3",""
"pass","src/content/errors/android-bystro-razryazhaetsya-batareya.mdx","Android: быстро разряжается батарея — как исправить","Мобильные устройства","6","4",""
"pass","src/content/errors/android-ne-prihodyat-uvedomleniya.mdx","Android: не приходят уведомления — как исправить","Мобильные устройства","6","4",""
"pass","src/content/errors/android-ne-rabotaet-kamera.mdx","Android: не работает камера — как исправить","Мобильные устройства","6","4",""
"pass","src/content/errors/android-ne-rabotaet-sinhronizatsiya.mdx","Android: не работает синхронизация — как исправить","Мобильные устройства","6","4",""
"pass","src/content/errors/android-ne-ustanavlivaetsya-prilozhenie.mdx","Android: не устанавливается приложение — как исправить","Мобильные устройства","6","4",""
"pass","src/content/errors/android-oshibka-avtorizatsii.mdx","Android: ошибка авторизации — как исправить","Мобильные устройства","6","4",""
"pass","src/content/errors/android-zavisaet-obnovlenie.mdx","Android: зависает обновление — как исправить","Мобильные устройства","6","4",""
"pass","src/content/errors/audio-video-4k-monitor-access-denied.mdx","4K монитор: показывает отказ в доступе","Аудио и видео","6","3",""
"pass","src/content/errors/audio-video-4k-monitor-crash-on-open.mdx","4K монитор: падает при открытии файла или проекта","Аудио и видео","6","3",""
"pass","src/content/errors/audio-video-4k-monitor-does-not-start.mdx","4K монитор: не запускается после обновления","Аудио и видео","6","3",""
"pass","src/content/errors/audio-video-4k-monitor-settings-reset.mdx","4K монитор: сбрасывает настройки после перезапуска","Аудио и видео","6","3",""
"pass","src/content/errors/audio-video-4k-monitor-slow-response.mdx","4K монитор: работает заметно медленнее обычного","Аудио и видео","6","3",""
"pass","src/content/errors/audio-video-4k-monitor-update-loop.mdx","4K монитор: застревает в цикле обновления","Аудио и видео","6","3",""
"pass","src/content/errors/audio-video-bluetooth-headphones-disconnects-randomly.mdx","Bluetooth Headphones: самопроизвольно отключается","Аудио и видео","6","4",""
"pass","src/content/errors/audio-video-bluetooth-headphones-driver-error.mdx","Bluetooth Headphones: ошибка драйвера","Аудио и видео","6","4",""
"pass","src/content/errors/audio-video-bluetooth-headphones-firmware-update-failed.mdx","Bluetooth Headphones: ошибка обновления прошивки","Аудио и видео","6","4",""
"pass","src/content/errors/audio-video-bluetooth-headphones-low-performance.mdx","Bluetooth Headphones: низкая производительность","Аудио и видео","6","4",""
"pass","src/content/errors/audio-video-bluetooth-headphones-not-detected.mdx","Bluetooth Headphones: не определяется системой","Аудио и видео","6","4",""
"pass","src/content/errors/audio-video-bluetooth-naushniki-access-denied.mdx","Bluetooth наушники: показывает отказ в доступе","Аудио и видео","6","3",""
"pass","src/content/errors/audio-video-bluetooth-naushniki-crash-on-open.mdx","Bluetooth наушники: падает при открытии файла или проекта","Аудио и видео","6","3",""
"pass","src/content/errors/audio-video-bluetooth-naushniki-does-not-start.mdx","Bluetooth наушники: не запускается после обновления","Аудио и видео","6","3",""
"pass","src/content/errors/audio-video-bluetooth-naushniki-settings-reset.mdx","Bluetooth наушники: сбрасывает настройки после перезапуска","Аудио и видео","6","3",""
"pass","src/content/errors/audio-video-bluetooth-naushniki-slow-response.mdx","Bluetooth наушники: работает заметно медленнее обычного","Аудио и видео","6","3",""
"pass","src/content/errors/audio-video-bluetooth-naushniki-update-loop.mdx","Bluetooth наушники: застревает в цикле обновления","Аудио и видео","6","3",""
"pass","src/content/errors/audio-video-dinamiki-noutbuka-access-denied.mdx","динамики ноутбука: показывает отказ в доступе","Аудио и видео","6","3",""
"pass","src/content/errors/audio-video-dinamiki-noutbuka-crash-on-open.mdx","динамики ноутбука: падает при открытии файла или проекта","Аудио и видео","6","3",""
"pass","src/content/errors/audio-video-dinamiki-noutbuka-does-not-start.mdx","динамики ноутбука: не запускается после обновления","Аудио и видео","6","3",""
"pass","src/content/errors/audio-video-dinamiki-noutbuka-settings-reset.mdx","динамики ноутбука: сбрасывает настройки после перезапуска","Аудио и видео","6","3",""
"pass","src/content/errors/audio-video-dinamiki-noutbuka-slow-response.mdx","динамики ноутбука: работает заметно медленнее обычного","Аудио и видео","6","3",""
"pass","src/content/errors/audio-video-displayport-monitor-access-denied.mdx","DisplayPort монитор: показывает отказ в доступе","Аудио и видео","6","3",""
"pass","src/content/errors/audio-video-displayport-monitor-crash-on-open.mdx","DisplayPort монитор: падает при открытии файла или проекта","Аудио и видео","6","3",""
"pass","src/content/errors/audio-video-displayport-monitor-does-not-start.mdx","DisplayPort монитор: не запускается после обновления","Аудио и видео","6","3",""
"pass","src/content/errors/audio-video-displayport-monitor-settings-reset.mdx","DisplayPort монитор: сбрасывает настройки после перезапуска","Аудио и видео","6","3",""
"pass","src/content/errors/audio-video-displayport-monitor-slow-response.mdx","DisplayPort монитор: работает заметно медленнее обычного","Аудио и видео","6","3",""
"pass","src/content/errors/audio-video-displayport-monitor-update-loop.mdx","DisplayPort монитор: застревает в цикле обновления","Аудио и видео","6","3",""
"pass","src/content/errors/audio-video-hdmi-audio-disconnects-randomly.mdx","HDMI Audio: самопроизвольно отключается","Аудио и видео","6","4",""
"pass","src/content/errors/audio-video-hdmi-audio-driver-error.mdx","HDMI Audio: ошибка драйвера","Аудио и видео","6","4",""
"pass","src/content/errors/audio-video-hdmi-audio-firmware-update-failed.mdx","HDMI Audio: ошибка обновления прошивки","Аудио и видео","6","4",""
"pass","src/content/errors/audio-video-hdmi-audio-low-performance.mdx","HDMI Audio: низкая производительность","Аудио и видео","6","4",""
"pass","src/content/errors/audio-video-hdmi-audio-not-detected.mdx","HDMI Audio: не определяется системой","Аудио и видео","6","4",""
"pass","src/content/errors/audio-video-hdmi-zvuk-access-denied.mdx","HDMI звук: показывает отказ в доступе","Аудио и видео","6","3",""
"pass","src/content/errors/audio-video-hdmi-zvuk-crash-on-open.mdx","HDMI звук: падает при открытии файла или проекта","Аудио и видео","6","3",""
"pass","src/content/errors/audio-video-hdmi-zvuk-does-not-start.mdx","HDMI звук: не запускается после обновления","Аудио и видео","6","3",""
"pass","src/content/errors/audio-video-hdmi-zvuk-settings-reset.mdx","HDMI звук: сбрасывает настройки после перезапуска","Аудио и видео","6","3",""
"pass","src/content/errors/audio-video-hdmi-zvuk-slow-response.mdx","HDMI звук: работает заметно медленнее обычного","Аудио и видео","6","3",""
"pass","src/content/errors/audio-video-hdmi-zvuk-update-loop.mdx","HDMI звук: застревает в цикле обновления","Аудио и видео","6","3",""
"pass","src/content/errors/audio-video-kodek-video-access-denied.mdx","кодек видео: показывает отказ в доступе","Аудио и видео","6","3",""
"pass","src/content/errors/audio-video-kodek-video-crash-on-open.mdx","кодек видео: падает при открытии файла или проекта","Аудио и видео","6","3",""
"pass","src/content/errors/audio-video-kodek-video-does-not-start.mdx","кодек видео: не запускается после обновления","Аудио и видео","6","3",""
"pass","src/content/errors/audio-video-kodek-video-settings-reset.mdx","кодек видео: сбрасывает настройки после перезапуска","Аудио и видео","6","3",""
"pass","src/content/errors/audio-video-kodek-video-slow-response.mdx","кодек видео: работает заметно медленнее обычного","Аудио и видео","6","3",""
"pass","src/content/errors/audio-video-obs-studio-access-denied.mdx","OBS Studio: показывает отказ в доступе","Аудио и видео","6","3",""
"pass","src/content/errors/audio-video-obs-studio-crash-on-open.mdx","OBS Studio: падает при открытии файла или проекта","Аудио и видео","6","3",""
"pass","src/content/errors/audio-video-obs-studio-does-not-start.mdx","OBS Studio: не запускается после обновления","Аудио и видео","6","3",""
"pass","src/content/errors/audio-video-obs-studio-settings-reset.mdx","OBS Studio: сбрасывает настройки после перезапуска","Аудио и видео","6","3",""
"pass","src/content/errors/audio-video-obs-studio-slow-response.mdx","OBS Studio: работает заметно медленнее обычного","Аудио и видео","6","3",""
"pass","src/content/errors/audio-video-obs-studio-update-loop.mdx","OBS Studio: застревает в цикле обновления","Аудио и видео","6","3",""
"pass","src/content/errors/audio-video-proektor-access-denied.mdx","проектор: показывает отказ в доступе","Аудио и видео","6","3",""
"pass","src/content/errors/audio-video-proektor-crash-on-open.mdx","проектор: падает при открытии файла или проекта","Аудио и видео","6","3",""
"pass","src/content/errors/audio-video-proektor-does-not-start.mdx","проектор: не запускается после обновления","Аудио и видео","6","3",""
"pass","src/content/errors/audio-video-proektor-settings-reset.mdx","проектор: сбрасывает настройки после перезапуска","Аудио и видео","6","3",""
"pass","src/content/errors/audio-video-proektor-slow-response.mdx","проектор: работает заметно медленнее обычного","Аудио и видео","6","3",""
"pass","src/content/errors/audio-video-realtek-audio-disconnects-randomly.mdx","Realtek Audio: самопроизвольно отключается","Аудио и видео","6","4",""
"pass","src/content/errors/audio-video-realtek-audio-driver-error.mdx","Realtek Audio: ошибка драйвера","Аудио и видео","6","4",""
"pass","src/content/errors/audio-video-realtek-audio-firmware-update-failed.mdx","Realtek Audio: ошибка обновления прошивки","Аудио и видео","6","4",""
"pass","src/content/errors/audio-video-realtek-audio-low-performance.mdx","Realtek Audio: низкая производительность","Аудио и видео","6","4",""
"pass","src/content/errors/audio-video-realtek-audio-not-detected.mdx","Realtek Audio: не определяется системой","Аудио и видео","6","4",""
"pass","src/content/errors/audio-video-saundbar-cherez-hdmi-arc-access-denied.mdx","саундбар через HDMI ARC: показывает отказ в доступе","Аудио и видео","6","3",""
"pass","src/content/errors/audio-video-saundbar-cherez-hdmi-arc-crash-on-open.mdx","саундбар через HDMI ARC: падает при открытии файла или проекта","Аудио и видео","6","3",""
"pass","src/content/errors/audio-video-saundbar-cherez-hdmi-arc-does-not-start.mdx","саундбар через HDMI ARC: не запускается после обновления","Аудио и видео","6","3",""
"pass","src/content/errors/audio-video-saundbar-cherez-hdmi-arc-settings-reset.mdx","саундбар через HDMI ARC: сбрасывает настройки после перезапуска","Аудио и видео","6","3",""
"pass","src/content/errors/audio-video-saundbar-cherez-hdmi-arc-slow-response.mdx","саундбар через HDMI ARC: работает заметно медленнее обычного","Аудио и видео","6","3",""
"pass","src/content/errors/audio-video-saundbar-cherez-hdmi-arc-update-loop.mdx","саундбар через HDMI ARC: застревает в цикле обновления","Аудио и видео","6","3",""
"pass","src/content/errors/audio-video-usb-microphone-not-detected.mdx","USB Microphone: не определяется системой","Аудио и видео","6","4",""
"pass","src/content/errors/audio-video-usb-mikrofon-access-denied.mdx","USB микрофон: показывает отказ в доступе","Аудио и видео","6","3",""
"pass","src/content/errors/audio-video-usb-mikrofon-crash-on-open.mdx","USB микрофон: падает при открытии файла или проекта","Аудио и видео","6","3",""
"pass","src/content/errors/audio-video-usb-mikrofon-does-not-start.mdx","USB микрофон: не запускается после обновления","Аудио и видео","6","3",""
"pass","src/content/errors/audio-video-usb-mikrofon-settings-reset.mdx","USB микрофон: сбрасывает настройки после перезапуска","Аудио и видео","6","3",""
"pass","src/content/errors/audio-video-usb-mikrofon-slow-response.mdx","USB микрофон: работает заметно медленнее обычного","Аудио и видео","6","3",""
"pass","src/content/errors/audio-video-usb-mikrofon-update-loop.mdx","USB микрофон: застревает в цикле обновления","Аудио и видео","6","3",""
"pass","src/content/errors/audio-video-veb-kamera-access-denied.mdx","веб-камера: показывает отказ в доступе","Аудио и видео","6","3",""
"pass","src/content/errors/audio-video-veb-kamera-crash-on-open.mdx","веб-камера: падает при открытии файла или проекта","Аудио и видео","6","3",""
"pass","src/content/errors/audio-video-veb-kamera-does-not-start.mdx","веб-камера: не запускается после обновления","Аудио и видео","6","3",""
"pass","src/content/errors/audio-video-veb-kamera-settings-reset.mdx","веб-камера: сбрасывает настройки после перезапуска","Аудио и видео","6","3",""
"pass","src/content/errors/audio-video-veb-kamera-slow-response.mdx","веб-камера: работает заметно медленнее обычного","Аудио и видео","6","3",""
"pass","src/content/errors/audio-video-veb-kamera-update-loop.mdx","веб-камера: застревает в цикле обновления","Аудио и видео","6","3",""
"pass","src/content/errors/audio-video-zahvat-video-access-denied.mdx","захват видео: показывает отказ в доступе","Аудио и видео","6","3",""
"pass","src/content/errors/audio-video-zahvat-video-crash-on-open.mdx","захват видео: падает при открытии файла или проекта","Аудио и видео","6","3",""
"pass","src/content/errors/audio-video-zahvat-video-does-not-start.mdx","захват видео: не запускается после обновления","Аудио и видео","6","3",""
"pass","src/content/errors/audio-video-zahvat-video-settings-reset.mdx","захват видео: сбрасывает настройки после перезапуска","Аудио и видео","6","3",""
"pass","src/content/errors/audio-video-zahvat-video-slow-response.mdx","захват видео: работает заметно медленнее обычного","Аудио и видео","6","3",""
"pass","src/content/errors/audio-video-zahvat-video-update-loop.mdx","захват видео: застревает в цикле обновления","Аудио и видео","6","3",""
"pass","src/content/errors/bios-bios-nvme-072.mdx","BIOS: не видит NVMe — как исправить","BIOS и UEFI","7","4",""
"pass","src/content/errors/bios-bios-secure-boot-068.mdx","BIOS: ошибка Secure Boot — как исправить","BIOS и UEFI","7","4",""
"pass","src/content/errors/bios-bios-usb-071.mdx","BIOS: не запускается с USB — как исправить","BIOS и UEFI","7","4",""
"pass","src/content/errors/bios-ne-sohranyaet-nastroyki.mdx","BIOS: не сохраняет настройки — как исправить","BIOS и UEFI","6","4",""
"pass","src/content/errors/bios-ne-vidit-zagruzochnyy-disk.mdx","BIOS: не видит загрузочный диск — как исправить","BIOS и UEFI","6","4",""
"pass","src/content/errors/bios-sbrosilsya-posle-obnovleniya.mdx","BIOS: сбросился после обновления — как исправить","BIOS и UEFI","6","4",""
"pass","src/content/errors/bios-secure-boot-secure-boot-074.mdx","Secure Boot: ошибка Secure Boot — как исправить","BIOS и UEFI","7","4",""
"pass","src/content/errors/bios-uefi-bios-update-not-detected.mdx","BIOS Update: не определяется системой","BIOS и UEFI","6","4",""
"pass","src/content/errors/bios-uefi-kuler-v-bios-access-denied.mdx","кулер в BIOS: показывает отказ в доступе","BIOS и UEFI","6","3",""
"pass","src/content/errors/bios-uefi-kuler-v-bios-crash-on-open.mdx","кулер в BIOS: падает при открытии файла или проекта","BIOS и UEFI","6","3",""
"pass","src/content/errors/bios-uefi-kuler-v-bios-does-not-start.mdx","кулер в BIOS: не запускается после обновления","BIOS и UEFI","6","3",""
"pass","src/content/errors/bios-uefi-kuler-v-bios-settings-reset.mdx","кулер в BIOS: сбрасывает настройки после перезапуска","BIOS и UEFI","6","3",""
"pass","src/content/errors/bios-uefi-kuler-v-bios-slow-response.mdx","кулер в BIOS: работает заметно медленнее обычного","BIOS и UEFI","6","3",""
"pass","src/content/errors/bios-uefi-legacy-boot-access-denied.mdx","Legacy boot: показывает отказ в доступе","BIOS и UEFI","6","3",""
"pass","src/content/errors/bios-uefi-legacy-boot-crash-on-open.mdx","Legacy boot: падает при открытии файла или проекта","BIOS и UEFI","6","3",""
"pass","src/content/errors/bios-uefi-legacy-boot-does-not-start.mdx","Legacy boot: не запускается после обновления","BIOS и UEFI","6","3",""
"pass","src/content/errors/bios-uefi-legacy-boot-settings-reset.mdx","Legacy boot: сбрасывает настройки после перезапуска","BIOS и UEFI","6","3",""
"pass","src/content/errors/bios-uefi-legacy-boot-slow-response.mdx","Legacy boot: работает заметно медленнее обычного","BIOS и UEFI","6","3",""
"pass","src/content/errors/bios-uefi-legacy-boot-update-loop.mdx","Legacy boot: застревает в цикле обновления","BIOS и UEFI","6","3",""
"pass","src/content/errors/bios-uefi-nastroyki-cmos-access-denied.mdx","настройки CMOS: показывает отказ в доступе","BIOS и UEFI","6","3",""
"pass","src/content/errors/bios-uefi-nastroyki-cmos-crash-on-open.mdx","настройки CMOS: падает при открытии файла или проекта","BIOS и UEFI","6","3",""
"pass","src/content/errors/bios-uefi-nastroyki-cmos-does-not-start.mdx","настройки CMOS: не запускается после обновления","BIOS и UEFI","6","3",""
"pass","src/content/errors/bios-uefi-nastroyki-cmos-settings-reset.mdx","настройки CMOS: сбрасывает настройки после перезапуска","BIOS и UEFI","6","3",""
"pass","src/content/errors/bios-uefi-nastroyki-cmos-slow-response.mdx","настройки CMOS: работает заметно медленнее обычного","BIOS и UEFI","6","3",""
"pass","src/content/errors/bios-uefi-nastroyki-cmos-update-loop.mdx","настройки CMOS: застревает в цикле обновления","BIOS и UEFI","6","3",""
"pass","src/content/errors/bios-uefi-nvme-066.mdx","UEFI: не видит NVMe — как исправить","BIOS и UEFI","7","4",""
"pass","src/content/errors/bios-uefi-obnovlenie-bios-access-denied.mdx","обновление BIOS: показывает отказ в доступе","BIOS и UEFI","6","3",""
"pass","src/content/errors/bios-uefi-obnovlenie-bios-crash-on-open.mdx","обновление BIOS: падает при открытии файла или проекта","BIOS и UEFI","6","3",""
"pass","src/content/errors/bios-uefi-obnovlenie-bios-does-not-start.mdx","обновление BIOS: не запускается после обновления","BIOS и UEFI","6","3",""
"pass","src/content/errors/bios-uefi-obnovlenie-bios-settings-reset.mdx","обновление BIOS: сбрасывает настройки после перезапуска","BIOS и UEFI","6","3",""
"pass","src/content/errors/bios-uefi-obnovlenie-bios-slow-response.mdx","обновление BIOS: работает заметно медленнее обычного","BIOS и UEFI","6","3",""
"pass","src/content/errors/bios-uefi-obnovlenie-bios-update-loop.mdx","обновление BIOS: застревает в цикле обновления","BIOS и UEFI","6","3",""
"pass","src/content/errors/bios-uefi-poryadok-zagruzki-uefi-access-denied.mdx","порядок загрузки UEFI: показывает отказ в доступе","BIOS и UEFI","6","3",""
"pass","src/content/errors/bios-uefi-poryadok-zagruzki-uefi-crash-on-open.mdx","порядок загрузки UEFI: падает при открытии файла или проекта","BIOS и UEFI","6","3",""
"pass","src/content/errors/bios-uefi-poryadok-zagruzki-uefi-does-not-start.mdx","порядок загрузки UEFI: не запускается после обновления","BIOS и UEFI","6","3",""
"pass","src/content/errors/bios-uefi-poryadok-zagruzki-uefi-settings-reset.mdx","порядок загрузки UEFI: сбрасывает настройки после перезапуска","BIOS и UEFI","6","3",""
"pass","src/content/errors/bios-uefi-poryadok-zagruzki-uefi-slow-response.mdx","порядок загрузки UEFI: работает заметно медленнее обычного","BIOS и UEFI","6","3",""
"pass","src/content/errors/bios-uefi-poryadok-zagruzki-uefi-update-loop.mdx","порядок загрузки UEFI: застревает в цикле обновления","BIOS и UEFI","6","3",""
"pass","src/content/errors/bios-uefi-sata-rezhim-access-denied.mdx","SATA режим: показывает отказ в доступе","BIOS и UEFI","6","3",""
"pass","src/content/errors/bios-uefi-sata-rezhim-crash-on-open.mdx","SATA режим: падает при открытии файла или проекта","BIOS и UEFI","6","3",""
"pass","src/content/errors/bios-uefi-sata-rezhim-does-not-start.mdx","SATA режим: не запускается после обновления","BIOS и UEFI","6","3",""
"pass","src/content/errors/bios-uefi-sata-rezhim-settings-reset.mdx","SATA режим: сбрасывает настройки после перезапуска","BIOS и UEFI","6","3",""
"pass","src/content/errors/bios-uefi-sata-rezhim-slow-response.mdx","SATA режим: работает заметно медленнее обычного","BIOS и UEFI","6","3",""
"pass","src/content/errors/bios-uefi-secure-boot-062.mdx","UEFI: ошибка Secure Boot — как исправить","BIOS и UEFI","7","4",""
"pass","src/content/errors/bios-uefi-secure-boot-access-denied.mdx","Secure Boot: показывает отказ в доступе","BIOS и UEFI","6","3",""
"pass","src/content/errors/bios-uefi-secure-boot-crash-on-open.mdx","Secure Boot: падает при открытии файла или проекта","BIOS и UEFI","6","3",""
"pass","src/content/errors/bios-uefi-secure-boot-disconnects-randomly.mdx","Secure Boot: самопроизвольно отключается","BIOS и UEFI","6","4",""
"pass","src/content/errors/bios-uefi-secure-boot-does-not-start.mdx","Secure Boot: не запускается после обновления","BIOS и UEFI","6","3",""
"pass","src/content/errors/bios-uefi-secure-boot-driver-error.mdx","Secure Boot: ошибка драйвера","BIOS и UEFI","6","4",""
"pass","src/content/errors/bios-uefi-secure-boot-firmware-update-failed.mdx","Secure Boot: ошибка обновления прошивки","BIOS и UEFI","6","4",""
"pass","src/content/errors/bios-uefi-secure-boot-low-performance.mdx","Secure Boot: низкая производительность","BIOS и UEFI","6","4",""
"pass","src/content/errors/bios-uefi-secure-boot-not-detected.mdx","Secure Boot: не определяется системой","BIOS и UEFI","6","4",""
"pass","src/content/errors/bios-uefi-secure-boot-settings-reset.mdx","Secure Boot: сбрасывает настройки после перезапуска","BIOS и UEFI","6","3",""
"pass","src/content/errors/bios-uefi-secure-boot-slow-response.mdx","Secure Boot: работает заметно медленнее обычного","BIOS и UEFI","6","3",""
"pass","src/content/errors/bios-uefi-secure-boot-update-loop.mdx","Secure Boot: застревает в цикле обновления","BIOS и UEFI","6","3",""
"pass","src/content/errors/bios-uefi-tpm-2-0-access-denied.mdx","TPM 2.0: показывает отказ в доступе","BIOS и UEFI","6","3",""
"pass","src/content/errors/bios-uefi-tpm-2-0-crash-on-open.mdx","TPM 2.0: падает при открытии файла или проекта","BIOS и UEFI","6","3",""
"pass","src/content/errors/bios-uefi-tpm-2-0-disconnects-randomly.mdx","TPM 2.0: самопроизвольно отключается","BIOS и UEFI","6","4",""
"pass","src/content/errors/bios-uefi-tpm-2-0-does-not-start.mdx","TPM 2.0: не запускается после обновления","BIOS и UEFI","6","3",""
"pass","src/content/errors/bios-uefi-tpm-2-0-driver-error.mdx","TPM 2.0: ошибка драйвера","BIOS и UEFI","6","4",""
"pass","src/content/errors/bios-uefi-tpm-2-0-firmware-update-failed.mdx","TPM 2.0: ошибка обновления прошивки","BIOS и UEFI","6","4",""
"pass","src/content/errors/bios-uefi-tpm-2-0-low-performance.mdx","TPM 2.0: низкая производительность","BIOS и UEFI","6","4",""
"pass","src/content/errors/bios-uefi-tpm-2-0-not-detected.mdx","TPM 2.0: не определяется системой","BIOS и UEFI","6","4",""
"pass","src/content/errors/bios-uefi-tpm-2-0-settings-reset.mdx","TPM 2.0: сбрасывает настройки после перезапуска","BIOS и UEFI","6","3",""
"pass","src/content/errors/bios-uefi-tpm-2-0-slow-response.mdx","TPM 2.0: работает заметно медленнее обычного","BIOS и UEFI","6","3",""
"pass","src/content/errors/bios-uefi-tpm-2-0-update-loop.mdx","TPM 2.0: застревает в цикле обновления","BIOS и UEFI","6","3",""
"pass","src/content/errors/bios-uefi-uefi-boot-manager-access-denied.mdx","UEFI Boot Manager: показывает отказ в доступе","BIOS и UEFI","6","3",""
"pass","src/content/errors/bios-uefi-uefi-boot-manager-crash-on-open.mdx","UEFI Boot Manager: падает при открытии файла или проекта","BIOS и UEFI","6","3",""
"pass","src/content/errors/bios-uefi-uefi-boot-manager-does-not-start.mdx","UEFI Boot Manager: не запускается после обновления","BIOS и UEFI","6","3",""
"pass","src/content/errors/bios-uefi-uefi-boot-manager-settings-reset.mdx","UEFI Boot Manager: сбрасывает настройки после перезапуска","BIOS и UEFI","6","3",""
"pass","src/content/errors/bios-uefi-uefi-boot-manager-slow-response.mdx","UEFI Boot Manager: работает заметно медленнее обычного","BIOS и UEFI","6","3",""
"pass","src/content/errors/bios-uefi-uefi-boot-manager-update-loop.mdx","UEFI Boot Manager: застревает в цикле обновления","BIOS и UEFI","6","3",""
"pass","src/content/errors/bios-uefi-uefi-boot-order-disconnects-randomly.mdx","UEFI Boot Order: самопроизвольно отключается","BIOS и UEFI","6","4",""
"pass","src/content/errors/bios-uefi-uefi-boot-order-driver-error.mdx","UEFI Boot Order: ошибка драйвера","BIOS и UEFI","6","4",""
"pass","src/content/errors/bios-uefi-uefi-boot-order-firmware-update-failed.mdx","UEFI Boot Order: ошибка обновления прошивки","BIOS и UEFI","6","4",""
"pass","src/content/errors/bios-uefi-uefi-boot-order-low-performance.mdx","UEFI Boot Order: низкая производительность","BIOS и UEFI","6","4",""
"pass","src/content/errors/bios-uefi-uefi-boot-order-not-detected.mdx","UEFI Boot Order: не определяется системой","BIOS и UEFI","6","4",""
"pass","src/content/errors/bios-uefi-usb-065.mdx","UEFI: не запускается с USB — как исправить","BIOS и UEFI","7","4",""
"pass","src/content/errors/bios-uefi-usb-boot-access-denied.mdx","USB boot: показывает отказ в доступе","BIOS и UEFI","6","3",""
"pass","src/content/errors/bios-uefi-usb-boot-crash-on-open.mdx","USB boot: падает при открытии файла или проекта","BIOS и UEFI","6","3",""
"pass","src/content/errors/bios-uefi-usb-boot-does-not-start.mdx","USB boot: не запускается после обновления","BIOS и UEFI","6","3",""
"pass","src/content/errors/bios-uefi-usb-boot-settings-reset.mdx","USB boot: сбрасывает настройки после перезапуска","BIOS и UEFI","6","3",""
"pass","src/content/errors/bios-uefi-usb-boot-slow-response.mdx","USB boot: работает заметно медленнее обычного","BIOS и UEFI","6","3",""
"pass","src/content/errors/bios-uefi-virtualizaciya-vt-x-access-denied.mdx","виртуализация VT-x: показывает отказ в доступе","BIOS и UEFI","6","3",""
"pass","src/content/errors/bios-uefi-virtualizaciya-vt-x-crash-on-open.mdx","виртуализация VT-x: падает при открытии файла или проекта","BIOS и UEFI","6","3",""
"pass","src/content/errors/bios-uefi-virtualizaciya-vt-x-does-not-start.mdx","виртуализация VT-x: не запускается после обновления","BIOS и UEFI","6","3",""
"pass","src/content/errors/bios-uefi-virtualizaciya-vt-x-settings-reset.mdx","виртуализация VT-x: сбрасывает настройки после перезапуска","BIOS и UEFI","6","3",""
"pass","src/content/errors/bios-uefi-virtualizaciya-vt-x-slow-response.mdx","виртуализация VT-x: работает заметно медленнее обычного","BIOS и UEFI","6","3",""
"pass","src/content/errors/bios-uefi-virtualizaciya-vt-x-update-loop.mdx","виртуализация VT-x: застревает в цикле обновления","BIOS и UEFI","6","3",""
"pass","src/content/errors/bios-uefi-xmp-profil-pamyati-access-denied.mdx","XMP профиль памяти: показывает отказ в доступе","BIOS и UEFI","6","3",""
"pass","src/content/errors/bios-uefi-xmp-profil-pamyati-crash-on-open.mdx","XMP профиль памяти: падает при открытии файла или проекта","BIOS и UEFI","6","3",""
"pass","src/content/errors/bios-uefi-xmp-profil-pamyati-does-not-start.mdx","XMP профиль памяти: не запускается после обновления","BIOS и UEFI","6","3",""
"pass","src/content/errors/bios-uefi-xmp-profil-pamyati-settings-reset.mdx","XMP профиль памяти: сбрасывает настройки после перезапуска","BIOS и UEFI","6","3",""
"pass","src/content/errors/bios-uefi-xmp-profil-pamyati-slow-response.mdx","XMP профиль памяти: работает заметно медленнее обычного","BIOS и UEFI","6","3",""
"pass","src/content/errors/bios-uefi-xmp-profil-pamyati-update-loop.mdx","XMP профиль памяти: застревает в цикле обновления","BIOS и UEFI","6","3",""
"pass","src/content/errors/bitlocker-recovery-key-loop-fix.mdx","BitLocker постоянно просит recovery key: причины и решение","Безопасность","7","4",""
"pass","src/content/errors/bluetooth-headphones-hripit-zvuk.mdx","Bluetooth headphones: хрипит звук — как исправить","Аудио и видео","6","4",""
"pass","src/content/errors/bluetooth-headphones-mikrofon-ne-rabotaet.mdx","Bluetooth headphones: микрофон не работает — как исправить","Аудио и видео","6","4",""
"pass","src/content/errors/bluetooth-headphones-net-izobrazheniya.mdx","Bluetooth headphones: нет изображения — как исправить","Аудио и видео","6","4",""
"pass","src/content/errors/bluetooth-headphones-net-zvuka.mdx","Bluetooth headphones: нет звука — как исправить","Аудио и видео","6","4",""
"pass","src/content/errors/bluetooth-headphones-oshibka-kodeka.mdx","Bluetooth headphones: ошибка кодека — как исправить","Аудио и видео","6","4",""
"pass","src/content/errors/bluetooth-headphones-rassinhron-audio-i-video.mdx","Bluetooth headphones: рассинхрон аудио и видео — как исправить","Аудио и видео","6","4",""
"pass","src/content/errors/bosch-dishwasher-ne-nabiraet-vodu.mdx","Bosch dishwasher: не набирает воду — как исправить","Посудомоечные машины","6","4",""
"pass","src/content/errors/bosch-dishwasher-ne-rastvoryaet-tabletku.mdx","Bosch dishwasher: не растворяет таблетку — как исправить","Посудомоечные машины","6","4",""
"pass","src/content/errors/bosch-dishwasher-ne-slivaet-vodu.mdx","Bosch dishwasher: не сливает воду — как исправить","Посудомоечные машины","6","4",""
"pass","src/content/errors/bosch-dishwasher-oshibka-nagreva.mdx","Bosch dishwasher: ошибка нагрева — как исправить","Посудомоечные машины","6","4",""
"pass","src/content/errors/bosch-dishwasher-ploho-moet-posudu.mdx","Bosch dishwasher: плохо моет посуду — как исправить","Посудомоечные машины","6","4",""
"pass","src/content/errors/bosch-dishwasher-techet-snizu.mdx","Bosch dishwasher: течет снизу — как исправить","Посудомоечные машины","6","4",""
"pass","src/content/errors/bosch-oven-iskrit-vnutri.mdx","Bosch oven: искрит внутри — как исправить","Микроволновки и духовки","6","4",""
"pass","src/content/errors/bosch-oven-ne-greet.mdx","Bosch oven: не греет — как исправить","Микроволновки и духовки","6","4",""
"pass","src/content/errors/bosch-oven-ne-vklyuchaetsya.mdx","Bosch oven: не включается — как исправить","Микроволновки и духовки","6","4",""
"pass","src/content/errors/bosch-refrigerator-ne-morozit.mdx","Bosch refrigerator: не морозит — как исправить","Холодильники","6","4",""
"pass","src/content/errors/bosch-refrigerator-silno-shumit.mdx","Bosch refrigerator: сильно шумит — как исправить","Холодильники","6","4",""
"pass","src/content/errors/bosch-refrigerator-techet-voda.mdx","Bosch refrigerator: течет вода — как исправить","Холодильники","6","4",""
"pass","src/content/errors/bosch-screwdriver-greetsya-pri-rabote.mdx","Bosch screwdriver: греется при работе — как исправить","Электроинструмент","6","4",""
"pass","src/content/errors/bosch-screwdriver-iskrit-dvigatel.mdx","Bosch screwdriver: искрит двигатель — как исправить","Электроинструмент","6","4",""
"pass","src/content/errors/bosch-screwdriver-ne-vklyuchaetsya.mdx","Bosch screwdriver: не включается — как исправить","Электроинструмент","6","4",""
"pass","src/content/errors/bosch-screwdriver-ne-zaryazhaetsya-akkumulyator.mdx","Bosch screwdriver: не заряжается аккумулятор — как исправить","Электроинструмент","6","4",""
"pass","src/content/errors/bosch-screwdriver-teryaet-oboroty.mdx","Bosch screwdriver: теряет обороты — как исправить","Электроинструмент","6","4",""
"pass","src/content/errors/bosch-screwdriver-zaedaet-patron.mdx","Bosch screwdriver: заедает патрон — как исправить","Электроинструмент","6","4",""
"pass","src/content/errors/bosch-washing-machine-ne-otzhimaet.mdx","Bosch washing machine: не отжимает — как исправить","Стиральные машины","6","4",""
"pass","src/content/errors/bosch-washing-machine-ne-slivaet-vodu.mdx","Bosch washing machine: не сливает воду — как исправить","Стиральные машины","6","4",""
"pass","src/content/errors/bosch-washing-machine-oshibka-dvertsy.mdx","Bosch washing machine: ошибка дверцы — как исправить","Стиральные машины","6","4",""
"pass","src/content/errors/browsers-cookies-sayta-access-denied.mdx","cookies сайта: показывает отказ в доступе","Браузеры","6","3",""
"pass","src/content/errors/browsers-cookies-sayta-crash-on-open.mdx","cookies сайта: падает при открытии файла или проекта","Браузеры","6","3",""
"pass","src/content/errors/browsers-cookies-sayta-does-not-start.mdx","cookies сайта: не запускается после обновления","Браузеры","6","3",""
"pass","src/content/errors/browsers-cookies-sayta-settings-reset.mdx","cookies сайта: сбрасывает настройки после перезапуска","Браузеры","6","3",""
"pass","src/content/errors/browsers-cookies-sayta-slow-response.mdx","cookies сайта: работает заметно медленнее обычного","Браузеры","6","3",""
"pass","src/content/errors/browsers-cookies-sayta-update-loop.mdx","cookies сайта: застревает в цикле обновления","Браузеры","6","3",""
"pass","src/content/errors/browsers-google-chrome-access-denied.mdx","Google Chrome: показывает отказ в доступе","Браузеры","6","3",""
"pass","src/content/errors/browsers-google-chrome-config-error.mdx","Google Chrome: ошибка конфигурации","Браузеры","6","4",""
"pass","src/content/errors/browsers-google-chrome-crash-on-open.mdx","Google Chrome: падает при открытии файла или проекта","Браузеры","6","3",""
"pass","src/content/errors/browsers-google-chrome-crashes-after-update.mdx","Google Chrome: вылетает после обновления","Браузеры","6","4",""
"pass","src/content/errors/browsers-google-chrome-does-not-start.mdx","Google Chrome: не запускается после обновления","Браузеры","6","3",""
"pass","src/content/errors/browsers-google-chrome-high-cpu.mdx","Google Chrome: нагружает процессор","Браузеры","6","4",""
"pass","src/content/errors/browsers-google-chrome-network-timeout.mdx","Google Chrome: ошибка подключения или тайм-аут","Браузеры","6","4",""
"pass","src/content/errors/browsers-google-chrome-permission-denied.mdx","Google Chrome: отказано в доступе","Браузеры","6","4",""
"pass","src/content/errors/browsers-google-chrome-settings-reset.mdx","Google Chrome: сбрасывает настройки после перезапуска","Браузеры","6","3",""
"pass","src/content/errors/browsers-google-chrome-slow-response.mdx","Google Chrome: работает заметно медленнее обычного","Браузеры","6","3",""
"pass","src/content/errors/browsers-google-chrome-sync-failed.mdx","Google Chrome: не синхронизируется","Браузеры","6","4",""
"pass","src/content/errors/browsers-google-chrome-update-failed.mdx","Google Chrome: ошибка обновления","Браузеры","6","4",""
"pass","src/content/errors/browsers-google-chrome-update-loop.mdx","Google Chrome: застревает в цикле обновления","Браузеры","6","3",""
"pass","src/content/errors/browsers-google-chrome-wont-start.mdx","Google Chrome: не запускается","Браузеры","6","4",""
"pass","src/content/errors/browsers-kesh-brauzera-access-denied.mdx","кеш браузера: показывает отказ в доступе","Браузеры","6","3",""
"pass","src/content/errors/browsers-kesh-brauzera-crash-on-open.mdx","кеш браузера: падает при открытии файла или проекта","Браузеры","6","3",""
"pass","src/content/errors/browsers-kesh-brauzera-does-not-start.mdx","кеш браузера: не запускается после обновления","Браузеры","6","3",""
"pass","src/content/errors/browsers-kesh-brauzera-settings-reset.mdx","кеш браузера: сбрасывает настройки после перезапуска","Браузеры","6","3",""
"pass","src/content/errors/browsers-kesh-brauzera-slow-response.mdx","кеш браузера: работает заметно медленнее обычного","Браузеры","6","3",""
"pass","src/content/errors/browsers-kesh-brauzera-update-loop.mdx","кеш браузера: застревает в цикле обновления","Браузеры","6","3",""
"pass","src/content/errors/browsers-microsoft-edge-access-denied.mdx","Microsoft Edge: показывает отказ в доступе","Браузеры","6","3",""
"pass","src/content/errors/browsers-microsoft-edge-crash-on-open.mdx","Microsoft Edge: падает при открытии файла или проекта","Браузеры","6","3",""
"pass","src/content/errors/browsers-microsoft-edge-crashes-after-update.mdx","Microsoft Edge: вылетает после обновления","Браузеры","6","4",""
"pass","src/content/errors/browsers-microsoft-edge-does-not-start.mdx","Microsoft Edge: не запускается после обновления","Браузеры","6","3",""
"pass","src/content/errors/browsers-microsoft-edge-high-cpu.mdx","Microsoft Edge: нагружает процессор","Браузеры","6","4",""
"pass","src/content/errors/browsers-microsoft-edge-network-timeout.mdx","Microsoft Edge: ошибка подключения или тайм-аут","Браузеры","6","4",""
"pass","src/content/errors/browsers-microsoft-edge-permission-denied.mdx","Microsoft Edge: отказано в доступе","Браузеры","6","4",""
"pass","src/content/errors/browsers-microsoft-edge-settings-reset.mdx","Microsoft Edge: сбрасывает настройки после перезапуска","Браузеры","6","3",""
"pass","src/content/errors/browsers-microsoft-edge-slow-response.mdx","Microsoft Edge: работает заметно медленнее обычного","Браузеры","6","3",""
"pass","src/content/errors/browsers-microsoft-edge-sync-failed.mdx","Microsoft Edge: не синхронизируется","Браузеры","6","4",""
"pass","src/content/errors/browsers-microsoft-edge-update-failed.mdx","Microsoft Edge: ошибка обновления","Браузеры","6","4",""
"pass","src/content/errors/browsers-microsoft-edge-update-loop.mdx","Microsoft Edge: застревает в цикле обновления","Браузеры","6","3",""
"pass","src/content/errors/browsers-microsoft-edge-wont-start.mdx","Microsoft Edge: не запускается","Браузеры","6","4",""
"pass","src/content/errors/browsers-mozilla-firefox-access-denied.mdx","Mozilla Firefox: показывает отказ в доступе","Браузеры","6","3",""
"pass","src/content/errors/browsers-mozilla-firefox-config-error.mdx","Mozilla Firefox: ошибка конфигурации","Браузеры","6","4",""
"pass","src/content/errors/browsers-mozilla-firefox-crash-on-open.mdx","Mozilla Firefox: падает при открытии файла или проекта","Браузеры","6","3",""
"pass","src/content/errors/browsers-mozilla-firefox-crashes-after-update.mdx","Mozilla Firefox: вылетает после обновления","Браузеры","6","4",""
"pass","src/content/errors/browsers-mozilla-firefox-does-not-start.mdx","Mozilla Firefox: не запускается после обновления","Браузеры","6","3",""
"pass","src/content/errors/browsers-mozilla-firefox-high-cpu.mdx","Mozilla Firefox: нагружает процессор","Браузеры","6","4",""
"pass","src/content/errors/browsers-mozilla-firefox-network-timeout.mdx","Mozilla Firefox: ошибка подключения или тайм-аут","Браузеры","6","4",""
"pass","src/content/errors/browsers-mozilla-firefox-permission-denied.mdx","Mozilla Firefox: отказано в доступе","Браузеры","6","4",""
"pass","src/content/errors/browsers-mozilla-firefox-settings-reset.mdx","Mozilla Firefox: сбрасывает настройки после перезапуска","Браузеры","6","3",""
"pass","src/content/errors/browsers-mozilla-firefox-slow-response.mdx","Mozilla Firefox: работает заметно медленнее обычного","Браузеры","6","3",""
"pass","src/content/errors/browsers-mozilla-firefox-sync-failed.mdx","Mozilla Firefox: не синхронизируется","Браузеры","6","4",""
"pass","src/content/errors/browsers-mozilla-firefox-update-failed.mdx","Mozilla Firefox: ошибка обновления","Браузеры","6","4",""
"pass","src/content/errors/browsers-mozilla-firefox-update-loop.mdx","Mozilla Firefox: застревает в цикле обновления","Браузеры","6","3",""
"pass","src/content/errors/browsers-mozilla-firefox-wont-start.mdx","Mozilla Firefox: не запускается","Браузеры","6","4",""
"pass","src/content/errors/browsers-profil-brauzera-access-denied.mdx","профиль браузера: показывает отказ в доступе","Браузеры","6","3",""
"pass","src/content/errors/browsers-profil-brauzera-crash-on-open.mdx","профиль браузера: падает при открытии файла или проекта","Браузеры","6","3",""
"pass","src/content/errors/browsers-profil-brauzera-does-not-start.mdx","профиль браузера: не запускается после обновления","Браузеры","6","3",""
"pass","src/content/errors/browsers-profil-brauzera-settings-reset.mdx","профиль браузера: сбрасывает настройки после перезапуска","Браузеры","6","3",""
"pass","src/content/errors/browsers-profil-brauzera-slow-response.mdx","профиль браузера: работает заметно медленнее обычного","Браузеры","6","3",""
"pass","src/content/errors/browsers-profil-brauzera-update-loop.mdx","профиль браузера: застревает в цикле обновления","Браузеры","6","3",""
"pass","src/content/errors/browsers-proksi-brauzera-access-denied.mdx","прокси браузера: показывает отказ в доступе","Браузеры","6","3",""
"pass","src/content/errors/browsers-proksi-brauzera-crash-on-open.mdx","прокси браузера: падает при открытии файла или проекта","Браузеры","6","3",""
"pass","src/content/errors/browsers-proksi-brauzera-does-not-start.mdx","прокси браузера: не запускается после обновления","Браузеры","6","3",""
"pass","src/content/errors/browsers-proksi-brauzera-settings-reset.mdx","прокси браузера: сбрасывает настройки после перезапуска","Браузеры","6","3",""
"pass","src/content/errors/browsers-proksi-brauzera-slow-response.mdx","прокси браузера: работает заметно медленнее обычного","Браузеры","6","3",""
"pass","src/content/errors/browsers-rasshirenie-brauzera-access-denied.mdx","расширение браузера: показывает отказ в доступе","Браузеры","6","3",""
"pass","src/content/errors/browsers-rasshirenie-brauzera-crash-on-open.mdx","расширение браузера: падает при открытии файла или проекта","Браузеры","6","3",""
"pass","src/content/errors/browsers-rasshirenie-brauzera-does-not-start.mdx","расширение браузера: не запускается после обновления","Браузеры","6","3",""
"pass","src/content/errors/browsers-rasshirenie-brauzera-settings-reset.mdx","расширение браузера: сбрасывает настройки после перезапуска","Браузеры","6","3",""
"pass","src/content/errors/browsers-rasshirenie-brauzera-slow-response.mdx","расширение браузера: работает заметно медленнее обычного","Браузеры","6","3",""
"pass","src/content/errors/browsers-rasshirenie-brauzera-update-loop.mdx","расширение браузера: застревает в цикле обновления","Браузеры","6","3",""
"pass","src/content/errors/browsers-sinhronizaciya-chrome-access-denied.mdx","синхронизация Chrome: показывает отказ в доступе","Браузеры","6","3",""
"pass","src/content/errors/browsers-sinhronizaciya-chrome-crash-on-open.mdx","синхронизация Chrome: падает при открытии файла или проекта","Браузеры","6","3",""
"pass","src/content/errors/browsers-sinhronizaciya-chrome-does-not-start.mdx","синхронизация Chrome: не запускается после обновления","Браузеры","6","3",""
"pass","src/content/errors/browsers-sinhronizaciya-chrome-settings-reset.mdx","синхронизация Chrome: сбрасывает настройки после перезапуска","Браузеры","6","3",""
"pass","src/content/errors/browsers-sinhronizaciya-chrome-slow-response.mdx","синхронизация Chrome: работает заметно медленнее обычного","Браузеры","6","3",""
"pass","src/content/errors/browsers-uvedomleniya-sayta-access-denied.mdx","уведомления сайта: показывает отказ в доступе","Браузеры","6","3",""
"pass","src/content/errors/browsers-uvedomleniya-sayta-crash-on-open.mdx","уведомления сайта: падает при открытии файла или проекта","Браузеры","6","3",""
"pass","src/content/errors/browsers-uvedomleniya-sayta-does-not-start.mdx","уведомления сайта: не запускается после обновления","Браузеры","6","3",""
"pass","src/content/errors/browsers-uvedomleniya-sayta-settings-reset.mdx","уведомления сайта: сбрасывает настройки после перезапуска","Браузеры","6","3",""
"pass","src/content/errors/browsers-uvedomleniya-sayta-slow-response.mdx","уведомления сайта: работает заметно медленнее обычного","Браузеры","6","3",""
"pass","src/content/errors/browsers-vkladki-brauzera-access-denied.mdx","вкладки браузера: показывает отказ в доступе","Браузеры","6","3",""
"pass","src/content/errors/browsers-vkladki-brauzera-crash-on-open.mdx","вкладки браузера: падает при открытии файла или проекта","Браузеры","6","3",""
"pass","src/content/errors/browsers-vkladki-brauzera-does-not-start.mdx","вкладки браузера: не запускается после обновления","Браузеры","6","3",""
"pass","src/content/errors/browsers-vkladki-brauzera-settings-reset.mdx","вкладки браузера: сбрасывает настройки после перезапуска","Браузеры","6","3",""
"pass","src/content/errors/browsers-vkladki-brauzera-slow-response.mdx","вкладки браузера: работает заметно медленнее обычного","Браузеры","6","3",""
"pass","src/content/errors/browsers-vkladki-brauzera-update-loop.mdx","вкладки браузера: застревает в цикле обновления","Браузеры","6","3",""
"pass","src/content/errors/browsers-zagruzka-faylov-access-denied.mdx","загрузка файлов: показывает отказ в доступе","Браузеры","6","3",""
"pass","src/content/errors/browsers-zagruzka-faylov-crash-on-open.mdx","загрузка файлов: падает при открытии файла или проекта","Браузеры","6","3",""
"pass","src/content/errors/browsers-zagruzka-faylov-does-not-start.mdx","загрузка файлов: не запускается после обновления","Браузеры","6","3",""
"pass","src/content/errors/browsers-zagruzka-faylov-settings-reset.mdx","загрузка файлов: сбрасывает настройки после перезапуска","Браузеры","6","3",""
"pass","src/content/errors/browsers-zagruzka-faylov-slow-response.mdx","загрузка файлов: работает заметно медленнее обычного","Браузеры","6","3",""
"pass","src/content/errors/browsers-zagruzka-faylov-update-loop.mdx","загрузка файлов: застревает в цикле обновления","Браузеры","6","3",""
"pass","src/content/errors/canon-printer-ne-pechataet.mdx","Canon printer: не печатает — как исправить","Принтеры и сканеры","6","3",""
"pass","src/content/errors/canon-printer-ne-vidit-kartridzh.mdx","Canon printer: не видит картридж — как исправить","Принтеры и сканеры","6","3",""
"pass","src/content/errors/canon-printer-zastryala-ochered.mdx","Canon printer: застряла очередь — как исправить","Принтеры и сканеры","6","3",""
"pass","src/content/errors/chrome-medlenno-zagruzhaet-stranitsy.mdx","Chrome: медленно загружает страницы — как исправить","Браузеры","6","4",""
"pass","src/content/errors/chrome-ne-otkryvaet-sayty.mdx","Chrome: не открывает сайты — как исправить","Браузеры","6","4",""
"pass","src/content/errors/chrome-ne-otkryvaet-stranitsy-oshibka.mdx","Chrome не открывает страницы: как исправить ошибку подключения","Браузеры","6","4",""
"pass","src/content/errors/chrome-ne-rabotayut-rasshireniya.mdx","Chrome: не работают расширения — как исправить","Браузеры","6","4",""
"pass","src/content/errors/chrome-oshibka-sertifikata.mdx","Chrome: ошибка сертификата — как исправить","Браузеры","6","4",""
"pass","src/content/errors/chrome-vyletayut-vkladki.mdx","Chrome: вылетают вкладки — как исправить","Браузеры","6","4",""
"pass","src/content/errors/databases-backup-bazy-dannyh-backup-failed.mdx","backup базы данных: не создает резервную копию","Базы данных","6","3",""
"pass","src/content/errors/databases-backup-bazy-dannyh-connection-refused.mdx","backup базы данных: не принимает подключения","Базы данных","6","3",""
"pass","src/content/errors/databases-backup-bazy-dannyh-deadlocks.mdx","backup базы данных: ловит взаимные блокировки","Базы данных","6","3",""
"pass","src/content/errors/databases-backup-bazy-dannyh-migration-failed.mdx","backup базы данных: не применяет миграцию","Базы данных","6","3",""
"pass","src/content/errors/databases-backup-bazy-dannyh-replication-lag.mdx","backup базы данных: дает отставание репликации","Базы данных","6","3",""
"pass","src/content/errors/databases-backup-bazy-dannyh-slow-query.mdx","backup базы данных: медленно выполняет запросы","Базы данных","6","3",""
"pass","src/content/errors/databases-indeks-sql-connection-refused.mdx","индекс SQL: не принимает подключения","Базы данных","6","3",""
"pass","src/content/errors/databases-indeks-sql-deadlocks.mdx","индекс SQL: ловит взаимные блокировки","Базы данных","6","3",""
"pass","src/content/errors/databases-indeks-sql-migration-failed.mdx","индекс SQL: не применяет миграцию","Базы данных","6","3",""
"pass","src/content/errors/databases-indeks-sql-replication-lag.mdx","индекс SQL: дает отставание репликации","Базы данных","6","3",""
"pass","src/content/errors/databases-indeks-sql-slow-query.mdx","индекс SQL: медленно выполняет запросы","Базы данных","6","3",""
"pass","src/content/errors/databases-mariadb-crashes-after-update.mdx","MariaDB: вылетает после обновления","Базы данных","6","4",""
"pass","src/content/errors/databases-mariadb-permission-denied.mdx","MariaDB: отказано в доступе","Базы данных","6","4",""
"pass","src/content/errors/databases-mariadb-wont-start.mdx","MariaDB: не запускается","Базы данных","6","4",""
"pass","src/content/errors/databases-migraciya-prisma-backup-failed.mdx","миграция Prisma: не создает резервную копию","Базы данных","6","3",""
"pass","src/content/errors/databases-migraciya-prisma-connection-refused.mdx","миграция Prisma: не принимает подключения","Базы данных","6","3",""
"pass","src/content/errors/databases-migraciya-prisma-deadlocks.mdx","миграция Prisma: ловит взаимные блокировки","Базы данных","6","3",""
"pass","src/content/errors/databases-migraciya-prisma-migration-failed.mdx","миграция Prisma: не применяет миграцию","Базы данных","6","3",""
"pass","src/content/errors/databases-migraciya-prisma-replication-lag.mdx","миграция Prisma: дает отставание репликации","Базы данных","6","3",""
"pass","src/content/errors/databases-migraciya-prisma-slow-query.mdx","миграция Prisma: медленно выполняет запросы","Базы данных","6","3",""
"pass","src/content/errors/databases-mongodb-kollekciya-backup-failed.mdx","MongoDB коллекция: не создает резервную копию","Базы данных","6","3",""
"pass","src/content/errors/databases-mongodb-kollekciya-connection-refused.mdx","MongoDB коллекция: не принимает подключения","Базы данных","6","3",""
"pass","src/content/errors/databases-mongodb-kollekciya-deadlocks.mdx","MongoDB коллекция: ловит взаимные блокировки","Базы данных","6","3",""
"pass","src/content/errors/databases-mongodb-kollekciya-migration-failed.mdx","MongoDB коллекция: не применяет миграцию","Базы данных","6","3",""
"pass","src/content/errors/databases-mongodb-kollekciya-replication-lag.mdx","MongoDB коллекция: дает отставание репликации","Базы данных","6","3",""
"pass","src/content/errors/databases-mongodb-kollekciya-slow-query.mdx","MongoDB коллекция: медленно выполняет запросы","Базы данных","6","3",""
"pass","src/content/errors/databases-mysql-baza-backup-failed.mdx","MySQL база: не создает резервную копию","Базы данных","6","3",""
"pass","src/content/errors/databases-mysql-baza-connection-refused.mdx","MySQL база: не принимает подключения","Базы данных","6","3",""
"pass","src/content/errors/databases-mysql-baza-deadlocks.mdx","MySQL база: ловит взаимные блокировки","Базы данных","6","3",""
"pass","src/content/errors/databases-mysql-baza-migration-failed.mdx","MySQL база: не применяет миграцию","Базы данных","6","3",""
"pass","src/content/errors/databases-mysql-baza-replication-lag.mdx","MySQL база: дает отставание репликации","Базы данных","6","3",""
"pass","src/content/errors/databases-mysql-baza-slow-query.mdx","MySQL база: медленно выполняет запросы","Базы данных","6","3",""
"pass","src/content/errors/databases-mysql-config-error.mdx","MySQL: ошибка конфигурации","Базы данных","6","4",""
"pass","src/content/errors/databases-mysql-crashes-after-update.mdx","MySQL: вылетает после обновления","Базы данных","6","4",""
"pass","src/content/errors/databases-mysql-high-cpu.mdx","MySQL: нагружает процессор","Базы данных","6","4",""
"pass","src/content/errors/databases-mysql-network-timeout.mdx","MySQL: ошибка подключения или тайм-аут","Базы данных","6","4",""
"pass","src/content/errors/databases-mysql-permission-denied.mdx","MySQL: отказано в доступе","Базы данных","6","4",""
"pass","src/content/errors/databases-mysql-sync-failed.mdx","MySQL: не синхронизируется","Базы данных","6","4",""
"pass","src/content/errors/databases-mysql-update-failed.mdx","MySQL: ошибка обновления","Базы данных","6","4",""
"pass","src/content/errors/databases-mysql-wont-start.mdx","MySQL: не запускается","Базы данных","6","4",""
"pass","src/content/errors/databases-postgresql-config-error.mdx","PostgreSQL: ошибка конфигурации","Базы данных","6","4",""
"pass","src/content/errors/databases-postgresql-crashes-after-update.mdx","PostgreSQL: вылетает после обновления","Базы данных","6","4",""
"pass","src/content/errors/databases-postgresql-high-cpu.mdx","PostgreSQL: нагружает процессор","Базы данных","6","4",""
"pass","src/content/errors/databases-postgresql-network-timeout.mdx","PostgreSQL: ошибка подключения или тайм-аут","Базы данных","6","4",""
"pass","src/content/errors/databases-postgresql-permission-denied.mdx","PostgreSQL: отказано в доступе","Базы данных","6","4",""
"pass","src/content/errors/databases-postgresql-sync-failed.mdx","PostgreSQL: не синхронизируется","Базы данных","6","4",""
"pass","src/content/errors/databases-postgresql-tablica-backup-failed.mdx","PostgreSQL таблица: не создает резервную копию","Базы данных","6","3",""
"pass","src/content/errors/databases-postgresql-tablica-connection-refused.mdx","PostgreSQL таблица: не принимает подключения","Базы данных","6","3",""
"pass","src/content/errors/databases-postgresql-tablica-deadlocks.mdx","PostgreSQL таблица: ловит взаимные блокировки","Базы данных","6","3",""
"pass","src/content/errors/databases-postgresql-tablica-migration-failed.mdx","PostgreSQL таблица: не применяет миграцию","Базы данных","6","3",""
"pass","src/content/errors/databases-postgresql-tablica-replication-lag.mdx","PostgreSQL таблица: дает отставание репликации","Базы данных","6","3",""
"pass","src/content/errors/databases-postgresql-tablica-slow-query.mdx","PostgreSQL таблица: медленно выполняет запросы","Базы данных","6","3",""
"pass","src/content/errors/databases-postgresql-update-failed.mdx","PostgreSQL: ошибка обновления","Базы данных","6","4",""
"pass","src/content/errors/databases-postgresql-wont-start.mdx","PostgreSQL: не запускается","Базы данных","6","4",""
"pass","src/content/errors/databases-pul-podklyucheniy-backup-failed.mdx","пул подключений: не создает резервную копию","Базы данных","6","3",""
"pass","src/content/errors/databases-pul-podklyucheniy-connection-refused.mdx","пул подключений: не принимает подключения","Базы данных","6","3",""
"pass","src/content/errors/databases-pul-podklyucheniy-deadlocks.mdx","пул подключений: ловит взаимные блокировки","Базы данных","6","3",""
"pass","src/content/errors/databases-pul-podklyucheniy-migration-failed.mdx","пул подключений: не применяет миграцию","Базы данных","6","3",""
"pass","src/content/errors/databases-pul-podklyucheniy-replication-lag.mdx","пул подключений: дает отставание репликации","Базы данных","6","3",""
"pass","src/content/errors/databases-pul-podklyucheniy-slow-query.mdx","пул подключений: медленно выполняет запросы","Базы данных","6","3",""
"pass","src/content/errors/databases-redis-kesh-backup-failed.mdx","Redis кеш: не создает резервную копию","Базы данных","6","3",""
"pass","src/content/errors/databases-redis-kesh-connection-refused.mdx","Redis кеш: не принимает подключения","Базы данных","6","3",""
"pass","src/content/errors/databases-redis-kesh-deadlocks.mdx","Redis кеш: ловит взаимные блокировки","Базы данных","6","3",""
"pass","src/content/errors/databases-redis-kesh-migration-failed.mdx","Redis кеш: не применяет миграцию","Базы данных","6","3",""
"pass","src/content/errors/databases-redis-kesh-replication-lag.mdx","Redis кеш: дает отставание репликации","Базы данных","6","3",""
"pass","src/content/errors/databases-redis-kesh-slow-query.mdx","Redis кеш: медленно выполняет запросы","Базы данных","6","3",""
"pass","src/content/errors/databases-replika-postgresql-connection-refused.mdx","реплика PostgreSQL: не принимает подключения","Базы данных","6","3",""
"pass","src/content/errors/databases-replika-postgresql-deadlocks.mdx","реплика PostgreSQL: ловит взаимные блокировки","Базы данных","6","3",""
"pass","src/content/errors/databases-replika-postgresql-migration-failed.mdx","реплика PostgreSQL: не применяет миграцию","Базы данных","6","3",""
"pass","src/content/errors/databases-replika-postgresql-replication-lag.mdx","реплика PostgreSQL: дает отставание репликации","Базы данных","6","3",""
"pass","src/content/errors/databases-replika-postgresql-slow-query.mdx","реплика PostgreSQL: медленно выполняет запросы","Базы данных","6","3",""
"pass","src/content/errors/databases-sql-server-baza-backup-failed.mdx","SQL Server база: не создает резервную копию","Базы данных","6","3",""
"pass","src/content/errors/databases-sql-server-baza-connection-refused.mdx","SQL Server база: не принимает подключения","Базы данных","6","3",""
"pass","src/content/errors/databases-sql-server-baza-deadlocks.mdx","SQL Server база: ловит взаимные блокировки","Базы данных","6","3",""
"pass","src/content/errors/databases-sql-server-baza-migration-failed.mdx","SQL Server база: не применяет миграцию","Базы данных","6","3",""
"pass","src/content/errors/databases-sql-server-baza-replication-lag.mdx","SQL Server база: дает отставание репликации","Базы данных","6","3",""
"pass","src/content/errors/databases-sql-server-baza-slow-query.mdx","SQL Server база: медленно выполняет запросы","Базы данных","6","3",""
"pass","src/content/errors/databases-sqlite-fayl-backup-failed.mdx","SQLite файл: не создает резервную копию","Базы данных","6","3",""
"pass","src/content/errors/databases-sqlite-fayl-connection-refused.mdx","SQLite файл: не принимает подключения","Базы данных","6","3",""
"pass","src/content/errors/databases-sqlite-fayl-deadlocks.mdx","SQLite файл: ловит взаимные блокировки","Базы данных","6","3",""
"pass","src/content/errors/databases-sqlite-fayl-migration-failed.mdx","SQLite файл: не применяет миграцию","Базы данных","6","3",""
"pass","src/content/errors/databases-sqlite-fayl-replication-lag.mdx","SQLite файл: дает отставание репликации","Базы данных","6","3",""
"pass","src/content/errors/databases-sqlite-fayl-slow-query.mdx","SQLite файл: медленно выполняет запросы","Базы данных","6","3",""
"pass","src/content/errors/databases-tranzakciya-bazy-connection-refused.mdx","транзакция базы: не принимает подключения","Базы данных","6","3",""
"pass","src/content/errors/databases-tranzakciya-bazy-deadlocks.mdx","транзакция базы: ловит взаимные блокировки","Базы данных","6","3",""
"pass","src/content/errors/databases-tranzakciya-bazy-migration-failed.mdx","транзакция базы: не применяет миграцию","Базы данных","6","3",""
"pass","src/content/errors/databases-tranzakciya-bazy-replication-lag.mdx","транзакция базы: дает отставание репликации","Базы данных","6","3",""
"pass","src/content/errors/databases-tranzakciya-bazy-slow-query.mdx","транзакция базы: медленно выполняет запросы","Базы данных","6","3",""
"pass","src/content/errors/design-3d-render-access-denied.mdx","3D рендер: показывает отказ в доступе","Дизайн и графика","6","3",""
"pass","src/content/errors/design-3d-render-crash-on-open.mdx","3D рендер: падает при открытии файла или проекта","Дизайн и графика","6","3",""
"pass","src/content/errors/design-3d-render-does-not-start.mdx","3D рендер: не запускается после обновления","Дизайн и графика","6","3",""
"pass","src/content/errors/design-3d-render-settings-reset.mdx","3D рендер: сбрасывает настройки после перезапуска","Дизайн и графика","6","3",""
"pass","src/content/errors/design-3d-render-slow-response.mdx","3D рендер: работает заметно медленнее обычного","Дизайн и графика","6","3",""
"pass","src/content/errors/design-adobe-illustrator-config-error.mdx","Adobe Illustrator: ошибка конфигурации","Дизайн и графика","6","4",""
"pass","src/content/errors/design-adobe-illustrator-crashes-after-update.mdx","Adobe Illustrator: вылетает после обновления","Дизайн и графика","6","4",""
"pass","src/content/errors/design-adobe-illustrator-high-cpu.mdx","Adobe Illustrator: нагружает процессор","Дизайн и графика","6","4",""
"pass","src/content/errors/design-adobe-illustrator-network-timeout.mdx","Adobe Illustrator: ошибка подключения или тайм-аут","Дизайн и графика","6","4",""
"pass","src/content/errors/design-adobe-illustrator-permission-denied.mdx","Adobe Illustrator: отказано в доступе","Дизайн и графика","6","4",""
"pass","src/content/errors/design-adobe-illustrator-sync-failed.mdx","Adobe Illustrator: не синхронизируется","Дизайн и графика","6","4",""
"pass","src/content/errors/design-adobe-illustrator-update-failed.mdx","Adobe Illustrator: ошибка обновления","Дизайн и графика","6","4",""
"pass","src/content/errors/design-adobe-illustrator-wont-start.mdx","Adobe Illustrator: не запускается","Дизайн и графика","6","4",""
"pass","src/content/errors/design-adobe-photoshop-config-error.mdx","Adobe Photoshop: ошибка конфигурации","Дизайн и графика","6","4",""
"pass","src/content/errors/design-adobe-photoshop-crashes-after-update.mdx","Adobe Photoshop: вылетает после обновления","Дизайн и графика","6","4",""
"pass","src/content/errors/design-adobe-photoshop-high-cpu.mdx","Adobe Photoshop: нагружает процессор","Дизайн и графика","6","4",""
"pass","src/content/errors/design-adobe-photoshop-network-timeout.mdx","Adobe Photoshop: ошибка подключения или тайм-аут","Дизайн и графика","6","4",""
"pass","src/content/errors/design-adobe-photoshop-permission-denied.mdx","Adobe Photoshop: отказано в доступе","Дизайн и графика","6","4",""
"pass","src/content/errors/design-adobe-photoshop-proekt-access-denied.mdx","Adobe Photoshop проект: показывает отказ в доступе","Дизайн и графика","6","3",""
"pass","src/content/errors/design-adobe-photoshop-proekt-crash-on-open.mdx","Adobe Photoshop проект: падает при открытии файла или проекта","Дизайн и графика","6","3",""
"pass","src/content/errors/design-adobe-photoshop-proekt-does-not-start.mdx","Adobe Photoshop проект: не запускается после обновления","Дизайн и графика","6","3",""
"pass","src/content/errors/design-adobe-photoshop-proekt-settings-reset.mdx","Adobe Photoshop проект: сбрасывает настройки после перезапуска","Дизайн и графика","6","3",""
"pass","src/content/errors/design-adobe-photoshop-proekt-slow-response.mdx","Adobe Photoshop проект: работает заметно медленнее обычного","Дизайн и графика","6","3",""
"pass","src/content/errors/design-adobe-photoshop-proekt-update-loop.mdx","Adobe Photoshop проект: застревает в цикле обновления","Дизайн и графика","6","3",""
"pass","src/content/errors/design-adobe-photoshop-sync-failed.mdx","Adobe Photoshop: не синхронизируется","Дизайн и графика","6","4",""
"pass","src/content/errors/design-adobe-photoshop-update-failed.mdx","Adobe Photoshop: ошибка обновления","Дизайн и графика","6","4",""
"pass","src/content/errors/design-adobe-photoshop-wont-start.mdx","Adobe Photoshop: не запускается","Дизайн и графика","6","4",""
"pass","src/content/errors/design-blender-scena-access-denied.mdx","Blender сцена: показывает отказ в доступе","Дизайн и графика","6","3",""
"pass","src/content/errors/design-blender-scena-crash-on-open.mdx","Blender сцена: падает при открытии файла или проекта","Дизайн и графика","6","3",""
"pass","src/content/errors/design-blender-scena-does-not-start.mdx","Blender сцена: не запускается после обновления","Дизайн и графика","6","3",""
"pass","src/content/errors/design-blender-scena-settings-reset.mdx","Blender сцена: сбрасывает настройки после перезапуска","Дизайн и графика","6","3",""
"pass","src/content/errors/design-blender-scena-slow-response.mdx","Blender сцена: работает заметно медленнее обычного","Дизайн и графика","6","3",""
"pass","src/content/errors/design-blender-scena-update-loop.mdx","Blender сцена: застревает в цикле обновления","Дизайн и графика","6","3",""
"pass","src/content/errors/design-cvetovoy-profil-access-denied.mdx","цветовой профиль: показывает отказ в доступе","Дизайн и графика","6","3",""
"pass","src/content/errors/design-cvetovoy-profil-crash-on-open.mdx","цветовой профиль: падает при открытии файла или проекта","Дизайн и графика","6","3",""
"pass","src/content/errors/design-cvetovoy-profil-does-not-start.mdx","цветовой профиль: не запускается после обновления","Дизайн и графика","6","3",""
"pass","src/content/errors/design-cvetovoy-profil-settings-reset.mdx","цветовой профиль: сбрасывает настройки после перезапуска","Дизайн и графика","6","3",""
"pass","src/content/errors/design-cvetovoy-profil-slow-response.mdx","цветовой профиль: работает заметно медленнее обычного","Дизайн и графика","6","3",""
"pass","src/content/errors/design-cvetovoy-profil-update-loop.mdx","цветовой профиль: застревает в цикле обновления","Дизайн и графика","6","3",""
"pass","src/content/errors/design-eksport-png-access-denied.mdx","экспорт PNG: показывает отказ в доступе","Дизайн и графика","6","3",""
"pass","src/content/errors/design-eksport-png-crash-on-open.mdx","экспорт PNG: падает при открытии файла или проекта","Дизайн и графика","6","3",""
"pass","src/content/errors/design-eksport-png-does-not-start.mdx","экспорт PNG: не запускается после обновления","Дизайн и графика","6","3",""
"pass","src/content/errors/design-eksport-png-settings-reset.mdx","экспорт PNG: сбрасывает настройки после перезапуска","Дизайн и графика","6","3",""
"pass","src/content/errors/design-eksport-png-slow-response.mdx","экспорт PNG: работает заметно медленнее обычного","Дизайн и графика","6","3",""
"pass","src/content/errors/design-eksport-png-update-loop.mdx","экспорт PNG: застревает в цикле обновления","Дизайн и графика","6","3",""
"pass","src/content/errors/design-eksport-svg-access-denied.mdx","экспорт SVG: показывает отказ в доступе","Дизайн и графика","6","3",""
"pass","src/content/errors/design-eksport-svg-crash-on-open.mdx","экспорт SVG: падает при открытии файла или проекта","Дизайн и графика","6","3",""
"pass","src/content/errors/design-eksport-svg-does-not-start.mdx","экспорт SVG: не запускается после обновления","Дизайн и графика","6","3",""
"pass","src/content/errors/design-eksport-svg-settings-reset.mdx","экспорт SVG: сбрасывает настройки после перезапуска","Дизайн и графика","6","3",""
"pass","src/content/errors/design-eksport-svg-slow-response.mdx","экспорт SVG: работает заметно медленнее обычного","Дизайн и графика","6","3",""
"pass","src/content/errors/design-eksport-svg-update-loop.mdx","экспорт SVG: застревает в цикле обновления","Дизайн и графика","6","3",""
"pass","src/content/errors/design-figma-fayl-access-denied.mdx","Figma файл: показывает отказ в доступе","Дизайн и графика","6","3",""
"pass","src/content/errors/design-figma-fayl-crash-on-open.mdx","Figma файл: падает при открытии файла или проекта","Дизайн и графика","6","3",""
"pass","src/content/errors/design-figma-fayl-does-not-start.mdx","Figma файл: не запускается после обновления","Дизайн и графика","6","3",""
"pass","src/content/errors/design-figma-fayl-settings-reset.mdx","Figma файл: сбрасывает настройки после перезапуска","Дизайн и графика","6","3",""
"pass","src/content/errors/design-figma-fayl-slow-response.mdx","Figma файл: работает заметно медленнее обычного","Дизайн и графика","6","3",""
"pass","src/content/errors/design-figma-fayl-update-loop.mdx","Figma файл: застревает в цикле обновления","Дизайн и графика","6","3",""
"pass","src/content/errors/design-illustrator-dokument-access-denied.mdx","Illustrator документ: показывает отказ в доступе","Дизайн и графика","6","3",""
"pass","src/content/errors/design-illustrator-dokument-crash-on-open.mdx","Illustrator документ: падает при открытии файла или проекта","Дизайн и графика","6","3",""
"pass","src/content/errors/design-illustrator-dokument-does-not-start.mdx","Illustrator документ: не запускается после обновления","Дизайн и графика","6","3",""
"pass","src/content/errors/design-illustrator-dokument-settings-reset.mdx","Illustrator документ: сбрасывает настройки после перезапуска","Дизайн и графика","6","3",""
"pass","src/content/errors/design-illustrator-dokument-slow-response.mdx","Illustrator документ: работает заметно медленнее обычного","Дизайн и графика","6","3",""
"pass","src/content/errors/design-illustrator-dokument-update-loop.mdx","Illustrator документ: застревает в цикле обновления","Дизайн и графика","6","3",""
"pass","src/content/errors/design-illustrator-gpu-116.mdx","Illustrator: ошибка GPU — как исправить","Дизайн и графика","7","4",""
"pass","src/content/errors/design-photoshop-gpu-110.mdx","Photoshop: ошибка GPU — как исправить","Дизайн и графика","7","4",""
"pass","src/content/errors/design-plagin-dizayna-access-denied.mdx","плагин дизайна: показывает отказ в доступе","Дизайн и графика","6","3",""
"pass","src/content/errors/design-plagin-dizayna-crash-on-open.mdx","плагин дизайна: падает при открытии файла или проекта","Дизайн и графика","6","3",""
"pass","src/content/errors/design-plagin-dizayna-does-not-start.mdx","плагин дизайна: не запускается после обновления","Дизайн и графика","6","3",""
"pass","src/content/errors/design-plagin-dizayna-settings-reset.mdx","плагин дизайна: сбрасывает настройки после перезапуска","Дизайн и графика","6","3",""
"pass","src/content/errors/design-plagin-dizayna-slow-response.mdx","плагин дизайна: работает заметно медленнее обычного","Дизайн и графика","6","3",""
"pass","src/content/errors/design-prototip-figma-access-denied.mdx","прототип Figma: показывает отказ в доступе","Дизайн и графика","6","3",""
"pass","src/content/errors/design-prototip-figma-crash-on-open.mdx","прототип Figma: падает при открытии файла или проекта","Дизайн и графика","6","3",""
"pass","src/content/errors/design-prototip-figma-does-not-start.mdx","прототип Figma: не запускается после обновления","Дизайн и графика","6","3",""
"pass","src/content/errors/design-prototip-figma-settings-reset.mdx","прототип Figma: сбрасывает настройки после перезапуска","Дизайн и графика","6","3",""
"pass","src/content/errors/design-prototip-figma-slow-response.mdx","прототип Figma: работает заметно медленнее обычного","Дизайн и графика","6","3",""
"pass","src/content/errors/design-shrifty-v-makete-access-denied.mdx","шрифты в макете: показывает отказ в доступе","Дизайн и графика","6","3",""
"pass","src/content/errors/design-shrifty-v-makete-crash-on-open.mdx","шрифты в макете: падает при открытии файла или проекта","Дизайн и графика","6","3",""
"pass","src/content/errors/design-shrifty-v-makete-does-not-start.mdx","шрифты в макете: не запускается после обновления","Дизайн и графика","6","3",""
"pass","src/content/errors/design-shrifty-v-makete-settings-reset.mdx","шрифты в макете: сбрасывает настройки после перезапуска","Дизайн и графика","6","3",""
"pass","src/content/errors/design-shrifty-v-makete-slow-response.mdx","шрифты в макете: работает заметно медленнее обычного","Дизайн и графика","6","3",""
"pass","src/content/errors/design-shrifty-v-makete-update-loop.mdx","шрифты в макете: застревает в цикле обновления","Дизайн и графика","6","3",""
"pass","src/content/errors/design-sloi-dizayna-access-denied.mdx","слои дизайна: показывает отказ в доступе","Дизайн и графика","6","3",""
"pass","src/content/errors/design-sloi-dizayna-crash-on-open.mdx","слои дизайна: падает при открытии файла или проекта","Дизайн и графика","6","3",""
"pass","src/content/errors/design-sloi-dizayna-does-not-start.mdx","слои дизайна: не запускается после обновления","Дизайн и графика","6","3",""
"pass","src/content/errors/design-sloi-dizayna-settings-reset.mdx","слои дизайна: сбрасывает настройки после перезапуска","Дизайн и графика","6","3",""
"pass","src/content/errors/design-sloi-dizayna-slow-response.mdx","слои дизайна: работает заметно медленнее обычного","Дизайн и графика","6","3",""
"pass","src/content/errors/design-sloi-dizayna-update-loop.mdx","слои дизайна: застревает в цикле обновления","Дизайн и графика","6","3",""
"pass","src/content/errors/devops-blue-green-deploy-access-denied.mdx","blue-green deploy: показывает отказ в доступе","DevOps и облака","6","3",""
"pass","src/content/errors/devops-blue-green-deploy-crash-on-open.mdx","blue-green deploy: падает при открытии файла или проекта","DevOps и облака","6","3",""
"pass","src/content/errors/devops-blue-green-deploy-does-not-start.mdx","blue-green deploy: не запускается после обновления","DevOps и облака","6","3",""
"pass","src/content/errors/devops-blue-green-deploy-settings-reset.mdx","blue-green deploy: сбрасывает настройки после перезапуска","DevOps и облака","6","3",""
"pass","src/content/errors/devops-blue-green-deploy-slow-response.mdx","blue-green deploy: работает заметно медленнее обычного","DevOps и облака","6","3",""
"pass","src/content/errors/devops-cron-job-access-denied.mdx","cron job: показывает отказ в доступе","DevOps и облака","6","3",""
"pass","src/content/errors/devops-cron-job-crash-on-open.mdx","cron job: падает при открытии файла или проекта","DevOps и облака","6","3",""
"pass","src/content/errors/devops-cron-job-does-not-start.mdx","cron job: не запускается после обновления","DevOps и облака","6","3",""
"pass","src/content/errors/devops-cron-job-settings-reset.mdx","cron job: сбрасывает настройки после перезапуска","DevOps и облака","6","3",""
"pass","src/content/errors/devops-cron-job-slow-response.mdx","cron job: работает заметно медленнее обычного","DevOps и облака","6","3",""
"pass","src/content/errors/devops-cron-job-update-loop.mdx","cron job: застревает в цикле обновления","DevOps и облака","6","3",""
"pass","src/content/errors/devops-docker-registry-access-denied.mdx","Docker registry: показывает отказ в доступе","DevOps и облака","6","3",""
"pass","src/content/errors/devops-docker-registry-crash-on-open.mdx","Docker registry: падает при открытии файла или проекта","DevOps и облака","6","3",""
"pass","src/content/errors/devops-docker-registry-does-not-start.mdx","Docker registry: не запускается после обновления","DevOps и облака","6","3",""
"pass","src/content/errors/devops-docker-registry-settings-reset.mdx","Docker registry: сбрасывает настройки после перезапуска","DevOps и облака","6","3",""
"pass","src/content/errors/devops-docker-registry-slow-response.mdx","Docker registry: работает заметно медленнее обычного","DevOps и облака","6","3",""
"pass","src/content/errors/devops-github-actions-config-error.mdx","GitHub Actions: ошибка конфигурации","DevOps и облака","6","4",""
"pass","src/content/errors/devops-github-actions-crashes-after-update.mdx","GitHub Actions: вылетает после обновления","DevOps и облака","6","4",""
"pass","src/content/errors/devops-github-actions-deployment-257.mdx","GitHub Actions: ошибка deployment — как исправить","DevOps и облака","7","4",""
"pass","src/content/errors/devops-github-actions-high-cpu.mdx","GitHub Actions: нагружает процессор","DevOps и облака","6","4",""
"pass","src/content/errors/devops-github-actions-network-timeout.mdx","GitHub Actions: ошибка подключения или тайм-аут","DevOps и облака","6","4",""
"pass","src/content/errors/devops-github-actions-permission-denied.mdx","GitHub Actions: отказано в доступе","DevOps и облака","6","4",""
"pass","src/content/errors/devops-github-actions-pipeline-access-denied.mdx","GitHub Actions pipeline: показывает отказ в доступе","DevOps и облака","6","3",""
"pass","src/content/errors/devops-github-actions-pipeline-crash-on-open.mdx","GitHub Actions pipeline: падает при открытии файла или проекта","DevOps и облака","6","3",""
"pass","src/content/errors/devops-github-actions-pipeline-does-not-start.mdx","GitHub Actions pipeline: не запускается после обновления","DevOps и облака","6","3",""
"pass","src/content/errors/devops-github-actions-pipeline-failed-256.mdx","GitHub Actions: pipeline failed — как исправить","DevOps и облака","7","4",""
"pass","src/content/errors/devops-github-actions-pipeline-settings-reset.mdx","GitHub Actions pipeline: сбрасывает настройки после перезапуска","DevOps и облака","6","3",""
"pass","src/content/errors/devops-github-actions-pipeline-slow-response.mdx","GitHub Actions pipeline: работает заметно медленнее обычного","DevOps и облака","6","3",""
"pass","src/content/errors/devops-github-actions-pipeline-update-loop.mdx","GitHub Actions pipeline: застревает в цикле обновления","DevOps и облака","6","3",""
"pass","src/content/errors/devops-github-actions-sync-failed.mdx","GitHub Actions: не синхронизируется","DevOps и облака","6","4",""
"pass","src/content/errors/devops-github-actions-timeout-259.mdx","GitHub Actions: timeout задачи — как исправить","DevOps и облака","7","4",""
"pass","src/content/errors/devops-github-actions-update-failed.mdx","GitHub Actions: ошибка обновления","DevOps и облака","6","4",""
"pass","src/content/errors/devops-github-actions-wont-start.mdx","GitHub Actions: не запускается","DevOps и облака","6","4",""
"pass","src/content/errors/devops-gitlab-ci-config-error.mdx","GitLab CI: ошибка конфигурации","DevOps и облака","6","4",""
"pass","src/content/errors/devops-gitlab-ci-crashes-after-update.mdx","GitLab CI: вылетает после обновления","DevOps и облака","6","4",""
"pass","src/content/errors/devops-gitlab-ci-deployment-262.mdx","GitLab CI: ошибка deployment — как исправить","DevOps и облака","7","4",""
"pass","src/content/errors/devops-gitlab-ci-high-cpu.mdx","GitLab CI: нагружает процессор","DevOps и облака","6","4",""
"pass","src/content/errors/devops-gitlab-ci-network-timeout.mdx","GitLab CI: ошибка подключения или тайм-аут","DevOps и облака","6","4",""
"pass","src/content/errors/devops-gitlab-ci-permission-denied.mdx","GitLab CI: отказано в доступе","DevOps и облака","6","4",""
"pass","src/content/errors/devops-gitlab-ci-pipeline-failed-261.mdx","GitLab CI: pipeline failed — как исправить","DevOps и облака","7","4",""
"pass","src/content/errors/devops-gitlab-ci-sync-failed.mdx","GitLab CI: не синхронизируется","DevOps и облака","6","4",""
"pass","src/content/errors/devops-gitlab-ci-timeout-264.mdx","GitLab CI: timeout задачи — как исправить","DevOps и облака","7","4",""
"pass","src/content/errors/devops-gitlab-ci-update-failed.mdx","GitLab CI: ошибка обновления","DevOps и облака","6","4",""
"pass","src/content/errors/devops-gitlab-ci-wont-start.mdx","GitLab CI: не запускается","DevOps и облака","6","4",""
"pass","src/content/errors/devops-kubernetes-crashes-after-update.mdx","Kubernetes: вылетает после обновления","DevOps и облака","6","4",""
"pass","src/content/errors/devops-kubernetes-deployment-access-denied.mdx","Kubernetes deployment: показывает отказ в доступе","DevOps и облака","6","3",""
"pass","src/content/errors/devops-kubernetes-deployment-crash-on-open.mdx","Kubernetes deployment: падает при открытии файла или проекта","DevOps и облака","6","3",""
"pass","src/content/errors/devops-kubernetes-deployment-does-not-start.mdx","Kubernetes deployment: не запускается после обновления","DevOps и облака","6","3",""
"pass","src/content/errors/devops-kubernetes-deployment-settings-reset.mdx","Kubernetes deployment: сбрасывает настройки после перезапуска","DevOps и облака","6","3",""
"pass","src/content/errors/devops-kubernetes-deployment-slow-response.mdx","Kubernetes deployment: работает заметно медленнее обычного","DevOps и облака","6","3",""
"pass","src/content/errors/devops-kubernetes-deployment-update-loop.mdx","Kubernetes deployment: застревает в цикле обновления","DevOps и облака","6","3",""
"pass","src/content/errors/devops-kubernetes-wont-start.mdx","Kubernetes: не запускается","DevOps и облака","6","4",""
"pass","src/content/errors/devops-linux-service-healthcheck-access-denied.mdx","Linux service healthcheck: показывает отказ в доступе","DevOps и облака","6","3",""
"pass","src/content/errors/devops-linux-service-healthcheck-crash-on-open.mdx","Linux service healthcheck: падает при открытии файла или проекта","DevOps и облака","6","3",""
"pass","src/content/errors/devops-linux-service-healthcheck-does-not-start.mdx","Linux service healthcheck: не запускается после обновления","DevOps и облака","6","3",""
"pass","src/content/errors/devops-linux-service-healthcheck-settings-reset.mdx","Linux service healthcheck: сбрасывает настройки после перезапуска","DevOps и облака","6","3",""
"pass","src/content/errors/devops-linux-service-healthcheck-slow-response.mdx","Linux service healthcheck: работает заметно медленнее обычного","DevOps и облака","6","3",""
"pass","src/content/errors/devops-load-balancer-access-denied.mdx","load balancer: показывает отказ в доступе","DevOps и облака","6","3",""
"pass","src/content/errors/devops-load-balancer-crash-on-open.mdx","load balancer: падает при открытии файла или проекта","DevOps и облака","6","3",""
"pass","src/content/errors/devops-load-balancer-does-not-start.mdx","load balancer: не запускается после обновления","DevOps и облака","6","3",""
"pass","src/content/errors/devops-load-balancer-settings-reset.mdx","load balancer: сбрасывает настройки после перезапуска","DevOps и облака","6","3",""
"pass","src/content/errors/devops-load-balancer-slow-response.mdx","load balancer: работает заметно медленнее обычного","DevOps и облака","6","3",""
"pass","src/content/errors/devops-load-balancer-update-loop.mdx","load balancer: застревает в цикле обновления","DevOps и облака","6","3",""
"pass","src/content/errors/devops-nginx-reverse-proxy-access-denied.mdx","NGINX reverse proxy: показывает отказ в доступе","DevOps и облака","6","3",""
"pass","src/content/errors/devops-nginx-reverse-proxy-crash-on-open.mdx","NGINX reverse proxy: падает при открытии файла или проекта","DevOps и облака","6","3",""
"pass","src/content/errors/devops-nginx-reverse-proxy-does-not-start.mdx","NGINX reverse proxy: не запускается после обновления","DevOps и облака","6","3",""
"pass","src/content/errors/devops-nginx-reverse-proxy-settings-reset.mdx","NGINX reverse proxy: сбрасывает настройки после перезапуска","DevOps и облака","6","3",""
"pass","src/content/errors/devops-nginx-reverse-proxy-slow-response.mdx","NGINX reverse proxy: работает заметно медленнее обычного","DevOps и облака","6","3",""
"pass","src/content/errors/devops-nginx-reverse-proxy-update-loop.mdx","NGINX reverse proxy: застревает в цикле обновления","DevOps и облака","6","3",""
"pass","src/content/errors/devops-prometheus-alert-access-denied.mdx","Prometheus alert: показывает отказ в доступе","DevOps и облака","6","3",""
"pass","src/content/errors/devops-prometheus-alert-crash-on-open.mdx","Prometheus alert: падает при открытии файла или проекта","DevOps и облака","6","3",""
"pass","src/content/errors/devops-prometheus-alert-does-not-start.mdx","Prometheus alert: не запускается после обновления","DevOps и облака","6","3",""
"pass","src/content/errors/devops-prometheus-alert-settings-reset.mdx","Prometheus alert: сбрасывает настройки после перезапуска","DevOps и облака","6","3",""
"pass","src/content/errors/devops-prometheus-alert-slow-response.mdx","Prometheus alert: работает заметно медленнее обычного","DevOps и облака","6","3",""
"pass","src/content/errors/devops-prometheus-alert-update-loop.mdx","Prometheus alert: застревает в цикле обновления","DevOps и облака","6","3",""
"pass","src/content/errors/devops-ssh-deploy-access-denied.mdx","SSH deploy: показывает отказ в доступе","DevOps и облака","6","3",""
"pass","src/content/errors/devops-ssh-deploy-crash-on-open.mdx","SSH deploy: падает при открытии файла или проекта","DevOps и облака","6","3",""
"pass","src/content/errors/devops-ssh-deploy-does-not-start.mdx","SSH deploy: не запускается после обновления","DevOps и облака","6","3",""
"pass","src/content/errors/devops-ssh-deploy-settings-reset.mdx","SSH deploy: сбрасывает настройки после перезапуска","DevOps и облака","6","3",""
"pass","src/content/errors/devops-ssh-deploy-slow-response.mdx","SSH deploy: работает заметно медленнее обычного","DevOps и облака","6","3",""
"pass","src/content/errors/devops-ssh-deploy-update-loop.mdx","SSH deploy: застревает в цикле обновления","DevOps и облака","6","3",""
"pass","src/content/errors/devops-systemd-servis-access-denied.mdx","systemd сервис: показывает отказ в доступе","DevOps и облака","6","3",""
"pass","src/content/errors/devops-systemd-servis-crash-on-open.mdx","systemd сервис: падает при открытии файла или проекта","DevOps и облака","6","3",""
"pass","src/content/errors/devops-systemd-servis-does-not-start.mdx","systemd сервис: не запускается после обновления","DevOps и облака","6","3",""
"pass","src/content/errors/devops-systemd-servis-settings-reset.mdx","systemd сервис: сбрасывает настройки после перезапуска","DevOps и облака","6","3",""
"pass","src/content/errors/devops-systemd-servis-slow-response.mdx","systemd сервис: работает заметно медленнее обычного","DevOps и облака","6","3",""
"pass","src/content/errors/devops-systemd-servis-update-loop.mdx","systemd сервис: застревает в цикле обновления","DevOps и облака","6","3",""
"pass","src/content/errors/devops-tls-sertifikat-servera-access-denied.mdx","TLS сертификат сервера: показывает отказ в доступе","DevOps и облака","6","3",""
"pass","src/content/errors/devops-tls-sertifikat-servera-crash-on-open.mdx","TLS сертификат сервера: падает при открытии файла или проекта","DevOps и облака","6","3",""
"pass","src/content/errors/devops-tls-sertifikat-servera-does-not-start.mdx","TLS сертификат сервера: не запускается после обновления","DevOps и облака","6","3",""
"pass","src/content/errors/devops-tls-sertifikat-servera-settings-reset.mdx","TLS сертификат сервера: сбрасывает настройки после перезапуска","DevOps и облака","6","3",""
"pass","src/content/errors/devops-tls-sertifikat-servera-slow-response.mdx","TLS сертификат сервера: работает заметно медленнее обычного","DevOps и облака","6","3",""
"pass","src/content/errors/devops-tls-sertifikat-servera-update-loop.mdx","TLS сертификат сервера: застревает в цикле обновления","DevOps и облака","6","3",""
"pass","src/content/errors/dewalt-grinder-iskrit-dvigatel.mdx","DeWalt grinder: искрит двигатель — как исправить","Электроинструмент","6","4",""
"pass","src/content/errors/dewalt-grinder-ne-vklyuchaetsya.mdx","DeWalt grinder: не включается — как исправить","Электроинструмент","6","4",""
"pass","src/content/errors/dewalt-grinder-ne-zaryazhaetsya-akkumulyator.mdx","DeWalt grinder: не заряжается аккумулятор — как исправить","Электроинструмент","6","4",""
"pass","src/content/errors/dhcp-ne-otkryvayutsya-sayty.mdx","DHCP: не открываются сайты — как исправить","Сеть","6","4",""
"pass","src/content/errors/dhcp-ne-rezolvit-domeny.mdx","DHCP: не резолвит домены — как исправить","Сеть","6","4",""
"pass","src/content/errors/dhcp-obryvaet-podklyuchenie.mdx","DHCP: обрывает подключение — как исправить","Сеть","6","4",""
"pass","src/content/errors/dishwashers-bosch-dishwasher-bad-smell.mdx","Bosch dishwasher: появился запах или гарь","Посудомоечные машины","6","4",""
"pass","src/content/errors/dishwashers-bosch-dishwasher-does-not-drain.mdx","Bosch dishwasher: не сливает воду","Посудомоечные машины","6","4",""
"pass","src/content/errors/dishwashers-bosch-dishwasher-does-not-heat.mdx","Bosch dishwasher: не греет","Посудомоечные машины","6","4",""
"pass","src/content/errors/dishwashers-bosch-dishwasher-error-code.mdx","Bosch dishwasher: показывает код ошибки","Посудомоечные машины","6","4",""
"pass","src/content/errors/dishwashers-bosch-dishwasher-leaks-water.mdx","Bosch dishwasher: протекает","Посудомоечные машины","6","4",""
"pass","src/content/errors/dishwashers-bosch-dishwasher-makes-noise.mdx","Bosch dishwasher: шумит или вибрирует","Посудомоечные машины","6","4",""
"pass","src/content/errors/dishwashers-bosch-dishwasher-stops-mid-cycle.mdx","Bosch dishwasher: останавливается во время работы","Посудомоечные машины","6","4",""
"pass","src/content/errors/dishwashers-bosch-dishwasher-wont-turn-on.mdx","Bosch dishwasher: не включается","Посудомоечные машины","6","4",""
"pass","src/content/errors/dishwashers-bosch-posudomoechnaya-mashina-bad-smell.mdx","Bosch посудомоечная машина: появился запах при работе","Посудомоечные машины","6","4",""
"pass","src/content/errors/dishwashers-bosch-posudomoechnaya-mashina-does-not-start.mdx","Bosch посудомоечная машина: не запускается","Посудомоечные машины","6","4",""
"pass","src/content/errors/dishwashers-bosch-posudomoechnaya-mashina-error-code.mdx","Bosch посудомоечная машина: показывает код ошибки","Посудомоечные машины","6","4",""
"pass","src/content/errors/dishwashers-bosch-posudomoechnaya-mashina-leaks-water.mdx","Bosch посудомоечная машина: подтекает снизу или у двери","Посудомоечные машины","6","4",""
"pass","src/content/errors/dishwashers-bosch-posudomoechnaya-mashina-noise-vibration.mdx","Bosch посудомоечная машина: шумит или вибрирует сильнее обычного","Посудомоечные машины","6","4",""
"pass","src/content/errors/dishwashers-bosch-posudomoechnaya-mashina-stops-mid-cycle.mdx","Bosch посудомоечная машина: останавливается в середине цикла","Посудомоечные машины","6","4",""
"pass","src/content/errors/dishwashers-dverca-posudomoyki-bad-smell.mdx","дверца посудомойки: появился запах при работе","Посудомоечные машины","6","3",""
"pass","src/content/errors/dishwashers-dverca-posudomoyki-does-not-start.mdx","дверца посудомойки: не запускается","Посудомоечные машины","6","3",""
"pass","src/content/errors/dishwashers-dverca-posudomoyki-leaks-water.mdx","дверца посудомойки: подтекает снизу или у двери","Посудомоечные машины","6","3",""
"pass","src/content/errors/dishwashers-dverca-posudomoyki-noise-vibration.mdx","дверца посудомойки: шумит или вибрирует сильнее обычного","Посудомоечные машины","6","3",""
"pass","src/content/errors/dishwashers-dverca-posudomoyki-stops-mid-cycle.mdx","дверца посудомойки: останавливается в середине цикла","Посудомоечные машины","6","3",""
"pass","src/content/errors/dishwashers-electrolux-posudomoechnaya-mashina-bad-smell.mdx","Electrolux посудомоечная машина: появился запах при работе","Посудомоечные машины","6","4",""
"pass","src/content/errors/dishwashers-electrolux-posudomoechnaya-mashina-does-not-start.mdx","Electrolux посудомоечная машина: не запускается","Посудомоечные машины","6","4",""
"pass","src/content/errors/dishwashers-electrolux-posudomoechnaya-mashina-error-code.mdx","Electrolux посудомоечная машина: показывает код ошибки","Посудомоечные машины","6","4",""
"pass","src/content/errors/dishwashers-electrolux-posudomoechnaya-mashina-leaks-water.mdx","Electrolux посудомоечная машина: подтекает снизу или у двери","Посудомоечные машины","6","4",""
"pass","src/content/errors/dishwashers-electrolux-posudomoechnaya-mashina-noise-vibration.mdx","Electrolux посудомоечная машина: шумит или вибрирует сильнее обычного","Посудомоечные машины","6","4",""
"pass","src/content/errors/dishwashers-electrolux-posudomoechnaya-mashina-stops-mid-cycle.mdx","Electrolux посудомоечная машина: останавливается в середине цикла","Посудомоечные машины","6","4",""
"pass","src/content/errors/dishwashers-filtr-posudomoyki-bad-smell.mdx","фильтр посудомойки: появился запах при работе","Посудомоечные машины","6","3",""
"pass","src/content/errors/dishwashers-filtr-posudomoyki-does-not-start.mdx","фильтр посудомойки: не запускается","Посудомоечные машины","6","3",""
"pass","src/content/errors/dishwashers-filtr-posudomoyki-error-code.mdx","фильтр посудомойки: показывает код ошибки","Посудомоечные машины","6","3",""
"pass","src/content/errors/dishwashers-filtr-posudomoyki-leaks-water.mdx","фильтр посудомойки: подтекает снизу или у двери","Посудомоечные машины","6","3",""
"pass","src/content/errors/dishwashers-filtr-posudomoyki-noise-vibration.mdx","фильтр посудомойки: шумит или вибрирует сильнее обычного","Посудомоечные машины","6","3",""
"pass","src/content/errors/dishwashers-filtr-posudomoyki-stops-mid-cycle.mdx","фильтр посудомойки: останавливается в середине цикла","Посудомоечные машины","6","3",""
"pass","src/content/errors/dishwashers-lg-posudomoechnaya-mashina-bad-smell.mdx","LG посудомоечная машина: появился запах при работе","Посудомоечные машины","6","4",""
"pass","src/content/errors/dishwashers-lg-posudomoechnaya-mashina-does-not-start.mdx","LG посудомоечная машина: не запускается","Посудомоечные машины","6","4",""
"pass","src/content/errors/dishwashers-lg-posudomoechnaya-mashina-error-code.mdx","LG посудомоечная машина: показывает код ошибки","Посудомоечные машины","6","4",""
"pass","src/content/errors/dishwashers-lg-posudomoechnaya-mashina-leaks-water.mdx","LG посудомоечная машина: подтекает снизу или у двери","Посудомоечные машины","6","4",""
"pass","src/content/errors/dishwashers-lg-posudomoechnaya-mashina-noise-vibration.mdx","LG посудомоечная машина: шумит или вибрирует сильнее обычного","Посудомоечные машины","6","4",""
"pass","src/content/errors/dishwashers-lg-posudomoechnaya-mashina-stops-mid-cycle.mdx","LG посудомоечная машина: останавливается в середине цикла","Посудомоечные машины","6","4",""
"pass","src/content/errors/dishwashers-nastolnaya-posudomoechnaya-mashina-bad-smell.mdx","настольная посудомоечная машина: появился запах при работе","Посудомоечные машины","6","3",""
"pass","src/content/errors/dishwashers-nastolnaya-posudomoechnaya-mashina-does-not-start.mdx","настольная посудомоечная машина: не запускается","Посудомоечные машины","6","3",""
"pass","src/content/errors/dishwashers-nastolnaya-posudomoechnaya-mashina-error-code.mdx","настольная посудомоечная машина: показывает код ошибки","Посудомоечные машины","6","3",""
"pass","src/content/errors/dishwashers-nastolnaya-posudomoechnaya-mashina-leaks-water.mdx","настольная посудомоечная машина: подтекает снизу или у двери","Посудомоечные машины","6","3",""
"pass","src/content/errors/dishwashers-nastolnaya-posudomoechnaya-mashina-noise-vibration.mdx","настольная посудомоечная машина: шумит или вибрирует сильнее обычного","Посудомоечные машины","6","3",""
"pass","src/content/errors/dishwashers-nastolnaya-posudomoechnaya-mashina-stops-mid-cycle.mdx","настольная посудомоечная машина: останавливается в середине цикла","Посудомоечные машины","6","3",""
"pass","src/content/errors/dishwashers-razbryzgivatel-posudomoyki-bad-smell.mdx","разбрызгиватель посудомойки: появился запах при работе","Посудомоечные машины","6","3",""
"pass","src/content/errors/dishwashers-razbryzgivatel-posudomoyki-does-not-start.mdx","разбрызгиватель посудомойки: не запускается","Посудомоечные машины","6","3",""
"pass","src/content/errors/dishwashers-razbryzgivatel-posudomoyki-leaks-water.mdx","разбрызгиватель посудомойки: подтекает снизу или у двери","Посудомоечные машины","6","3",""
"pass","src/content/errors/dishwashers-razbryzgivatel-posudomoyki-noise-vibration.mdx","разбрызгиватель посудомойки: шумит или вибрирует сильнее обычного","Посудомоечные машины","6","3",""
"pass","src/content/errors/dishwashers-razbryzgivatel-posudomoyki-stops-mid-cycle.mdx","разбрызгиватель посудомойки: останавливается в середине цикла","Посудомоечные машины","6","3",""
"pass","src/content/errors/dishwashers-samsung-posudomoechnaya-mashina-bad-smell.mdx","Samsung посудомоечная машина: появился запах при работе","Посудомоечные машины","6","4",""
"pass","src/content/errors/dishwashers-samsung-posudomoechnaya-mashina-does-not-start.mdx","Samsung посудомоечная машина: не запускается","Посудомоечные машины","6","4",""
"pass","src/content/errors/dishwashers-samsung-posudomoechnaya-mashina-error-code.mdx","Samsung посудомоечная машина: показывает код ошибки","Посудомоечные машины","6","4",""
"pass","src/content/errors/dishwashers-samsung-posudomoechnaya-mashina-leaks-water.mdx","Samsung посудомоечная машина: подтекает снизу или у двери","Посудомоечные машины","6","4",""
"pass","src/content/errors/dishwashers-samsung-posudomoechnaya-mashina-noise-vibration.mdx","Samsung посудомоечная машина: шумит или вибрирует сильнее обычного","Посудомоечные машины","6","4",""
"pass","src/content/errors/dishwashers-samsung-posudomoechnaya-mashina-stops-mid-cycle.mdx","Samsung посудомоечная машина: останавливается в середине цикла","Посудомоечные машины","6","4",""
"pass","src/content/errors/dishwashers-siemens-dishwasher-bad-smell.mdx","Siemens dishwasher: появился запах или гарь","Посудомоечные машины","6","4",""
"pass","src/content/errors/dishwashers-siemens-dishwasher-does-not-drain.mdx","Siemens dishwasher: не сливает воду","Посудомоечные машины","6","4",""
"pass","src/content/errors/dishwashers-siemens-dishwasher-does-not-heat.mdx","Siemens dishwasher: не греет","Посудомоечные машины","6","4",""
"pass","src/content/errors/dishwashers-siemens-dishwasher-error-code.mdx","Siemens dishwasher: показывает код ошибки","Посудомоечные машины","6","4",""
"pass","src/content/errors/dishwashers-siemens-dishwasher-leaks-water.mdx","Siemens dishwasher: протекает","Посудомоечные машины","6","4",""
"pass","src/content/errors/dishwashers-siemens-dishwasher-makes-noise.mdx","Siemens dishwasher: шумит или вибрирует","Посудомоечные машины","6","4",""
"pass","src/content/errors/dishwashers-siemens-dishwasher-stops-mid-cycle.mdx","Siemens dishwasher: останавливается во время работы","Посудомоечные машины","6","4",""
"pass","src/content/errors/dishwashers-siemens-dishwasher-wont-turn-on.mdx","Siemens dishwasher: не включается","Посудомоечные машины","6","4",""
"pass","src/content/errors/dishwashers-siemens-posudomoechnaya-mashina-bad-smell.mdx","Siemens посудомоечная машина: появился запах при работе","Посудомоечные машины","6","4",""
"pass","src/content/errors/dishwashers-siemens-posudomoechnaya-mashina-does-not-start.mdx","Siemens посудомоечная машина: не запускается","Посудомоечные машины","6","4",""
"pass","src/content/errors/dishwashers-siemens-posudomoechnaya-mashina-error-code.mdx","Siemens посудомоечная машина: показывает код ошибки","Посудомоечные машины","6","4",""
"pass","src/content/errors/dishwashers-siemens-posudomoechnaya-mashina-leaks-water.mdx","Siemens посудомоечная машина: подтекает снизу или у двери","Посудомоечные машины","6","4",""
"pass","src/content/errors/dishwashers-siemens-posudomoechnaya-mashina-noise-vibration.mdx","Siemens посудомоечная машина: шумит или вибрирует сильнее обычного","Посудомоечные машины","6","4",""
"pass","src/content/errors/dishwashers-siemens-posudomoechnaya-mashina-stops-mid-cycle.mdx","Siemens посудомоечная машина: останавливается в середине цикла","Посудомоечные машины","6","4",""
"pass","src/content/errors/dishwashers-sliv-posudomoyki-bad-smell.mdx","слив посудомойки: появился запах при работе","Посудомоечные машины","6","3",""
"pass","src/content/errors/dishwashers-sliv-posudomoyki-does-not-start.mdx","слив посудомойки: не запускается","Посудомоечные машины","6","3",""
"pass","src/content/errors/dishwashers-sliv-posudomoyki-leaks-water.mdx","слив посудомойки: подтекает снизу или у двери","Посудомоечные машины","6","3",""
"pass","src/content/errors/dishwashers-sliv-posudomoyki-noise-vibration.mdx","слив посудомойки: шумит или вибрирует сильнее обычного","Посудомоечные машины","6","3",""
"pass","src/content/errors/dishwashers-sliv-posudomoyki-stops-mid-cycle.mdx","слив посудомойки: останавливается в середине цикла","Посудомоечные машины","6","3",""
"pass","src/content/errors/dishwashers-uzkaya-posudomoechnaya-mashina-bad-smell.mdx","узкая посудомоечная машина: появился запах при работе","Посудомоечные машины","6","3",""
"pass","src/content/errors/dishwashers-uzkaya-posudomoechnaya-mashina-does-not-start.mdx","узкая посудомоечная машина: не запускается","Посудомоечные машины","6","3",""
"pass","src/content/errors/dishwashers-uzkaya-posudomoechnaya-mashina-error-code.mdx","узкая посудомоечная машина: показывает код ошибки","Посудомоечные машины","6","3",""
"pass","src/content/errors/dishwashers-uzkaya-posudomoechnaya-mashina-leaks-water.mdx","узкая посудомоечная машина: подтекает снизу или у двери","Посудомоечные машины","6","3",""
"pass","src/content/errors/dishwashers-uzkaya-posudomoechnaya-mashina-noise-vibration.mdx","узкая посудомоечная машина: шумит или вибрирует сильнее обычного","Посудомоечные машины","6","3",""
"pass","src/content/errors/dishwashers-uzkaya-posudomoechnaya-mashina-stops-mid-cycle.mdx","узкая посудомоечная машина: останавливается в середине цикла","Посудомоечные машины","6","3",""
"pass","src/content/errors/dishwashers-vstraivaemaya-posudomoechnaya-mashina-bad-smell.mdx","встраиваемая посудомоечная машина: появился запах при работе","Посудомоечные машины","6","3",""
"pass","src/content/errors/dishwashers-vstraivaemaya-posudomoechnaya-mashina-does-not-start.mdx","встраиваемая посудомоечная машина: не запускается","Посудомоечные машины","6","3",""
"pass","src/content/errors/dishwashers-vstraivaemaya-posudomoechnaya-mashina-error-code.mdx","встраиваемая посудомоечная машина: показывает код ошибки","Посудомоечные машины","6","3",""
"pass","src/content/errors/dishwashers-vstraivaemaya-posudomoechnaya-mashina-leaks-water.mdx","встраиваемая посудомоечная машина: подтекает снизу или у двери","Посудомоечные машины","6","3",""
"pass","src/content/errors/dishwashers-vstraivaemaya-posudomoechnaya-mashina-noise-vibration.mdx","встраиваемая посудомоечная машина: шумит или вибрирует сильнее обычного","Посудомоечные машины","6","3",""
"pass","src/content/errors/dishwashers-vstraivaemaya-posudomoechnaya-mashina-stops-mid-cycle.mdx","встраиваемая посудомоечная машина: останавливается в середине цикла","Посудомоечные машины","6","3",""
"pass","src/content/errors/dns-ne-otkryvayutsya-sayty.mdx","DNS: не открываются сайты — как исправить","Сеть","6","4",""
"pass","src/content/errors/dns-ne-rezolvit-domeny.mdx","DNS: не резолвит домены — как исправить","Сеть","6","4",""
"pass","src/content/errors/dns-obryvaet-podklyuchenie.mdx","DNS: обрывает подключение — как исправить","Сеть","6","4",""
"pass","src/content/errors/docker-compose-env-fayl-access-denied.mdx","compose env файл: показывает отказ в доступе","Docker и контейнеры","6","3",""
"pass","src/content/errors/docker-compose-env-fayl-crash-on-open.mdx","compose env файл: падает при открытии файла или проекта","Docker и контейнеры","6","3",""
"pass","src/content/errors/docker-compose-env-fayl-does-not-start.mdx","compose env файл: не запускается после обновления","Docker и контейнеры","6","3",""
"pass","src/content/errors/docker-compose-env-fayl-settings-reset.mdx","compose env файл: сбрасывает настройки после перезапуска","Docker и контейнеры","6","3",""
"pass","src/content/errors/docker-compose-env-fayl-slow-response.mdx","compose env файл: работает заметно медленнее обычного","Docker и контейнеры","6","3",""
"pass","src/content/errors/docker-compose-ne-startuet-servis.mdx","Docker Compose: не стартует сервис — как исправить","Docker и контейнеры","6","4",""
"pass","src/content/errors/docker-compose-net-seti-mezhdu-konteynerami.mdx","Docker Compose: нет сети между контейнерами — как исправить","Docker и контейнеры","6","4",""
"pass","src/content/errors/docker-compose-port-uzhe-zanyat.mdx","Docker Compose: порт уже занят — как исправить","Docker и контейнеры","6","4",""
"pass","src/content/errors/docker-container-crash-fix.mdx","Docker контейнер падает: исправление crash loop","DevOps и облака","6","4",""
"pass","src/content/errors/docker-container-restart-loop.mdx","Docker контейнер перезапускается бесконечно: причины и решение","DevOps и облака","6","4",""
"pass","src/content/errors/docker-desktop-ne-startuet-servis.mdx","Docker Desktop: не стартует сервис — как исправить","Docker и контейнеры","6","4",""
"pass","src/content/errors/docker-desktop-ne-zapuskaetsya-oshibka-windows.mdx","Docker Desktop не запускается в Windows: исправление ошибок WSL","Docker и контейнеры","6","3",""
"pass","src/content/errors/docker-desktop-net-seti-mezhdu-konteynerami.mdx","Docker Desktop: нет сети между контейнерами — как исправить","Docker и контейнеры","6","4",""
"pass","src/content/errors/docker-desktop-port-uzhe-zanyat.mdx","Docker Desktop: порт уже занят — как исправить","Docker и контейнеры","6","4",""
"pass","src/content/errors/docker-docker-buildkit-crashes-after-update.mdx","Docker BuildKit: вылетает после обновления","Docker и контейнеры","6","4",""
"pass","src/content/errors/docker-docker-buildkit-permission-denied.mdx","Docker BuildKit: отказано в доступе","Docker и контейнеры","6","4",""
"pass","src/content/errors/docker-docker-buildkit-wont-start.mdx","Docker BuildKit: не запускается","Docker и контейнеры","6","4",""
"pass","src/content/errors/docker-docker-compose-config-error.mdx","Docker Compose: ошибка конфигурации","Docker и контейнеры","6","4",""
"pass","src/content/errors/docker-docker-compose-crashes-after-update.mdx","Docker Compose: вылетает после обновления","Docker и контейнеры","6","4",""
"pass","src/content/errors/docker-docker-compose-healthcheck-027.mdx","Docker Compose: не проходит healthcheck — как исправить","Docker и контейнеры","7","4",""
"pass","src/content/errors/docker-docker-compose-high-cpu.mdx","Docker Compose: нагружает процессор","Docker и контейнеры","6","4",""
"pass","src/content/errors/docker-docker-compose-network-timeout.mdx","Docker Compose: ошибка подключения или тайм-аут","Docker и контейнеры","6","4",""
"pass","src/content/errors/docker-docker-compose-permission-denied-026.mdx","Docker Compose: ошибка permission denied — как исправить","Docker и контейнеры","7","4",""
"pass","src/content/errors/docker-docker-compose-permission-denied.mdx","Docker Compose: отказано в доступе","Docker и контейнеры","6","4",""
"pass","src/content/errors/docker-docker-compose-pull-image-022.mdx","Docker Compose: ошибка pull image — как исправить","Docker и контейнеры","7","4",""
"pass","src/content/errors/docker-docker-compose-servis-access-denied.mdx","Docker Compose сервис: показывает отказ в доступе","Docker и контейнеры","6","3",""
"pass","src/content/errors/docker-docker-compose-servis-crash-on-open.mdx","Docker Compose сервис: падает при открытии файла или проекта","Docker и контейнеры","6","3",""
"pass","src/content/errors/docker-docker-compose-servis-does-not-start.mdx","Docker Compose сервис: не запускается после обновления","Docker и контейнеры","6","3",""
"pass","src/content/errors/docker-docker-compose-servis-settings-reset.mdx","Docker Compose сервис: сбрасывает настройки после перезапуска","Docker и контейнеры","6","3",""
"pass","src/content/errors/docker-docker-compose-servis-slow-response.mdx","Docker Compose сервис: работает заметно медленнее обычного","Docker и контейнеры","6","3",""
"pass","src/content/errors/docker-docker-compose-servis-update-loop.mdx","Docker Compose сервис: застревает в цикле обновления","Docker и контейнеры","6","3",""
"pass","src/content/errors/docker-docker-compose-sync-failed.mdx","Docker Compose: не синхронизируется","Docker и контейнеры","6","4",""
"pass","src/content/errors/docker-docker-compose-update-failed.mdx","Docker Compose: ошибка обновления","Docker и контейнеры","6","4",""
"pass","src/content/errors/docker-docker-compose-volume-024.mdx","Docker Compose: не монтируется volume — как исправить","Docker и контейнеры","7","4",""
"pass","src/content/errors/docker-docker-compose-wont-start.mdx","Docker Compose: не запускается","Docker и контейнеры","6","4",""
"pass","src/content/errors/docker-docker-desktop-access-denied.mdx","Docker Desktop: показывает отказ в доступе","Docker и контейнеры","6","3",""
"pass","src/content/errors/docker-docker-desktop-crash-on-open.mdx","Docker Desktop: падает при открытии файла или проекта","Docker и контейнеры","6","3",""
"pass","src/content/errors/docker-docker-desktop-does-not-start.mdx","Docker Desktop: не запускается после обновления","Docker и контейнеры","6","3",""
"pass","src/content/errors/docker-docker-desktop-permission-denied-040.mdx","Docker Desktop: ошибка permission denied — как исправить","Docker и контейнеры","7","4",""
"pass","src/content/errors/docker-docker-desktop-pull-image-036.mdx","Docker Desktop: ошибка pull image — как исправить","Docker и контейнеры","7","4",""
"pass","src/content/errors/docker-docker-desktop-settings-reset.mdx","Docker Desktop: сбрасывает настройки после перезапуска","Docker и контейнеры","6","3",""
"pass","src/content/errors/docker-docker-desktop-slow-response.mdx","Docker Desktop: работает заметно медленнее обычного","Docker и контейнеры","6","3",""
"pass","src/content/errors/docker-docker-desktop-volume-038.mdx","Docker Desktop: не монтируется volume — как исправить","Docker и контейнеры","7","4",""
"pass","src/content/errors/docker-docker-engine-healthcheck-034.mdx","Docker Engine: не проходит healthcheck — как исправить","Docker и контейнеры","7","4",""
"pass","src/content/errors/docker-docker-engine-permission-denied-033.mdx","Docker Engine: ошибка permission denied — как исправить","Docker и контейнеры","7","4",""
"pass","src/content/errors/docker-docker-engine-pull-image-029.mdx","Docker Engine: ошибка pull image — как исправить","Docker и контейнеры","7","4",""
"pass","src/content/errors/docker-docker-engine-volume-031.mdx","Docker Engine: не монтируется volume — как исправить","Docker и контейнеры","7","4",""
"pass","src/content/errors/docker-docker-image-build-access-denied.mdx","Docker image build: показывает отказ в доступе","Docker и контейнеры","6","3",""
"pass","src/content/errors/docker-docker-image-build-crash-on-open.mdx","Docker image build: падает при открытии файла или проекта","Docker и контейнеры","6","3",""
"pass","src/content/errors/docker-docker-image-build-does-not-start.mdx","Docker image build: не запускается после обновления","Docker и контейнеры","6","3",""
"pass","src/content/errors/docker-docker-image-build-settings-reset.mdx","Docker image build: сбрасывает настройки после перезапуска","Docker и контейнеры","6","3",""
"pass","src/content/errors/docker-docker-image-build-slow-response.mdx","Docker image build: работает заметно медленнее обычного","Docker и контейнеры","6","3",""
"pass","src/content/errors/docker-docker-image-build-update-loop.mdx","Docker image build: застревает в цикле обновления","Docker и контейнеры","6","3",""
"pass","src/content/errors/docker-docker-network-access-denied.mdx","Docker network: показывает отказ в доступе","Docker и контейнеры","6","3",""
"pass","src/content/errors/docker-docker-network-crash-on-open.mdx","Docker network: падает при открытии файла или проекта","Docker и контейнеры","6","3",""
"pass","src/content/errors/docker-docker-network-does-not-start.mdx","Docker network: не запускается после обновления","Docker и контейнеры","6","3",""
"pass","src/content/errors/docker-docker-network-settings-reset.mdx","Docker network: сбрасывает настройки после перезапуска","Docker и контейнеры","6","3",""
"pass","src/content/errors/docker-docker-network-slow-response.mdx","Docker network: работает заметно медленнее обычного","Docker и контейнеры","6","3",""
"pass","src/content/errors/docker-docker-network-update-loop.mdx","Docker network: застревает в цикле обновления","Docker и контейнеры","6","3",""
"pass","src/content/errors/docker-docker-registry-login-access-denied.mdx","Docker registry login: показывает отказ в доступе","Docker и контейнеры","6","3",""
"pass","src/content/errors/docker-docker-registry-login-crash-on-open.mdx","Docker registry login: падает при открытии файла или проекта","Docker и контейнеры","6","3",""
"pass","src/content/errors/docker-docker-registry-login-does-not-start.mdx","Docker registry login: не запускается после обновления","Docker и контейнеры","6","3",""
"pass","src/content/errors/docker-docker-registry-login-settings-reset.mdx","Docker registry login: сбрасывает настройки после перезапуска","Docker и контейнеры","6","3",""
"pass","src/content/errors/docker-docker-registry-login-slow-response.mdx","Docker registry login: работает заметно медленнее обычного","Docker и контейнеры","6","3",""
"pass","src/content/errors/docker-docker-registry-login-update-loop.mdx","Docker registry login: застревает в цикле обновления","Docker и контейнеры","6","3",""
"pass","src/content/errors/docker-docker-volume-access-denied.mdx","Docker volume: показывает отказ в доступе","Docker и контейнеры","6","3",""
"pass","src/content/errors/docker-docker-volume-crash-on-open.mdx","Docker volume: падает при открытии файла или проекта","Docker и контейнеры","6","3",""
"pass","src/content/errors/docker-docker-volume-does-not-start.mdx","Docker volume: не запускается после обновления","Docker и контейнеры","6","3",""
"pass","src/content/errors/docker-docker-volume-settings-reset.mdx","Docker volume: сбрасывает настройки после перезапуска","Docker и контейнеры","6","3",""
"pass","src/content/errors/docker-docker-volume-slow-response.mdx","Docker volume: работает заметно медленнее обычного","Docker и контейнеры","6","3",""
"pass","src/content/errors/docker-docker-volume-update-loop.mdx","Docker volume: застревает в цикле обновления","Docker и контейнеры","6","3",""
"pass","src/content/errors/docker-engine-ne-startuet-servis.mdx","Docker Engine: не стартует сервис — как исправить","Docker и контейнеры","6","4",""
"pass","src/content/errors/docker-engine-net-seti-mezhdu-konteynerami.mdx","Docker Engine: нет сети между контейнерами — как исправить","Docker и контейнеры","6","4",""
"pass","src/content/errors/docker-engine-port-uzhe-zanyat.mdx","Docker Engine: порт уже занят — как исправить","Docker и контейнеры","6","4",""
"pass","src/content/errors/docker-healthcheck-konteynera-access-denied.mdx","healthcheck контейнера: показывает отказ в доступе","Docker и контейнеры","6","3",""
"pass","src/content/errors/docker-healthcheck-konteynera-crash-on-open.mdx","healthcheck контейнера: падает при открытии файла или проекта","Docker и контейнеры","6","3",""
"pass","src/content/errors/docker-healthcheck-konteynera-does-not-start.mdx","healthcheck контейнера: не запускается после обновления","Docker и контейнеры","6","3",""
"pass","src/content/errors/docker-healthcheck-konteynera-settings-reset.mdx","healthcheck контейнера: сбрасывает настройки после перезапуска","Docker и контейнеры","6","3",""
"pass","src/content/errors/docker-healthcheck-konteynera-slow-response.mdx","healthcheck контейнера: работает заметно медленнее обычного","Docker и контейнеры","6","3",""
"pass","src/content/errors/docker-konteyner-nginx-access-denied.mdx","контейнер NGINX: показывает отказ в доступе","Docker и контейнеры","6","3",""
"pass","src/content/errors/docker-konteyner-nginx-crash-on-open.mdx","контейнер NGINX: падает при открытии файла или проекта","Docker и контейнеры","6","3",""
"pass","src/content/errors/docker-konteyner-nginx-does-not-start.mdx","контейнер NGINX: не запускается после обновления","Docker и контейнеры","6","3",""
"pass","src/content/errors/docker-konteyner-nginx-settings-reset.mdx","контейнер NGINX: сбрасывает настройки после перезапуска","Docker и контейнеры","6","3",""
"pass","src/content/errors/docker-konteyner-nginx-slow-response.mdx","контейнер NGINX: работает заметно медленнее обычного","Docker и контейнеры","6","3",""
"pass","src/content/errors/docker-konteyner-nginx-update-loop.mdx","контейнер NGINX: застревает в цикле обновления","Docker и контейнеры","6","3",""
"pass","src/content/errors/docker-konteyner-node-js-access-denied.mdx","контейнер Node.js: показывает отказ в доступе","Docker и контейнеры","6","3",""
"pass","src/content/errors/docker-konteyner-node-js-crash-on-open.mdx","контейнер Node.js: падает при открытии файла или проекта","Docker и контейнеры","6","3",""
"pass","src/content/errors/docker-konteyner-node-js-does-not-start.mdx","контейнер Node.js: не запускается после обновления","Docker и контейнеры","6","3",""
"pass","src/content/errors/docker-konteyner-node-js-settings-reset.mdx","контейнер Node.js: сбрасывает настройки после перезапуска","Docker и контейнеры","6","3",""
"pass","src/content/errors/docker-konteyner-node-js-slow-response.mdx","контейнер Node.js: работает заметно медленнее обычного","Docker и контейнеры","6","3",""
"pass","src/content/errors/docker-konteyner-postgresql-access-denied.mdx","контейнер PostgreSQL: показывает отказ в доступе","Docker и контейнеры","6","3",""
"pass","src/content/errors/docker-konteyner-postgresql-crash-on-open.mdx","контейнер PostgreSQL: падает при открытии файла или проекта","Docker и контейнеры","6","3",""
"pass","src/content/errors/docker-konteyner-postgresql-does-not-start.mdx","контейнер PostgreSQL: не запускается после обновления","Docker и контейнеры","6","3",""
"pass","src/content/errors/docker-konteyner-postgresql-settings-reset.mdx","контейнер PostgreSQL: сбрасывает настройки после перезапуска","Docker и контейнеры","6","3",""
"pass","src/content/errors/docker-konteyner-postgresql-slow-response.mdx","контейнер PostgreSQL: работает заметно медленнее обычного","Docker и контейнеры","6","3",""
"pass","src/content/errors/docker-konteyner-postgresql-update-loop.mdx","контейнер PostgreSQL: застревает в цикле обновления","Docker и контейнеры","6","3",""
"pass","src/content/errors/docker-multi-stage-dockerfile-access-denied.mdx","multi-stage Dockerfile: показывает отказ в доступе","Docker и контейнеры","6","3",""
"pass","src/content/errors/docker-multi-stage-dockerfile-crash-on-open.mdx","multi-stage Dockerfile: падает при открытии файла или проекта","Docker и контейнеры","6","3",""
"pass","src/content/errors/docker-multi-stage-dockerfile-does-not-start.mdx","multi-stage Dockerfile: не запускается после обновления","Docker и контейнеры","6","3",""
"pass","src/content/errors/docker-multi-stage-dockerfile-settings-reset.mdx","multi-stage Dockerfile: сбрасывает настройки после перезапуска","Docker и контейнеры","6","3",""
"pass","src/content/errors/docker-multi-stage-dockerfile-slow-response.mdx","multi-stage Dockerfile: работает заметно медленнее обычного","Docker и контейнеры","6","3",""
"pass","src/content/errors/docker-multi-stage-dockerfile-update-loop.mdx","multi-stage Dockerfile: застревает в цикле обновления","Docker и контейнеры","6","3",""
"pass","src/content/errors/dreame-robot-vacuum-ne-stroit-kartu.mdx","Dreame robot vacuum: не строит карту — как исправить","Пылесосы и роботы-пылесосы","6","4",""
"pass","src/content/errors/dreame-robot-vacuum-ne-vozvraschaetsya-na-bazu.mdx","Dreame robot vacuum: не возвращается на базу — как исправить","Пылесосы и роботы-пылесосы","6","4",""
"pass","src/content/errors/dreame-robot-vacuum-ne-zaryazhaetsya.mdx","Dreame robot vacuum: не заряжается — как исправить","Пылесосы и роботы-пылесосы","6","4",""
"pass","src/content/errors/electrolux-dishwasher-ne-nabiraet-vodu.mdx","Electrolux dishwasher: не набирает воду — как исправить","Посудомоечные машины","6","4",""
"pass","src/content/errors/electrolux-dishwasher-ne-slivaet-vodu.mdx","Electrolux dishwasher: не сливает воду — как исправить","Посудомоечные машины","6","4",""
"pass","src/content/errors/electrolux-dishwasher-ploho-moet-posudu.mdx","Electrolux dishwasher: плохо моет посуду — как исправить","Посудомоечные машины","6","4",""
"pass","src/content/errors/email-arhiv-outlook-access-denied.mdx","архив Outlook: показывает отказ в доступе","Электронная почта","6","3",""
"pass","src/content/errors/email-arhiv-outlook-crash-on-open.mdx","архив Outlook: падает при открытии файла или проекта","Электронная почта","6","3",""
"pass","src/content/errors/email-arhiv-outlook-does-not-start.mdx","архив Outlook: не запускается после обновления","Электронная почта","6","3",""
"pass","src/content/errors/email-arhiv-outlook-settings-reset.mdx","архив Outlook: сбрасывает настройки после перезапуска","Электронная почта","6","3",""
"pass","src/content/errors/email-arhiv-outlook-slow-response.mdx","архив Outlook: работает заметно медленнее обычного","Электронная почта","6","3",""
"pass","src/content/errors/email-dkim-domena-access-denied.mdx","DKIM домена: показывает отказ в доступе","Электронная почта","6","3",""
"pass","src/content/errors/email-dkim-domena-crash-on-open.mdx","DKIM домена: падает при открытии файла или проекта","Электронная почта","6","3",""
"pass","src/content/errors/email-dkim-domena-does-not-start.mdx","DKIM домена: не запускается после обновления","Электронная почта","6","3",""
"pass","src/content/errors/email-dkim-domena-settings-reset.mdx","DKIM домена: сбрасывает настройки после перезапуска","Электронная почта","6","3",""
"pass","src/content/errors/email-dkim-domena-slow-response.mdx","DKIM домена: работает заметно медленнее обычного","Электронная почта","6","3",""
"pass","src/content/errors/email-exchange-yaschik-access-denied.mdx","Exchange ящик: показывает отказ в доступе","Электронная почта","6","3",""
"pass","src/content/errors/email-exchange-yaschik-crash-on-open.mdx","Exchange ящик: падает при открытии файла или проекта","Электронная почта","6","3",""
"pass","src/content/errors/email-exchange-yaschik-does-not-start.mdx","Exchange ящик: не запускается после обновления","Электронная почта","6","3",""
"pass","src/content/errors/email-exchange-yaschik-settings-reset.mdx","Exchange ящик: сбрасывает настройки после перезапуска","Электронная почта","6","3",""
"pass","src/content/errors/email-exchange-yaschik-slow-response.mdx","Exchange ящик: работает заметно медленнее обычного","Электронная почта","6","3",""
"pass","src/content/errors/email-exchange-yaschik-update-loop.mdx","Exchange ящик: застревает в цикле обновления","Электронная почта","6","3",""
"pass","src/content/errors/email-filtr-pochty-access-denied.mdx","фильтр почты: показывает отказ в доступе","Электронная почта","6","3",""
"pass","src/content/errors/email-filtr-pochty-crash-on-open.mdx","фильтр почты: падает при открытии файла или проекта","Электронная почта","6","3",""
"pass","src/content/errors/email-filtr-pochty-does-not-start.mdx","фильтр почты: не запускается после обновления","Электронная почта","6","3",""
"pass","src/content/errors/email-filtr-pochty-settings-reset.mdx","фильтр почты: сбрасывает настройки после перезапуска","Электронная почта","6","3",""
"pass","src/content/errors/email-filtr-pochty-slow-response.mdx","фильтр почты: работает заметно медленнее обычного","Электронная почта","6","3",""
"pass","src/content/errors/email-filtr-pochty-update-loop.mdx","фильтр почты: застревает в цикле обновления","Электронная почта","6","3",""
"pass","src/content/errors/email-gmail-akkaunt-access-denied.mdx","Gmail аккаунт: показывает отказ в доступе","Электронная почта","6","3",""
"pass","src/content/errors/email-gmail-akkaunt-crash-on-open.mdx","Gmail аккаунт: падает при открытии файла или проекта","Электронная почта","6","3",""
"pass","src/content/errors/email-gmail-akkaunt-does-not-start.mdx","Gmail аккаунт: не запускается после обновления","Электронная почта","6","3",""
"pass","src/content/errors/email-gmail-akkaunt-settings-reset.mdx","Gmail аккаунт: сбрасывает настройки после перезапуска","Электронная почта","6","3",""
"pass","src/content/errors/email-gmail-akkaunt-slow-response.mdx","Gmail аккаунт: работает заметно медленнее обычного","Электронная почта","6","3",""
"pass","src/content/errors/email-gmail-akkaunt-update-loop.mdx","Gmail аккаунт: застревает в цикле обновления","Электронная почта","6","3",""
"pass","src/content/errors/email-gmail-smtp-config-error.mdx","Gmail SMTP: ошибка конфигурации","Электронная почта","6","3",""
"pass","src/content/errors/email-gmail-smtp-crashes-after-update.mdx","Gmail SMTP: вылетает после обновления","Электронная почта","6","3",""
"pass","src/content/errors/email-gmail-smtp-high-cpu.mdx","Gmail SMTP: нагружает процессор","Электронная почта","6","3",""
"pass","src/content/errors/email-gmail-smtp-network-timeout.mdx","Gmail SMTP: ошибка подключения или тайм-аут","Электронная почта","6","3",""
"pass","src/content/errors/email-gmail-smtp-permission-denied.mdx","Gmail SMTP: отказано в доступе","Электронная почта","6","3",""
"pass","src/content/errors/email-gmail-smtp-sync-failed.mdx","Gmail SMTP: не синхронизируется","Электронная почта","6","3",""
"pass","src/content/errors/email-gmail-smtp-update-failed.mdx","Gmail SMTP: ошибка обновления","Электронная почта","6","3",""
"pass","src/content/errors/email-gmail-smtp-wont-start.mdx","Gmail SMTP: не запускается","Электронная почта","6","3",""
"pass","src/content/errors/email-imap-podklyuchenie-access-denied.mdx","IMAP подключение: показывает отказ в доступе","Электронная почта","6","3",""
"pass","src/content/errors/email-imap-podklyuchenie-crash-on-open.mdx","IMAP подключение: падает при открытии файла или проекта","Электронная почта","6","3",""
"pass","src/content/errors/email-imap-podklyuchenie-does-not-start.mdx","IMAP подключение: не запускается после обновления","Электронная почта","6","3",""
"pass","src/content/errors/email-imap-podklyuchenie-settings-reset.mdx","IMAP подключение: сбрасывает настройки после перезапуска","Электронная почта","6","3",""
"pass","src/content/errors/email-imap-podklyuchenie-slow-response.mdx","IMAP подключение: работает заметно медленнее обычного","Электронная почта","6","3",""
"pass","src/content/errors/email-imap-podklyuchenie-update-loop.mdx","IMAP подключение: застревает в цикле обновления","Электронная почта","6","3",""
"pass","src/content/errors/email-obschiy-pochtovyy-yaschik-access-denied.mdx","общий почтовый ящик: показывает отказ в доступе","Электронная почта","6","3",""
"pass","src/content/errors/email-obschiy-pochtovyy-yaschik-crash-on-open.mdx","общий почтовый ящик: падает при открытии файла или проекта","Электронная почта","6","3",""
"pass","src/content/errors/email-obschiy-pochtovyy-yaschik-does-not-start.mdx","общий почтовый ящик: не запускается после обновления","Электронная почта","6","3",""
"pass","src/content/errors/email-obschiy-pochtovyy-yaschik-settings-reset.mdx","общий почтовый ящик: сбрасывает настройки после перезапуска","Электронная почта","6","3",""
"pass","src/content/errors/email-obschiy-pochtovyy-yaschik-slow-response.mdx","общий почтовый ящик: работает заметно медленнее обычного","Электронная почта","6","3",""
"pass","src/content/errors/email-outlook-imap-config-error.mdx","Outlook IMAP: ошибка конфигурации","Электронная почта","6","3",""
"pass","src/content/errors/email-outlook-imap-crashes-after-update.mdx","Outlook IMAP: вылетает после обновления","Электронная почта","6","3",""
"pass","src/content/errors/email-outlook-imap-high-cpu.mdx","Outlook IMAP: нагружает процессор","Электронная почта","6","3",""
"pass","src/content/errors/email-outlook-imap-network-timeout.mdx","Outlook IMAP: ошибка подключения или тайм-аут","Электронная почта","6","3",""
"pass","src/content/errors/email-outlook-imap-permission-denied.mdx","Outlook IMAP: отказано в доступе","Электронная почта","6","3",""
"pass","src/content/errors/email-outlook-imap-sync-failed.mdx","Outlook IMAP: не синхронизируется","Электронная почта","6","3",""
"pass","src/content/errors/email-outlook-imap-update-failed.mdx","Outlook IMAP: ошибка обновления","Электронная почта","6","3",""
"pass","src/content/errors/email-outlook-imap-wont-start.mdx","Outlook IMAP: не запускается","Электронная почта","6","3",""
"pass","src/content/errors/email-outlook-pochta-access-denied.mdx","Outlook почта: показывает отказ в доступе","Электронная почта","6","3",""
"pass","src/content/errors/email-outlook-pochta-crash-on-open.mdx","Outlook почта: падает при открытии файла или проекта","Электронная почта","6","3",""
"pass","src/content/errors/email-outlook-pochta-does-not-start.mdx","Outlook почта: не запускается после обновления","Электронная почта","6","3",""
"pass","src/content/errors/email-outlook-pochta-settings-reset.mdx","Outlook почта: сбрасывает настройки после перезапуска","Электронная почта","6","3",""
"pass","src/content/errors/email-outlook-pochta-slow-response.mdx","Outlook почта: работает заметно медленнее обычного","Электронная почта","6","3",""
"pass","src/content/errors/email-outlook-pochta-update-loop.mdx","Outlook почта: застревает в цикле обновления","Электронная почта","6","3",""
"pass","src/content/errors/email-pochta-na-telefone-access-denied.mdx","почта на телефоне: показывает отказ в доступе","Электронная почта","6","3",""
"pass","src/content/errors/email-pochta-na-telefone-crash-on-open.mdx","почта на телефоне: падает при открытии файла или проекта","Электронная почта","6","3",""
"pass","src/content/errors/email-pochta-na-telefone-does-not-start.mdx","почта на телефоне: не запускается после обновления","Электронная почта","6","3",""
"pass","src/content/errors/email-pochta-na-telefone-settings-reset.mdx","почта на телефоне: сбрасывает настройки после перезапуска","Электронная почта","6","3",""
"pass","src/content/errors/email-pochta-na-telefone-slow-response.mdx","почта на телефоне: работает заметно медленнее обычного","Электронная почта","6","3",""
"pass","src/content/errors/email-pochtovye-vlozheniya-access-denied.mdx","почтовые вложения: показывает отказ в доступе","Электронная почта","6","3",""
"pass","src/content/errors/email-pochtovye-vlozheniya-crash-on-open.mdx","почтовые вложения: падает при открытии файла или проекта","Электронная почта","6","3",""
"pass","src/content/errors/email-pochtovye-vlozheniya-does-not-start.mdx","почтовые вложения: не запускается после обновления","Электронная почта","6","3",""
"pass","src/content/errors/email-pochtovye-vlozheniya-settings-reset.mdx","почтовые вложения: сбрасывает настройки после перезапуска","Электронная почта","6","3",""
"pass","src/content/errors/email-pochtovye-vlozheniya-slow-response.mdx","почтовые вложения: работает заметно медленнее обычного","Электронная почта","6","3",""
"pass","src/content/errors/email-pochtovye-vlozheniya-update-loop.mdx","почтовые вложения: застревает в цикле обновления","Электронная почта","6","3",""
"pass","src/content/errors/email-podpis-pisma-access-denied.mdx","подпись письма: показывает отказ в доступе","Электронная почта","6","3",""
"pass","src/content/errors/email-podpis-pisma-crash-on-open.mdx","подпись письма: падает при открытии файла или проекта","Электронная почта","6","3",""
"pass","src/content/errors/email-podpis-pisma-does-not-start.mdx","подпись письма: не запускается после обновления","Электронная почта","6","3",""
"pass","src/content/errors/email-podpis-pisma-settings-reset.mdx","подпись письма: сбрасывает настройки после перезапуска","Электронная почта","6","3",""
"pass","src/content/errors/email-podpis-pisma-slow-response.mdx","подпись письма: работает заметно медленнее обычного","Электронная почта","6","3",""
"pass","src/content/errors/email-podpis-pisma-update-loop.mdx","подпись письма: застревает в цикле обновления","Электронная почта","6","3",""
"pass","src/content/errors/email-smtp-otpravka-access-denied.mdx","SMTP отправка: показывает отказ в доступе","Электронная почта","6","3",""
"pass","src/content/errors/email-smtp-otpravka-crash-on-open.mdx","SMTP отправка: падает при открытии файла или проекта","Электронная почта","6","3",""
"pass","src/content/errors/email-smtp-otpravka-does-not-start.mdx","SMTP отправка: не запускается после обновления","Электронная почта","6","3",""
"pass","src/content/errors/email-smtp-otpravka-settings-reset.mdx","SMTP отправка: сбрасывает настройки после перезапуска","Электронная почта","6","3",""
"pass","src/content/errors/email-smtp-otpravka-slow-response.mdx","SMTP отправка: работает заметно медленнее обычного","Электронная почта","6","3",""
"pass","src/content/errors/email-smtp-otpravka-update-loop.mdx","SMTP отправка: застревает в цикле обновления","Электронная почта","6","3",""
"pass","src/content/errors/excel-file-recovery.mdx","Восстановление повреждённого файла Excel","Офисные программы","6","4",""
"pass","src/content/errors/excel-ne-otkryvaet-fayl.mdx","Excel: не открывает файл — как исправить","Офисные программы","6","4",""
"pass","src/content/errors/excel-povrezhden-dokument.mdx","Excel: поврежден документ — как исправить","Офисные программы","6","4",""
"pass","src/content/errors/figma-ne-otobrazhayutsya-shrifty.mdx","Figma: не отображаются шрифты — как исправить","Дизайн и графика","6","4",""
"pass","src/content/errors/figma-ne-zapuskaetsya.mdx","Figma: не запускается — как исправить","Дизайн и графика","6","4",""
"pass","src/content/errors/figma-vyletaet-pri-eksporte.mdx","Figma: вылетает при экспорте — как исправить","Дизайн и графика","6","4",""
"pass","src/content/errors/firefox-ne-otkryvaet-sayty.mdx","Firefox: не открывает сайты — как исправить","Браузеры","6","4",""
"pass","src/content/errors/firefox-oshibka-sertifikata.mdx","Firefox: ошибка сертификата — как исправить","Браузеры","6","4",""
"pass","src/content/errors/games-antichit-igry-access-denied.mdx","античит игры: показывает отказ в доступе","Игры","6","3",""
"pass","src/content/errors/games-antichit-igry-crash-on-open.mdx","античит игры: падает при открытии файла или проекта","Игры","6","3",""
"pass","src/content/errors/games-antichit-igry-does-not-start.mdx","античит игры: не запускается после обновления","Игры","6","3",""
"pass","src/content/errors/games-antichit-igry-settings-reset.mdx","античит игры: сбрасывает настройки после перезапуска","Игры","6","3",""
"pass","src/content/errors/games-antichit-igry-slow-response.mdx","античит игры: работает заметно медленнее обычного","Игры","6","3",""
"pass","src/content/errors/games-antichit-igry-update-loop.mdx","античит игры: застревает в цикле обновления","Игры","6","3",""
"pass","src/content/errors/games-directx-12-igra-access-denied.mdx","DirectX 12 игра: показывает отказ в доступе","Игры","6","3",""
"pass","src/content/errors/games-directx-12-igra-crash-on-open.mdx","DirectX 12 игра: падает при открытии файла или проекта","Игры","6","3",""
"pass","src/content/errors/games-directx-12-igra-does-not-start.mdx","DirectX 12 игра: не запускается после обновления","Игры","6","3",""
"pass","src/content/errors/games-directx-12-igra-settings-reset.mdx","DirectX 12 игра: сбрасывает настройки после перезапуска","Игры","6","3",""
"pass","src/content/errors/games-directx-12-igra-slow-response.mdx","DirectX 12 игра: работает заметно медленнее обычного","Игры","6","3",""
"pass","src/content/errors/games-directx-12-igra-update-loop.mdx","DirectX 12 игра: застревает в цикле обновления","Игры","6","3",""
"pass","src/content/errors/games-epic-games-launcher-access-denied.mdx","Epic Games Launcher: показывает отказ в доступе","Игры","6","3",""
"pass","src/content/errors/games-epic-games-launcher-crash-on-open.mdx","Epic Games Launcher: падает при открытии файла или проекта","Игры","6","3",""
"pass","src/content/errors/games-epic-games-launcher-crashes-after-update.mdx","Epic Games Launcher: вылетает после обновления","Игры","6","4",""
"pass","src/content/errors/games-epic-games-launcher-does-not-start.mdx","Epic Games Launcher: не запускается после обновления","Игры","6","3",""
"pass","src/content/errors/games-epic-games-launcher-permission-denied.mdx","Epic Games Launcher: отказано в доступе","Игры","6","4",""
"pass","src/content/errors/games-epic-games-launcher-settings-reset.mdx","Epic Games Launcher: сбрасывает настройки после перезапуска","Игры","6","3",""
"pass","src/content/errors/games-epic-games-launcher-slow-response.mdx","Epic Games Launcher: работает заметно медленнее обычного","Игры","6","3",""
"pass","src/content/errors/games-epic-games-launcher-update-loop.mdx","Epic Games Launcher: застревает в цикле обновления","Игры","6","3",""
"pass","src/content/errors/games-epic-games-launcher-wont-start.mdx","Epic Games Launcher: не запускается","Игры","6","4",""
"pass","src/content/errors/games-geympad-v-igre-access-denied.mdx","геймпад в игре: показывает отказ в доступе","Игры","6","3",""
"pass","src/content/errors/games-geympad-v-igre-crash-on-open.mdx","геймпад в игре: падает при открытии файла или проекта","Игры","6","3",""
"pass","src/content/errors/games-geympad-v-igre-does-not-start.mdx","геймпад в игре: не запускается после обновления","Игры","6","3",""
"pass","src/content/errors/games-geympad-v-igre-settings-reset.mdx","геймпад в игре: сбрасывает настройки после перезапуска","Игры","6","3",""
"pass","src/content/errors/games-geympad-v-igre-slow-response.mdx","геймпад в игре: работает заметно медленнее обычного","Игры","6","3",""
"pass","src/content/errors/games-igrovoy-launcher-access-denied.mdx","игровой лаунчер: показывает отказ в доступе","Игры","6","3",""
"pass","src/content/errors/games-igrovoy-launcher-crash-on-open.mdx","игровой лаунчер: падает при открытии файла или проекта","Игры","6","3",""
"pass","src/content/errors/games-igrovoy-launcher-does-not-start.mdx","игровой лаунчер: не запускается после обновления","Игры","6","3",""
"pass","src/content/errors/games-igrovoy-launcher-settings-reset.mdx","игровой лаунчер: сбрасывает настройки после перезапуска","Игры","6","3",""
"pass","src/content/errors/games-igrovoy-launcher-slow-response.mdx","игровой лаунчер: работает заметно медленнее обычного","Игры","6","3",""
"pass","src/content/errors/games-igrovoy-launcher-update-loop.mdx","игровой лаунчер: застревает в цикле обновления","Игры","6","3",""
"pass","src/content/errors/games-oblachnye-sohraneniya-steam-access-denied.mdx","облачные сохранения Steam: показывает отказ в доступе","Игры","6","3",""
"pass","src/content/errors/games-oblachnye-sohraneniya-steam-crash-on-open.mdx","облачные сохранения Steam: падает при открытии файла или проекта","Игры","6","3",""
"pass","src/content/errors/games-oblachnye-sohraneniya-steam-does-not-start.mdx","облачные сохранения Steam: не запускается после обновления","Игры","6","3",""
"pass","src/content/errors/games-oblachnye-sohraneniya-steam-settings-reset.mdx","облачные сохранения Steam: сбрасывает настройки после перезапуска","Игры","6","3",""
"pass","src/content/errors/games-oblachnye-sohraneniya-steam-slow-response.mdx","облачные сохранения Steam: работает заметно медленнее обычного","Игры","6","3",""
"pass","src/content/errors/games-onlayn-matchmeyking-access-denied.mdx","онлайн матчмейкинг: показывает отказ в доступе","Игры","6","3",""
"pass","src/content/errors/games-onlayn-matchmeyking-crash-on-open.mdx","онлайн матчмейкинг: падает при открытии файла или проекта","Игры","6","3",""
"pass","src/content/errors/games-onlayn-matchmeyking-does-not-start.mdx","онлайн матчмейкинг: не запускается после обновления","Игры","6","3",""
"pass","src/content/errors/games-onlayn-matchmeyking-settings-reset.mdx","онлайн матчмейкинг: сбрасывает настройки после перезапуска","Игры","6","3",""
"pass","src/content/errors/games-onlayn-matchmeyking-slow-response.mdx","онлайн матчмейкинг: работает заметно медленнее обычного","Игры","6","3",""
"pass","src/content/errors/games-onlayn-matchmeyking-update-loop.mdx","онлайн матчмейкинг: застревает в цикле обновления","Игры","6","3",""
"pass","src/content/errors/games-overley-discord-v-igre-access-denied.mdx","оверлей Discord в игре: показывает отказ в доступе","Игры","6","3",""
"pass","src/content/errors/games-overley-discord-v-igre-crash-on-open.mdx","оверлей Discord в игре: падает при открытии файла или проекта","Игры","6","3",""
"pass","src/content/errors/games-overley-discord-v-igre-does-not-start.mdx","оверлей Discord в игре: не запускается после обновления","Игры","6","3",""
"pass","src/content/errors/games-overley-discord-v-igre-settings-reset.mdx","оверлей Discord в игре: сбрасывает настройки после перезапуска","Игры","6","3",""
"pass","src/content/errors/games-overley-discord-v-igre-slow-response.mdx","оверлей Discord в игре: работает заметно медленнее обычного","Игры","6","3",""
"pass","src/content/errors/games-sheydernyy-kesh-access-denied.mdx","шейдерный кеш: показывает отказ в доступе","Игры","6","3",""
"pass","src/content/errors/games-sheydernyy-kesh-crash-on-open.mdx","шейдерный кеш: падает при открытии файла или проекта","Игры","6","3",""
"pass","src/content/errors/games-sheydernyy-kesh-does-not-start.mdx","шейдерный кеш: не запускается после обновления","Игры","6","3",""
"pass","src/content/errors/games-sheydernyy-kesh-settings-reset.mdx","шейдерный кеш: сбрасывает настройки после перезапуска","Игры","6","3",""
"pass","src/content/errors/games-sheydernyy-kesh-slow-response.mdx","шейдерный кеш: работает заметно медленнее обычного","Игры","6","3",""
"pass","src/content/errors/games-sheydernyy-kesh-update-loop.mdx","шейдерный кеш: застревает в цикле обновления","Игры","6","3",""
"pass","src/content/errors/games-sohraneniya-igry-access-denied.mdx","сохранения игры: показывает отказ в доступе","Игры","6","3",""
"pass","src/content/errors/games-sohraneniya-igry-crash-on-open.mdx","сохранения игры: падает при открытии файла или проекта","Игры","6","3",""
"pass","src/content/errors/games-sohraneniya-igry-does-not-start.mdx","сохранения игры: не запускается после обновления","Игры","6","3",""
"pass","src/content/errors/games-sohraneniya-igry-settings-reset.mdx","сохранения игры: сбрасывает настройки после перезапуска","Игры","6","3",""
"pass","src/content/errors/games-sohraneniya-igry-slow-response.mdx","сохранения игры: работает заметно медленнее обычного","Игры","6","3",""
"pass","src/content/errors/games-sohraneniya-igry-update-loop.mdx","сохранения игры: застревает в цикле обновления","Игры","6","3",""
"pass","src/content/errors/games-steam-config-error.mdx","Steam: ошибка конфигурации","Игры","6","4",""
"pass","src/content/errors/games-steam-crashes-after-update.mdx","Steam: вылетает после обновления","Игры","6","4",""
"pass","src/content/errors/games-steam-high-cpu.mdx","Steam: нагружает процессор","Игры","6","4",""
"pass","src/content/errors/games-steam-igra-access-denied.mdx","Steam игра: показывает отказ в доступе","Игры","6","3",""
"pass","src/content/errors/games-steam-igra-crash-on-open.mdx","Steam игра: падает при открытии файла или проекта","Игры","6","3",""
"pass","src/content/errors/games-steam-igra-does-not-start.mdx","Steam игра: не запускается после обновления","Игры","6","3",""
"pass","src/content/errors/games-steam-igra-settings-reset.mdx","Steam игра: сбрасывает настройки после перезапуска","Игры","6","3",""
"pass","src/content/errors/games-steam-igra-slow-response.mdx","Steam игра: работает заметно медленнее обычного","Игры","6","3",""
"pass","src/content/errors/games-steam-igra-update-loop.mdx","Steam игра: застревает в цикле обновления","Игры","6","3",""
"pass","src/content/errors/games-steam-network-timeout.mdx","Steam: ошибка подключения или тайм-аут","Игры","6","4",""
"pass","src/content/errors/games-steam-permission-denied.mdx","Steam: отказано в доступе","Игры","6","4",""
"pass","src/content/errors/games-steam-sync-failed.mdx","Steam: не синхронизируется","Игры","6","4",""
"pass","src/content/errors/games-steam-update-failed.mdx","Steam: ошибка обновления","Игры","6","4",""
"pass","src/content/errors/games-steam-wont-start.mdx","Steam: не запускается","Игры","6","4",""
"pass","src/content/errors/games-vulkan-igra-access-denied.mdx","Vulkan игра: показывает отказ в доступе","Игры","6","3",""
"pass","src/content/errors/games-vulkan-igra-crash-on-open.mdx","Vulkan игра: падает при открытии файла или проекта","Игры","6","3",""
"pass","src/content/errors/games-vulkan-igra-does-not-start.mdx","Vulkan игра: не запускается после обновления","Игры","6","3",""
"pass","src/content/errors/games-vulkan-igra-settings-reset.mdx","Vulkan игра: сбрасывает настройки после перезапуска","Игры","6","3",""
"pass","src/content/errors/games-vulkan-igra-slow-response.mdx","Vulkan игра: работает заметно медленнее обычного","Игры","6","3",""
"pass","src/content/errors/games-vulkan-igra-update-loop.mdx","Vulkan игра: застревает в цикле обновления","Игры","6","3",""
"pass","src/content/errors/git-merge-conflict-resolve.mdx","Git merge conflict: как разрешить конфликт слияния","Программирование","6","4",""
"pass","src/content/errors/git-push-rejected.mdx","git push rejected: как исправить ошибку отклонения отправки","Программирование","6","4",""
"pass","src/content/errors/git-stash-conflict-resolve.mdx","Git stash conflict: как разрешить конфликт при извлечении stash","Программирование","6","4",""
"pass","src/content/errors/github-actions-ne-primenyayutsya-sekrety.mdx","GitHub Actions: не применяются секреты — как исправить","DevOps и облака","6","4",""
"pass","src/content/errors/github-actions-oshibka-dostupa.mdx","GitHub Actions: ошибка доступа — как исправить","DevOps и облака","6","4",""
"pass","src/content/errors/gitlab-ci-ne-primenyayutsya-sekrety.mdx","GitLab CI: не применяются секреты — как исправить","DevOps и облака","6","4",""
"pass","src/content/errors/gitlab-ci-oshibka-dostupa.mdx","GitLab CI: ошибка доступа — как исправить","DevOps и облака","6","4",""
"pass","src/content/errors/gmail-ne-otpravlyaet-pisma.mdx","Gmail: не отправляет письма — как исправить","Электронная почта","6","4",""
"pass","src/content/errors/gmail-ne-prinimaet-pisma.mdx","Gmail: не принимает письма — как исправить","Электронная почта","6","4",""
"pass","src/content/errors/gmail-oshibka-parolya.mdx","Gmail: ошибка пароля — как исправить","Электронная почта","6","4",""
"pass","src/content/errors/hardware-amd-radeon-disconnects-randomly.mdx","AMD Radeon: самопроизвольно отключается","Оборудование","6","4",""
"pass","src/content/errors/hardware-amd-radeon-driver-error.mdx","AMD Radeon: ошибка драйвера","Оборудование","6","4",""
"pass","src/content/errors/hardware-amd-radeon-firmware-update-failed.mdx","AMD Radeon: ошибка обновления прошивки","Оборудование","6","4",""
"pass","src/content/errors/hardware-amd-radeon-low-performance.mdx","AMD Radeon: низкая производительность","Оборудование","6","4",""
"pass","src/content/errors/hardware-amd-radeon-not-detected.mdx","AMD Radeon: не определяется системой","Оборудование","6","4",""
"pass","src/content/errors/hardware-bluetooth-adapter-access-denied.mdx","Bluetooth адаптер: показывает отказ в доступе","Оборудование","6","3",""
"pass","src/content/errors/hardware-bluetooth-adapter-crash-on-open.mdx","Bluetooth адаптер: падает при открытии файла или проекта","Оборудование","6","3",""
"pass","src/content/errors/hardware-bluetooth-adapter-does-not-start.mdx","Bluetooth адаптер: не запускается после обновления","Оборудование","6","3",""
"pass","src/content/errors/hardware-bluetooth-adapter-settings-reset.mdx","Bluetooth адаптер: сбрасывает настройки после перезапуска","Оборудование","6","3",""
"pass","src/content/errors/hardware-bluetooth-adapter-slow-response.mdx","Bluetooth адаптер: работает заметно медленнее обычного","Оборудование","6","3",""
"pass","src/content/errors/hardware-bluetooth-adapter-update-loop.mdx","Bluetooth адаптер: застревает в цикле обновления","Оборудование","6","3",""
"pass","src/content/errors/hardware-intel-wi-fi-adapter-disconnects-randomly.mdx","Intel Wi-Fi Adapter: самопроизвольно отключается","Оборудование","6","4",""
"pass","src/content/errors/hardware-intel-wi-fi-adapter-driver-error.mdx","Intel Wi-Fi Adapter: ошибка драйвера","Оборудование","6","4",""
"pass","src/content/errors/hardware-intel-wi-fi-adapter-firmware-update-failed.mdx","Intel Wi-Fi Adapter: ошибка обновления прошивки","Оборудование","6","4",""
"pass","src/content/errors/hardware-intel-wi-fi-adapter-low-performance.mdx","Intel Wi-Fi Adapter: низкая производительность","Оборудование","6","4",""
"pass","src/content/errors/hardware-intel-wi-fi-adapter-not-detected.mdx","Intel Wi-Fi Adapter: не определяется системой","Оборудование","6","4",""
"pass","src/content/errors/hardware-kuler-processora-access-denied.mdx","кулер процессора: показывает отказ в доступе","Оборудование","6","3",""
"pass","src/content/errors/hardware-kuler-processora-crash-on-open.mdx","кулер процессора: падает при открытии файла или проекта","Оборудование","6","3",""
"pass","src/content/errors/hardware-kuler-processora-does-not-start.mdx","кулер процессора: не запускается после обновления","Оборудование","6","3",""
"pass","src/content/errors/hardware-kuler-processora-settings-reset.mdx","кулер процессора: сбрасывает настройки после перезапуска","Оборудование","6","3",""
"pass","src/content/errors/hardware-kuler-processora-slow-response.mdx","кулер процессора: работает заметно медленнее обычного","Оборудование","6","3",""
"pass","src/content/errors/hardware-monitor-cherez-hdmi-access-denied.mdx","монитор через HDMI: показывает отказ в доступе","Оборудование","6","3",""
"pass","src/content/errors/hardware-monitor-cherez-hdmi-crash-on-open.mdx","монитор через HDMI: падает при открытии файла или проекта","Оборудование","6","3",""
"pass","src/content/errors/hardware-monitor-cherez-hdmi-does-not-start.mdx","монитор через HDMI: не запускается после обновления","Оборудование","6","3",""
"pass","src/content/errors/hardware-monitor-cherez-hdmi-settings-reset.mdx","монитор через HDMI: сбрасывает настройки после перезапуска","Оборудование","6","3",""
"pass","src/content/errors/hardware-monitor-cherez-hdmi-slow-response.mdx","монитор через HDMI: работает заметно медленнее обычного","Оборудование","6","3",""
"pass","src/content/errors/hardware-noutbuk-posle-sna-access-denied.mdx","ноутбук после сна: показывает отказ в доступе","Оборудование","6","3",""
"pass","src/content/errors/hardware-noutbuk-posle-sna-crash-on-open.mdx","ноутбук после сна: падает при открытии файла или проекта","Оборудование","6","3",""
"pass","src/content/errors/hardware-noutbuk-posle-sna-does-not-start.mdx","ноутбук после сна: не запускается после обновления","Оборудование","6","3",""
"pass","src/content/errors/hardware-noutbuk-posle-sna-settings-reset.mdx","ноутбук после сна: сбрасывает настройки после перезапуска","Оборудование","6","3",""
"pass","src/content/errors/hardware-noutbuk-posle-sna-slow-response.mdx","ноутбук после сна: работает заметно медленнее обычного","Оборудование","6","3",""
"pass","src/content/errors/hardware-noutbuk-posle-sna-update-loop.mdx","ноутбук после сна: застревает в цикле обновления","Оборудование","6","3",""
"pass","src/content/errors/hardware-nvidia-gpu-disconnects-randomly.mdx","NVIDIA GPU: самопроизвольно отключается","Оборудование","6","4",""
"pass","src/content/errors/hardware-nvidia-gpu-driver-error.mdx","NVIDIA GPU: ошибка драйвера","Оборудование","6","4",""
"pass","src/content/errors/hardware-nvidia-gpu-firmware-update-failed.mdx","NVIDIA GPU: ошибка обновления прошивки","Оборудование","6","4",""
"pass","src/content/errors/hardware-nvidia-gpu-low-performance.mdx","NVIDIA GPU: низкая производительность","Оборудование","6","4",""
"pass","src/content/errors/hardware-nvidia-gpu-not-detected.mdx","NVIDIA GPU: не определяется системой","Оборудование","6","4",""
"pass","src/content/errors/hardware-nvme-ssd-disconnects-randomly.mdx","NVMe SSD: самопроизвольно отключается","Оборудование","6","4",""
"pass","src/content/errors/hardware-nvme-ssd-driver-error.mdx","NVMe SSD: ошибка драйвера","Оборудование","6","4",""
"pass","src/content/errors/hardware-nvme-ssd-firmware-update-failed.mdx","NVMe SSD: ошибка обновления прошивки","Оборудование","6","4",""
"pass","src/content/errors/hardware-nvme-ssd-low-performance.mdx","NVMe SSD: низкая производительность","Оборудование","6","4",""
"pass","src/content/errors/hardware-nvme-ssd-not-detected.mdx","NVMe SSD: не определяется системой","Оборудование","6","4",""
"pass","src/content/errors/hardware-operativnaya-pamyat-access-denied.mdx","оперативная память: показывает отказ в доступе","Оборудование","6","3",""
"pass","src/content/errors/hardware-operativnaya-pamyat-crash-on-open.mdx","оперативная память: падает при открытии файла или проекта","Оборудование","6","3",""
"pass","src/content/errors/hardware-operativnaya-pamyat-does-not-start.mdx","оперативная память: не запускается после обновления","Оборудование","6","3",""
"pass","src/content/errors/hardware-operativnaya-pamyat-settings-reset.mdx","оперативная память: сбрасывает настройки после перезапуска","Оборудование","6","3",""
"pass","src/content/errors/hardware-operativnaya-pamyat-slow-response.mdx","оперативная память: работает заметно медленнее обычного","Оборудование","6","3",""
"pass","src/content/errors/hardware-operativnaya-pamyat-update-loop.mdx","оперативная память: застревает в цикле обновления","Оборудование","6","3",""
"pass","src/content/errors/hardware-setevoy-adapter-access-denied.mdx","сетевой адаптер: показывает отказ в доступе","Оборудование","6","3",""
"pass","src/content/errors/hardware-setevoy-adapter-crash-on-open.mdx","сетевой адаптер: падает при открытии файла или проекта","Оборудование","6","3",""
"pass","src/content/errors/hardware-setevoy-adapter-does-not-start.mdx","сетевой адаптер: не запускается после обновления","Оборудование","6","3",""
"pass","src/content/errors/hardware-setevoy-adapter-settings-reset.mdx","сетевой адаптер: сбрасывает настройки после перезапуска","Оборудование","6","3",""
"pass","src/content/errors/hardware-setevoy-adapter-slow-response.mdx","сетевой адаптер: работает заметно медленнее обычного","Оборудование","6","3",""
"pass","src/content/errors/hardware-setevoy-adapter-update-loop.mdx","сетевой адаптер: застревает в цикле обновления","Оборудование","6","3",""
"pass","src/content/errors/hardware-ssd-nakopitel-access-denied.mdx","SSD накопитель: показывает отказ в доступе","Оборудование","6","3",""
"pass","src/content/errors/hardware-ssd-nakopitel-crash-on-open.mdx","SSD накопитель: падает при открытии файла или проекта","Оборудование","6","3",""
"pass","src/content/errors/hardware-ssd-nakopitel-does-not-start.mdx","SSD накопитель: не запускается после обновления","Оборудование","6","3",""
"pass","src/content/errors/hardware-ssd-nakopitel-settings-reset.mdx","SSD накопитель: сбрасывает настройки после перезапуска","Оборудование","6","3",""
"pass","src/content/errors/hardware-ssd-nakopitel-slow-response.mdx","SSD накопитель: работает заметно медленнее обычного","Оборудование","6","3",""
"pass","src/content/errors/hardware-ssd-nakopitel-update-loop.mdx","SSD накопитель: застревает в цикле обновления","Оборудование","6","3",""
"pass","src/content/errors/hardware-tachpad-noutbuka-access-denied.mdx","тачпад ноутбука: показывает отказ в доступе","Оборудование","6","3",""
"pass","src/content/errors/hardware-tachpad-noutbuka-crash-on-open.mdx","тачпад ноутбука: падает при открытии файла или проекта","Оборудование","6","3",""
"pass","src/content/errors/hardware-tachpad-noutbuka-does-not-start.mdx","тачпад ноутбука: не запускается после обновления","Оборудование","6","3",""
"pass","src/content/errors/hardware-tachpad-noutbuka-settings-reset.mdx","тачпад ноутбука: сбрасывает настройки после перезапуска","Оборудование","6","3",""
"pass","src/content/errors/hardware-tachpad-noutbuka-slow-response.mdx","тачпад ноутбука: работает заметно медленнее обычного","Оборудование","6","3",""
"pass","src/content/errors/hardware-usb-c-dock-disconnects-randomly.mdx","USB-C Dock: самопроизвольно отключается","Оборудование","6","4",""
"pass","src/content/errors/hardware-usb-c-dock-driver-error.mdx","USB-C Dock: ошибка драйвера","Оборудование","6","4",""
"pass","src/content/errors/hardware-usb-c-dock-low-performance.mdx","USB-C Dock: низкая производительность","Оборудование","6","4",""
"pass","src/content/errors/hardware-usb-c-dock-not-detected.mdx","USB-C Dock: не определяется системой","Оборудование","6","4",""
"pass","src/content/errors/hardware-usb-ustroystvo-access-denied.mdx","USB устройство: показывает отказ в доступе","Оборудование","6","3",""
"pass","src/content/errors/hardware-usb-ustroystvo-crash-on-open.mdx","USB устройство: падает при открытии файла или проекта","Оборудование","6","3",""
"pass","src/content/errors/hardware-usb-ustroystvo-does-not-start.mdx","USB устройство: не запускается после обновления","Оборудование","6","3",""
"pass","src/content/errors/hardware-usb-ustroystvo-settings-reset.mdx","USB устройство: сбрасывает настройки после перезапуска","Оборудование","6","3",""
"pass","src/content/errors/hardware-usb-ustroystvo-slow-response.mdx","USB устройство: работает заметно медленнее обычного","Оборудование","6","3",""
"pass","src/content/errors/hardware-usb-ustroystvo-update-loop.mdx","USB устройство: застревает в цикле обновления","Оборудование","6","3",""
"pass","src/content/errors/hardware-veb-kamera-access-denied.mdx","веб-камера: показывает отказ в доступе","Оборудование","6","3",""
"pass","src/content/errors/hardware-veb-kamera-crash-on-open.mdx","веб-камера: падает при открытии файла или проекта","Оборудование","6","3",""
"pass","src/content/errors/hardware-veb-kamera-does-not-start.mdx","веб-камера: не запускается после обновления","Оборудование","6","3",""
"pass","src/content/errors/hardware-veb-kamera-settings-reset.mdx","веб-камера: сбрасывает настройки после перезапуска","Оборудование","6","3",""
"pass","src/content/errors/hardware-veb-kamera-slow-response.mdx","веб-камера: работает заметно медленнее обычного","Оборудование","6","3",""
"pass","src/content/errors/hardware-veb-kamera-update-loop.mdx","веб-камера: застревает в цикле обновления","Оборудование","6","3",""
"pass","src/content/errors/hardware-videokarta-pk-access-denied.mdx","видеокарта ПК: показывает отказ в доступе","Оборудование","6","3",""
"pass","src/content/errors/hardware-videokarta-pk-crash-on-open.mdx","видеокарта ПК: падает при открытии файла или проекта","Оборудование","6","3",""
"pass","src/content/errors/hardware-videokarta-pk-does-not-start.mdx","видеокарта ПК: не запускается после обновления","Оборудование","6","3",""
"pass","src/content/errors/hardware-videokarta-pk-settings-reset.mdx","видеокарта ПК: сбрасывает настройки после перезапуска","Оборудование","6","3",""
"pass","src/content/errors/hardware-videokarta-pk-slow-response.mdx","видеокарта ПК: работает заметно медленнее обычного","Оборудование","6","3",""
"pass","src/content/errors/hardware-videokarta-pk-update-loop.mdx","видеокарта ПК: застревает в цикле обновления","Оборудование","6","3",""
"pass","src/content/errors/hardware-zvukovaya-karta-access-denied.mdx","звуковая карта: показывает отказ в доступе","Оборудование","6","3",""
"pass","src/content/errors/hardware-zvukovaya-karta-crash-on-open.mdx","звуковая карта: падает при открытии файла или проекта","Оборудование","6","3",""
"pass","src/content/errors/hardware-zvukovaya-karta-does-not-start.mdx","звуковая карта: не запускается после обновления","Оборудование","6","3",""
"pass","src/content/errors/hardware-zvukovaya-karta-settings-reset.mdx","звуковая карта: сбрасывает настройки после перезапуска","Оборудование","6","3",""
"pass","src/content/errors/hardware-zvukovaya-karta-slow-response.mdx","звуковая карта: работает заметно медленнее обычного","Оборудование","6","3",""
"pass","src/content/errors/hardware-zvukovaya-karta-update-loop.mdx","звуковая карта: застревает в цикле обновления","Оборудование","6","3",""
"pass","src/content/errors/hdd-medlenno-kopiruet-fayly.mdx","HDD: медленно копирует файлы — как исправить","Хранилища и файлы","6","4",""
"pass","src/content/errors/hdd-ne-montiruetsya.mdx","HDD: не монтируется — как исправить","Хранилища и файлы","6","4",""
"pass","src/content/errors/hdd-ne-opredelyaetsya.mdx","HDD: не определяется — как исправить","Хранилища и файлы","6","4",""
"pass","src/content/errors/hdd-net-dostupa-k-papke.mdx","HDD: нет доступа к папке — как исправить","Хранилища и файлы","6","4",""
"pass","src/content/errors/hdd-oshibka-vvoda-vyvoda.mdx","HDD: ошибка ввода вывода — как исправить","Хранилища и файлы","6","4",""
"pass","src/content/errors/hdd-povrezhdena-faylovaya-sistema.mdx","HDD: повреждена файловая система — как исправить","Хранилища и файлы","6","4",""
"pass","src/content/errors/hdd-prosit-formatirovat.mdx","HDD: просит форматировать — как исправить","Хранилища и файлы","6","4",""
"pass","src/content/errors/hdmi-audio-hripit-zvuk.mdx","HDMI audio: хрипит звук — как исправить","Аудио и видео","6","4",""
"pass","src/content/errors/hdmi-audio-mikrofon-ne-rabotaet.mdx","HDMI audio: микрофон не работает — как исправить","Аудио и видео","6","4",""
"pass","src/content/errors/hdmi-audio-net-zvuka.mdx","HDMI audio: нет звука — как исправить","Аудио и видео","6","4",""
"pass","src/content/errors/hp-printer-ne-pechataet.mdx","HP printer: не печатает — как исправить","Принтеры и сканеры","6","4",""
"pass","src/content/errors/hp-printer-ne-skaniruet.mdx","HP printer: не сканирует — как исправить","Принтеры и сканеры","6","4",""
"pass","src/content/errors/hp-printer-ne-vidit-kartridzh.mdx","HP printer: не видит картридж — как исправить","Принтеры и сканеры","6","4",""
"pass","src/content/errors/hp-printer-pechataet-pustye-listy.mdx","HP printer: печатает пустые листы — как исправить","Принтеры и сканеры","6","4",""
"pass","src/content/errors/hp-printer-zastryala-ochered.mdx","HP printer: застряла очередь — как исправить","Принтеры и сканеры","6","4",""
"pass","src/content/errors/hyper-v-ne-rabotaet-obschiy-bufer.mdx","Hyper-V: не работает общий буфер — как исправить","Виртуализация","6","4",""
"pass","src/content/errors/hyper-v-ne-zapuskaet-virtualnuyu-mashinu.mdx","Hyper-V: не запускает виртуальную машину — как исправить","Виртуализация","6","4",""
"pass","src/content/errors/hyper-v-net-apparatnoy-virtualizatsii.mdx","Hyper-V: нет аппаратной виртуализации — как исправить","Виртуализация","6","4",""
"pass","src/content/errors/hyper-v-nizkaya-proizvoditelnost.mdx","Hyper-V: низкая производительность — как исправить","Виртуализация","6","4",""
"pass","src/content/errors/igry-black-screen-reshenie-problemy-chernogo-ekrana-logitech-klaviatury.mdx","Решение проблемы черного экрана Logitech клавиатуры","Игры","6","4",""
"pass","src/content/errors/igry-cod-crash-pc-kak-ispravit-vylety-call-of-duty-warzone-i-drugih-igr-serii-na-pk.mdx","Как исправить вылеты Call of Duty: Warzone и других игр серии на ПК","Игры","8","4",""
"pass","src/content/errors/igry-cod-launch-fail-001-chto-delat-esli-call-of-duty-ne-zapuskaetsya-na-pk.mdx","Что делать, если Call of Duty не запускается на ПК","Игры","6","3",""
"pass","src/content/errors/igry-exception-access-violation-d3d12rhi-reshenie-problemy-s-chernym-ekranom-pri-zapuske-satisfa.mdx","Решение проблемы с черным экраном при запуске Satisfactory","Игры","7","4",""
"pass","src/content/errors/igry-geimpad-ne-rabotaet-v-igre-na-pk-polnoe-rukovodstvo-po-resheniyu-problem.mdx","Геймпад не работает в игре на ПК: полное руководство по решению проблем","Игры","6","4",""
"pass","src/content/errors/igry-gfx-opengl-001-kak-ispravit-problemu-s-nerabotayuschei-grafikoi-opengl-v-igrah.mdx","Как исправить проблему с неработающей графикой OpenGL в играх","Игры","6","4",""
"pass","src/content/errors/igry-nvidia-driver-init-failed-nvapi-access-denied-kak-ispravit-oshibku-initsializatsii-draivera.mdx","Как исправить ошибку инициализации драйвера NVIDIA и проблемы с играми","Игры","6","4",""
"pass","src/content/errors/igry-nvidia-game-error-generic-reshenie-problem-s-igrami-svyazannyh-s-videokartami-nvidia-i-tehn.mdx","Решение проблем с играми, связанных с видеокартами NVIDIA и техническими ошибками","Игры","6","3",""
"pass","src/content/errors/igry-nvidia-vram-out-of-memory-kak-ispravit-oshibku-nedostatochno-videopamyati-dlya-videokart-nv.mdx","Как исправить ошибку «Недостаточно видеопамяти» для видеокарт NVIDIA","Игры","6","4",""
"pass","src/content/errors/igry-opengl-controller-error-game-ustranenie-problem-s-opengl-v-igrah-reshenie-dlya-videokart-i.mdx","Устранение проблем с OpenGL в играх: решение для видеокарт и эмуляторов","Игры","6","3",""
"pass","src/content/errors/igry-opengl-fps-low-old-games-kak-uluchshit-proizvoditelnost-opengl-v-staryh-igrah-s-pomoschyu-p.mdx","Как улучшить производительность OpenGL в старых играх с помощью патчей","Игры","6","4",""
"pass","src/content/errors/igry-rimworld-crash-fix-latest-kak-ustranit-vylety-rimworld-poshagovoe-rukovodstvo.mdx","Как устранить вылеты RimWorld: пошаговое руководство","Игры","6","4",""
"pass","src/content/errors/igry-rimworld-crash-on-startup-rimworld-zavisaet-na-etape-initsializatsii-ili-vydaet-chernyi-ekr.mdx","RimWorld зависает на этапе инициализации или выдает черный экран при запуске: решение проблемы","Игры","6","4",""
"pass","src/content/errors/igry-rimworld-failed-to-start-ispravlenie-oshibki-zapuska-rimworld.mdx","Исправление ошибки запуска RimWorld","Игры","6","4",""
"pass","src/content/errors/igry-rimworld-mod-errors-ustranenie-oshibok-i-sboev-v-rimworld-svyazannyh-s-modami.mdx","Устранение ошибок и сбоев в RimWorld, связанных с модами","Игры","6","4",""
"pass","src/content/errors/igry-satisfactory-crash-1-1-ustranenie-sboev-i-vyletov-v-igre-satisfactory-posle-obnovleniya-1-1.mdx","Устранение сбоев и вылетов в игре Satisfactory после обновления 1.1","Игры","6","4",""
"pass","src/content/errors/igry-satisfactory-launch-crash-error-satisfactory-vyletaet-ili-ne-zapuskaetsya-kak-ispravit-oshi.mdx","Satisfactory вылетает или не запускается: как исправить ошибки запуска","Игры","6","4",""
"pass","src/content/errors/igry-satisfactory-launch-error-after-update-satisfactory-ne-zapuskaetsya-posle-obnovleniya-kak-i.mdx","Satisfactory не запускается после обновления: как исправить ошибку","Игры","6","4",""
"pass","src/content/errors/igry-ustranenie-obschih-tehnicheskih-problem-v-igrah-s-pomoschyu-patchei.mdx","Устранение общих технических проблем в играх с помощью патчей","Игры","6","4",""
"pass","src/content/errors/illustrator-chernyy-ekran.mdx","Illustrator: черный экран — как исправить","Дизайн и графика","6","4",""
"pass","src/content/errors/illustrator-ne-otobrazhayutsya-shrifty.mdx","Illustrator: не отображаются шрифты — как исправить","Дизайн и графика","6","4",""
"pass","src/content/errors/illustrator-ne-sohranyaet-fayl.mdx","Illustrator: не сохраняет файл — как исправить","Дизайн и графика","6","4",""
"pass","src/content/errors/illustrator-ne-zapuskaetsya.mdx","Illustrator: не запускается — как исправить","Дизайн и графика","6","4",""
"pass","src/content/errors/illustrator-vyletaet-pri-eksporte.mdx","Illustrator: вылетает при экспорте — как исправить","Дизайн и графика","6","4",""
"pass","src/content/errors/ipad-ne-prihodyat-uvedomleniya.mdx","iPad: не приходят уведомления — как исправить","Мобильные устройства","6","4",""
"pass","src/content/errors/ipad-ne-rabotaet-sinhronizatsiya.mdx","iPad: не работает синхронизация — как исправить","Мобильные устройства","6","4",""
"pass","src/content/errors/ipad-ne-ustanavlivaetsya-prilozhenie.mdx","iPad: не устанавливается приложение — как исправить","Мобильные устройства","6","4",""
"pass","src/content/errors/ipad-oshibka-avtorizatsii.mdx","iPad: ошибка авторизации — как исправить","Мобильные устройства","6","4",""
"pass","src/content/errors/iphone-bystro-razryazhaetsya-batareya.mdx","iPhone: быстро разряжается батарея — как исправить","Мобильные устройства","6","4",""
"pass","src/content/errors/iphone-ne-prihodyat-uvedomleniya.mdx","iPhone: не приходят уведомления — как исправить","Мобильные устройства","6","4",""
"pass","src/content/errors/iphone-ne-rabotaet-kamera.mdx","iPhone: не работает камера — как исправить","Мобильные устройства","6","4",""
"pass","src/content/errors/iphone-ne-rabotaet-sinhronizatsiya.mdx","iPhone: не работает синхронизация — как исправить","Мобильные устройства","6","4",""
"pass","src/content/errors/iphone-ne-ustanavlivaetsya-prilozhenie.mdx","iPhone: не устанавливается приложение — как исправить","Мобильные устройства","6","4",""
"pass","src/content/errors/iphone-oshibka-avtorizatsii.mdx","iPhone: ошибка авторизации — как исправить","Мобильные устройства","6","4",""
"pass","src/content/errors/iphone-zavisaet-obnovlenie.mdx","iPhone: зависает обновление — как исправить","Мобильные устройства","6","4",""
"pass","src/content/errors/java-jdk-not-found-fix.mdx","Java/JDK не найдена: настройка JAVA_HOME","Программирование","6","4",""
"pass","src/content/errors/konditsioner-ne-holodit-prichiny-i-kak-ispravit.mdx","Кондиционер не холодит: причины и способы устранения","Кондиционеры и обогрев","6","4",""
"pass","src/content/errors/kubernetes-crashloopbackoff-fix.mdx","Kubernetes Pod CrashLoopBackOff: как исправить бесконечный перезапуск","DevOps и облака","6","4",""
"pass","src/content/errors/lg-microwave-iskrit-vnutri.mdx","LG microwave: искрит внутри — как исправить","Микроволновки и духовки","6","4",""
"pass","src/content/errors/lg-microwave-ne-greet.mdx","LG microwave: не греет — как исправить","Микроволновки и духовки","6","4",""
"pass","src/content/errors/lg-microwave-ne-krutitsya-tarelka.mdx","LG microwave: не крутится тарелка — как исправить","Микроволновки и духовки","6","4",""
"pass","src/content/errors/lg-microwave-ne-rabotaet-gril.mdx","LG microwave: не работает гриль — как исправить","Микроволновки и духовки","6","4",""
"pass","src/content/errors/lg-microwave-ne-vklyuchaetsya.mdx","LG microwave: не включается — как исправить","Микроволновки и духовки","6","4",""
"pass","src/content/errors/lg-microwave-pokazyvaet-kod-oshibki.mdx","LG microwave: показывает код ошибки — как исправить","Микроволновки и духовки","6","4",""
"pass","src/content/errors/lg-refrigerator-ne-morozit.mdx","LG refrigerator: не морозит — как исправить","Холодильники","6","4",""
"pass","src/content/errors/lg-refrigerator-ne-otklyuchaetsya-kompressor.mdx","LG refrigerator: не отключается компрессор — как исправить","Холодильники","6","4",""
"pass","src/content/errors/lg-refrigerator-pischit-signal.mdx","LG refrigerator: пищит сигнал — как исправить","Холодильники","6","4",""
"pass","src/content/errors/lg-refrigerator-pokazyvaet-oshibku-datchika.mdx","LG refrigerator: показывает ошибку датчика — как исправить","Холодильники","6","4",""
"pass","src/content/errors/lg-refrigerator-silno-shumit.mdx","LG refrigerator: сильно шумит — как исправить","Холодильники","6","4",""
"pass","src/content/errors/lg-refrigerator-techet-voda.mdx","LG refrigerator: течет вода — как исправить","Холодильники","6","4",""
"pass","src/content/errors/lg-tv-ne-rabotaet-pult.mdx","LG TV: не работает пульт — как исправить","Телевизоры и аудио","6","4",""
"pass","src/content/errors/lg-tv-net-izobrazheniya.mdx","LG TV: нет изображения — как исправить","Телевизоры и аудио","6","4",""
"pass","src/content/errors/lg-tv-net-zvuka.mdx","LG TV: нет звука — как исправить","Телевизоры и аудио","6","4",""
"pass","src/content/errors/lg-washing-machine-ne-nabiraet-vodu.mdx","LG washing machine: не набирает воду — как исправить","Стиральные машины","6","4",""
"pass","src/content/errors/lg-washing-machine-ne-otzhimaet.mdx","LG washing machine: не отжимает — как исправить","Стиральные машины","6","4",""
"pass","src/content/errors/lg-washing-machine-ne-slivaet-vodu.mdx","LG washing machine: не сливает воду — как исправить","Стиральные машины","6","4",""
"pass","src/content/errors/lg-washing-machine-oshibka-dvertsy.mdx","LG washing machine: ошибка дверцы — как исправить","Стиральные машины","6","4",""
"pass","src/content/errors/lg-washing-machine-pokazyvaet-kod-oshibki.mdx","LG washing machine: показывает код ошибки — как исправить","Стиральные машины","6","4",""
"pass","src/content/errors/lg-washing-machine-silno-vibriruet.mdx","LG washing machine: сильно вибрирует — как исправить","Стиральные машины","6","4",""
"pass","src/content/errors/linux-app-damaged-fix-ustranenie-oshibki-povrezhdennogo-prilozheniya-v-fedora-linux.mdx","Устранение ошибки поврежденного приложения в Fedora Linux","Linux","6","4",""
"pass","src/content/errors/linux-application-damaged-fedora-kak-ispravit-oshibku-prilozhenie-povrezhdeno-v-fedora-linux.mdx","Устранение ошибки «Приложение повреждено» в Fedora Linux","Linux","6","4",""
"pass","src/content/errors/linux-apt-package-error-kak-ispravit-oshibki-pri-rabote-s-paketami-v-debian-i-linux-sistemah.mdx","Как исправить ошибки при работе с пакетами в Debian и Linux-системах","Linux","6","4",""
"pass","src/content/errors/linux-arch-boot-failure-diagnostika-i-ustranenie-problem-pri-zagruzke-arch-linux.mdx","Как устранить ошибки загрузки в Arch Linux","Linux","6","4",""
"pass","src/content/errors/linux-arch-cmd-not-found-ispravlenie-oshibki-command-not-found-v-arch-linux.mdx","Исправление ошибки «command not found» в Manjaro Linux","Linux","6","4",""
"pass","src/content/errors/linux-arch-generic-troubleshooting-osnovy-raboty-s-arch-linux-podhod-k-resheniyu-potentsialnyh-s.mdx","Основы работы с Arch Linux: Подход к решению потенциальных сложностей","Linux","6","3",""
"pass","src/content/errors/linux-arch-generic-troubleshooting-ustranenie-tipichnyh-problem-i-oshibok-v-arch-linux.mdx","Устранение типичных проблем и ошибок в Arch Linux","Linux","6","4",""
"pass","src/content/errors/linux-arch-linux-boot-failure-post-update-chto-delat-esli-arch-linux-perestal-zagruzhatsya-posle.mdx","Что делать, если Arch Linux перестал загружаться после обновления","Linux","6","4",""
"pass","src/content/errors/linux-arch-linux-boot-failure-ustranenie-oshibok-zagruzki-v-arch-linux.mdx","Устранение ошибок загрузки в Arch Linux","Linux","6","4",""
"pass","src/content/errors/linux-arch-linux-package-error-ustranenie-oshibok-raboty-s-paketami-v-arch-linux.mdx","Устранение ошибок работы с пакетами в Arch Linux","Linux","6","4",""
"pass","src/content/errors/linux-arch-linux-system-errors-kak-ustranit-oshibki-v-rabote-arch-linux.mdx","Как самостоятельно диагностировать и исправить ошибки в Arch Linux","Linux","6","4",""
"pass","src/content/errors/linux-arch-linux-update-instability-osobennosti-obnovlenii-v-distributivah-na-baze-arch-linux-i.mdx","Особенности обновлений в дистрибутивах на базе Arch Linux и потенциальные причины проблем","Linux","6","3",""
"pass","src/content/errors/linux-arch-package-error-ustranenie-oshibok-paketov-v-arch-linux.mdx","Устранение ошибок пакетов в Arch Linux","Linux","6","4",""
"pass","src/content/errors/linux-arch-service-start-issue-001-ponimanie-raboty-sluzhb-v-arch-linux-obzor-bazovyh-komponento.mdx","Понимание работы служб в Arch Linux: обзор базовых компонентов системы","Linux","6","3",""
"pass","src/content/errors/linux-archlinuxbooterror-diagnostika-problem-s-operativnoi-pamyatyu-pri-oshibkah-zagruzki-arch-l.mdx","Диагностика проблем с оперативной памятью при ошибках загрузки Arch Linux","Linux","6","4",""
"pass","src/content/errors/linux-boot-and-env-path-error-ustranenie-oshibki-zagruzki-manjaro-i-problem-s-peremennymi-okruzh.mdx","Устранение ошибки загрузки Manjaro и проблем с переменными окружения","Linux","6","4",""
"pass","src/content/errors/linux-boot-error-debian-kak-ispravit-oshibki-zagruzki-v-debian-i-osnovannyh-na-nem-distributivah.mdx","Как исправить ошибки загрузки в Debian и основанных на нем дистрибутивах","Linux","6","4",""
"pass","src/content/errors/linux-boot-failure-debian-ustranenie-problem-s-zagruzkoi-v-debian-i-osnovannyh-na-nem-distributi.mdx","Устранение проблем с загрузкой в Debian и основанных на нем дистрибутивах","Linux","6","4",""
"pass","src/content/errors/linux-boot-failure-ustranenie-problem-s-zagruzkoi-v-arch-linux.mdx","Устранение проблем с загрузкой в Arch Linux","Linux","6","4",""
"pass","src/content/errors/linux-brew-debian-compatibility-error-ustranenie-oshibok-homebrew-v-debian-podobnyh-sistemah.mdx","Устранение ошибок Homebrew в Debian-подобных системах","Linux","6","4",""
"pass","src/content/errors/linux-brew-error-arch-ustranenie-problem-s-homebrew-v-arch-linux.mdx","Устранение проблем с Homebrew в Arch Linux","Linux","6","4",""
"pass","src/content/errors/linux-brew-error-ubuntu-kak-ispravit-oshibki-homebrew-brew-na-ubuntu.mdx","Как исправить ошибки Homebrew (Brew) на Ubuntu","Linux","6","4",""
"pass","src/content/errors/linux-cargo-binstall-dns-manjaro-ustranenie-problem-s-setevymi-zaprosami-cargo-binstall-v-manjar.mdx","Устранение проблем с сетевыми запросами cargo-binstall в Manjaro Linux из-за ошибок DNS","Linux","6","4",""
"pass","src/content/errors/linux-command-not-found-kak-ispravit-oshibku-command-not-found-v-debian.mdx","Исправление ошибки «command not found» в Fedora Linux","Linux","6","4",""
"pass","src/content/errors/linux-command-not-found-kak-ispravit-oshibku-command-not-found-v-manjaro-linux.mdx","Как исправить ошибку «command not found» в Fedora","Linux","6","4",""
"pass","src/content/errors/linux-command-not-found-ubuntu-ispravlenie-oshibki-command-not-found-v-ubuntu.mdx","Как исправить ошибку 'command not found' в Ubuntu","Linux","6","4",""
"pass","src/content/errors/linux-deb-pkg-err-ustranenie-oshibok-ustanovki-i-obnovleniya-paketov-v-debian.mdx","Устранение ошибок установки и обновления пакетов в Debian","Linux","6","4",""
"pass","src/content/errors/linux-deb-pkg-error-kak-ispravit-oshibki-pri-rabote-s-paketami-v-debian.mdx","Как исправить ошибки при работе с пакетами в Debian","Linux","6","4",""
"pass","src/content/errors/linux-debian-acpi-sata-boot-errors-ispravlenie-oshibok-acpi-i-sata-pri-zagruzke-debian-13.mdx","Исправление ошибок ACPI и SATA при загрузке Debian 13","Linux","6","4",""
"pass","src/content/errors/linux-debian-boot-error-fix-ispravlenie-oshibki-zagruzki-debian-posle-zameny-diska-ili-sboya-uef.mdx","Исправление ошибки загрузки Debian после замены диска или сбоя UEFI","Linux","6","4",""
"pass","src/content/errors/linux-debian-boot-error-fix-ispravlenie-oshibki-zagruzki-debian.mdx","Исправление ошибки загрузки Debian","Linux","6","3",""
"pass","src/content/errors/linux-debian-boot-error-ustranenie-oshibok-zagruzki-debian.mdx","Устранение ошибок загрузки Debian","Linux","6","3",""
"pass","src/content/errors/linux-debian-build-packaging-error-001-ustranenie-tipichnyh-oshibok-pri-sborke-i-ustanovke-progr.mdx","Устранение типичных ошибок при сборке и установке программ на Debian (проблемы сборки и Homebrew-подобных систем)","Linux","6","4",""
"pass","src/content/errors/linux-debian-command-not-found-kak-ispravit-oshibku-command-not-found-v-debian.mdx","Как исправить ошибку ""command not found"" в Debian","Linux","6","3",""
"pass","src/content/errors/linux-debian-config-001-kak-ispravit-oshibki-konfiguratsii-paketov-v-debian-s-pomoschyu-debconf.mdx","Как исправить ошибки конфигурации пакетов в Debian с помощью debconf","Linux","6","3",""
"pass","src/content/errors/linux-debian-package-error-ispravlenie-oshibok-pri-rabote-s-paketami-v-debian.mdx","Как исправить ошибки пакетов в Debian и производных дистрибутивах Linux","Linux","6","3",""
"pass","src/content/errors/linux-debian-systemd-issue-reshenie-problem-s-systemd-v-debian.mdx","Решение проблем с systemd в Debian","Linux","6","4",""
"pass","src/content/errors/linux-debian-update-fail-ustranenie-problem-s-debian-posle-obnovleniya.mdx","Устранение проблем с Debian после обновления","Linux","6","3",""
"pass","src/content/errors/linux-debian-update-failure-reshenie-problem-s-debian-posle-obnovleniya.mdx","Что делать, если Debian перестал работать после обновления","Linux","6","3",""
"pass","src/content/errors/linux-dnf-package-error-ustranenie-problem-s-paketami-v-fedora-linux.mdx","Устранение проблем с установкой и обновлением пакетов в Fedora","Linux","6","4",""
"pass","src/content/errors/linux-failed-start-gdm-service-ispravlyaem-oshibku-failed-to-start-gdm-service-pri-zagruzke-ubun.mdx","Исправляем ошибку «Failed to start gdm.service» при загрузке Ubuntu","Linux","6","4",""
"pass","src/content/errors/linux-fedora-boot-error-kak-ispravit-oshibku-zagruzki-fedora.mdx","Как исправить ошибку загрузки Fedora","Linux","6","4",""
"pass","src/content/errors/linux-fedora-boot-failure-after-update-chto-delat-esli-fedora-linux-ne-zagruzhaetsya-posle-obnov.mdx","Что делать, если Fedora Linux не загружается после обновления","Linux","6","4",""
"pass","src/content/errors/linux-fedora-boot-failure-kak-ispravit-oshibki-zagruzki-v-fedora-linux.mdx","Как исправить ошибки загрузки в Fedora Linux","Linux","6","4",""
"pass","src/content/errors/linux-fedora-boot-failure-post-update-chto-delat-esli-fedora-linux-ne-zapuskaetsya-posle-obnovle.mdx","Что делать, если Fedora Linux не запускается после обновления","Linux","6","4",""
"pass","src/content/errors/linux-fedora-brew-error-ispravlenie-oshibok-homebrew-brew-v-fedora-linux.mdx","Исправление ошибок Homebrew (Brew) в Fedora Linux","Linux","6","3",""
"pass","src/content/errors/linux-fedora-failed-to-start-service-ustranenie-oshibki-fedora-ne-mozhet-zapustit-sluzhbu.mdx","Устранение ошибки: Fedora не может запустить службу","Linux","6","4",""
"pass","src/content/errors/linux-fedora-gui-wayland-issues-ustranenie-nepoladok-s-graficheskim-interfeisom-v-fedora.mdx","Устранение неполадок с графическим интерфейсом в Fedora","Linux","6","4",""
"pass","src/content/errors/linux-fedora-kernel-crash-ustranenie-oshibok-yadra-kernel-error-v-fedora-linux.mdx","Устранение ошибок ядра (Kernel Error) в Fedora Linux","Linux","6","4",""
"pass","src/content/errors/linux-fedora-kernel-error-ustranenie-problem-s-yadrom-v-fedora-linux.mdx","Устранение проблем с ядром в Fedora Linux","Linux","6","4",""
"pass","src/content/errors/linux-fedora-package-error-ustranenie-oshibok-pri-ustanovke-i-obnovlenii-paketov-v-fedora.mdx","Устранение ошибок при установке и обновлении пакетов в Fedora","Linux","6","3",""
"pass","src/content/errors/linux-fedora-package-error-ustranenie-problem-s-paketami-v-fedora.mdx","Устранение проблем с пакетами в Fedora","Linux","6","4",""
"pass","src/content/errors/linux-fedora-package-manager-error-ustranenie-oshibok-raboty-s-repozitoriyami-v-fedora.mdx","Устранение ошибок работы с репозиториями в Fedora","Linux","6","4",""
"pass","src/content/errors/linux-fedora-selinux-app-damaged-ispravlenie-oshibki-povrezhdennogo-prilozheniya-na-fedora-svyaz.mdx","Исправление ошибки 'поврежденного' приложения на Fedora, связанной с SELinux (MAC)","Linux","6","4",""
"pass","src/content/errors/linux-fedora-wayland-issue-ustranenie-problem-s-graficheskim-serverom-wayland-v-fedora.mdx","Устранение проблем с графическим сервером Wayland в Fedora","Linux","6","4",""
"pass","src/content/errors/linux-fedora-wayland-issues-ustranenie-problem-s-graficheskim-interfeisom-v-fedora-wayland.mdx","Устранение проблем с графическим интерфейсом в Fedora (Wayland)","Linux","6","4",""
"pass","src/content/errors/linux-kak-ispravit-oshibki-ili-izmenit-nastroiki-paketov-v-debian-s-pomoschyu-debconf.mdx","Как исправить ошибки или изменить настройки пакетов в Debian с помощью Debconf","Linux","6","4",""
"pass","src/content/errors/linux-kernel-crash-ubuntu-ustranenie-oshibok-yadra-v-ubuntu-diagnostika-i-ispravlenie.mdx","Устранение ошибок ядра в Ubuntu: диагностика и исправление","Linux","6","3",""
"pass","src/content/errors/linux-kernel-error-debian-ustranenie-oshibok-yadra-linux-v-debian.mdx","Устранение ошибок ядра Linux в Debian","Linux","6","3",""
"pass","src/content/errors/linux-kernel-panic-arch-linux-ustranenie-kriticheskih-oshibok-yadra-v-arch-linux.mdx","Устранение критических ошибок ядра в Arch Linux","Linux","6","4",""
"pass","src/content/errors/linux-kernel-panic-arch-ustranenie-oshibok-yadra-v-arch-linux.mdx","Устранение ошибок ядра Linux в Arch Linux","Linux","6","3",""
"pass","src/content/errors/linux-kernel-panic-debian-ustranenie-oshibok-yadra-kernel-v-debian-i-proizvodnyh-distributivah.mdx","Устранение ошибок ядра (Kernel) в Debian и производных дистрибутивах","Linux","6","4",""
"pass","src/content/errors/linux-kernel-panic-fedora-kak-ustranit-oshibki-yadra-linux-v-fedora.mdx","Устранение ошибок ядра в Fedora Linux","Linux","6","4",""
"pass","src/content/errors/linux-kernel-panic-not-syncing-vfs-unable-to-mount-root-fs-on-unknown-block-0-0-kak-ispravit-osh.mdx","Исправление ошибки Kernel Panic при загрузке Ubuntu после обновления ядра","Linux","6","4",""
"pass","src/content/errors/linux-kernel-panic-vfs-unable-to-mount-root-fs-ispravlenie-oshibki-kernel-panic-not-syncing-vfs.mdx","Исправление ошибки ""Kernel Panic - not syncing: VFS: Unable to mount root fs on unknown-block(0,0)"" в Ubuntu","Linux","6","3",""
"pass","src/content/errors/linux-linux-boot-failure-ustranenie-problem-s-zagruzkoi-debian-i-linux-sistem.mdx","Устранение проблем с загрузкой Debian и Linux-систем","Linux","6","4",""
"pass","src/content/errors/linux-linux-kernel-drm-error-kak-ustranit-oshibki-yadra-i-graficheskogo-podsistemy-drm-v-ubuntu.mdx","Как устранить ошибки ядра и графического подсистемы (DRM) в Ubuntu","Linux","6","4",""
"pass","src/content/errors/linux-mac-app-damaged-fix-debian-ispravlenie-oshibki-mac-app-damaged-v-debian.mdx","Исправление ошибки ""mac app damaged"" в Debian","Linux","6","4",""
"pass","src/content/errors/linux-manjaro-boot-env-error-ustranenie-problem-s-zagruzkoi-i-okruzheniem-v-manjaro-linux.mdx","Исправление ошибки запуска Manjaro: проблемы с загрузкой и окружением","Linux","6","4",""
"pass","src/content/errors/linux-manjaro-service-network-fail-ustranenie-problem-s-zapuskom-sluzhb-i-setevymi-oshibkami-v-m.mdx","Устранение проблем с запуском служб и сетевыми ошибками в Manjaro Linux","Linux","6","4",""
"pass","src/content/errors/linux-manjaro-service-start-failure-kak-ispravit-problemu-s-zapuskom-sluzhb-v-manjaro-linux.mdx","Как исправить проблему с запуском служб в Manjaro Linux","Linux","6","4",""
"pass","src/content/errors/linux-manjarocommandnotfound-kak-ispravit-oshibku-command-not-found-v-manjaro.mdx","Как исправить ошибку 'command not found' в Manjaro","Linux","6","3",""
"pass","src/content/errors/linux-manjarogeneraltroubleshooting-obschie-rekomendatsii-po-ustraneniyu-nepoladok-v-manjaro-lin.mdx","Общие рекомендации по устранению неполадок в Manjaro Linux","Linux","6","3",""
"pass","src/content/errors/linux-missing-required-command-ustranenie-oshibki-missing-required-command-pri-ustanovke-po-v-li.mdx","Устранение ошибки «Missing required command» при установке ПО в Linux и macOS","Linux","6","4",""
"pass","src/content/errors/linux-obsluzhivanie-i-obnovlenie-yadra-linux-v-debian-podobnyh-sistemah-dlya-predotvrascheniya-o.mdx","Обслуживание и обновление ядра Linux в Debian-подобных системах для предотвращения ошибок","Linux","6","3",""
"pass","src/content/errors/linux-permission-denied-kak-ispravit-oshibku-permission-denied-v-debian.mdx","Как исправить ошибку «Permission denied» в Debian","Linux","6","4",""
"pass","src/content/errors/linux-permission-denied-ubuntu-ispravlenie-oshibki-permission-denied-v-ubuntu.mdx","Исправление ошибки «Permission denied» в Ubuntu","Linux","6","4",""
"pass","src/content/errors/linux-service-fail-to-start-on-boot-ispravlenie-zapuska-servisov-v-debian-pri-zagruzke-sistemy.mdx","Исправление запуска сервисов в Debian при загрузке системы","Linux","6","4",""
"pass","src/content/errors/linux-service-start-failure-ustranenie-oshibok-zapuska-sluzhb-v-arch-linux.mdx","Устранение ошибок запуска служб в Arch Linux","Linux","6","4",""
"pass","src/content/errors/linux-service-start-failure-ustranenie-oshibok-zapuska-sluzhb-v-debian.mdx","Устранение ошибок запуска служб в Debian","Linux","6","4",""
"pass","src/content/errors/linux-service-start-failure-ustranenie-oshibok-zapuska-sluzhb-v-ubuntu.mdx","Устранение ошибок запуска служб в Ubuntu","Linux","6","4",""
"pass","src/content/errors/linux-system-program-error-kak-ispravit-oshibku-obnaruzhena-oshibka-v-sistemnoi-programme-v-ubun.mdx","Как исправить ошибку «Обнаружена ошибка в системной программе» в Ubuntu","Linux","6","4",""
"pass","src/content/errors/linux-systemd-service-fail-ustranenie-oshibki-zapuska-sistemnyh-sluzhb-v-arch-linux.mdx","Устранение ошибки запуска служб в Arch Linux","Linux","6","4",""
"pass","src/content/errors/linux-ubuntu-boot-error-fix-ispravlenie-oshibok-zagruzki-ubuntu.mdx","Исправление ошибок загрузки Ubuntu","Linux","6","4",""
"pass","src/content/errors/linux-ubuntu-boot-error-kak-ispravit-oshibku-zagruzki-ubuntu.mdx","Как исправить ошибку загрузки Ubuntu","Linux","6","4",""
"pass","src/content/errors/linux-ubuntu-boot-failure-after-update-ubuntu-ne-zagruzhaetsya-posle-obnovleniya-ustranyaem-prob.mdx","Ubuntu не загружается после обновления: устраняем проблему","Linux","6","4",""
"pass","src/content/errors/linux-ubuntu-boot-ram-diag-diagnostika-oshibok-zagruzki-ubuntu-proverka-operativnoi-pamyati.mdx","Диагностика ошибок загрузки Ubuntu: Проверка оперативной памяти","Linux","6","3",""
"pass","src/content/errors/linux-ubuntu-brew-build-error-ispravlenie-oshibki-sborki-v-ubuntu-pri-ispolzovanii-homebrew.mdx","Исправление ошибки сборки в Ubuntu при использовании Homebrew","Linux","6","4",""
"pass","src/content/errors/linux-ubuntu-command-not-found-kak-ispravit-oshibku-command-not-found-v-ubuntu.mdx","Как исправить ошибку ""command not found"" в Ubuntu","Linux","6","4",""
"pass","src/content/errors/linux-ubuntu-kernel-error-ustranenie-oshibok-yadra-linux-rukovodstvo-po-ustraneniyu-nepoladok.mdx","Устранение ошибок ядра Linux: руководство по устранению неполадок","Linux","6","4",""
"pass","src/content/errors/linux-ubuntu-package-error-fix-kak-ispravit-oshibki-zavisimostei-i-povrezhdennoi-sistemy-paketov.mdx","Как исправить ошибки зависимостей и поврежденной системы пакетов в Ubuntu","Linux","6","4",""
"pass","src/content/errors/linux-ubuntu-permission-denied-kak-ispravit-oshibku-permission-denied-v-ubuntu.mdx","Как исправить ошибку 'Permission denied' в Ubuntu","Linux","6","4",""
"pass","src/content/errors/linux-ubuntu-update-failure-ustranenie-problem-s-ubuntu-posle-obnovleniya.mdx","Что делать, если Ubuntu перестала работать после обновления","Linux","6","4",""
"pass","src/content/errors/linux-ubuntubooterrorfix-kak-ispravit-oshibki-zagruzki-ubuntu.mdx","Как исправить ошибки загрузки Ubuntu","Linux","6","4",""
"pass","src/content/errors/linux-ubuntukernelcrash-ustranenie-oshibok-yadra-v-ubuntu-otchetnost-i-obnovlenie-sistemy.mdx","Устранение ошибок ядра в Ubuntu: отчетность и обновление системы","Linux","6","4",""
"pass","src/content/errors/linux-ubuntutroubleshootingguide-kak-ispravit-oshibki-v-ubuntu-poshagovoe-rukovodstvo-po-diagnos.mdx","Как исправить ошибки в Ubuntu: пошаговое руководство по диагностике и устранению","Linux","6","4",""
"pass","src/content/errors/linux-ubuntuupdatebootfailure-chto-delat-esli-ubuntu-ne-zagruzhaetsya-posle-obnovleniya-obzor-vo.mdx","Что делать, если Ubuntu не загружается после обновления: Обзор возможностей восстановления","Linux","6","3",""
"pass","src/content/errors/linux-unmet-dependencies-kak-ispravit-oshibki-zavisimostei-v-debian-i-ubuntu.mdx","Как исправить ошибки зависимостей в Debian и Ubuntu","Linux","6","4",""
"pass","src/content/errors/linux-zerobrew-arm64-x86-64-bottles-error-ispravlenie-oshibki-zerobrew-nepravilnaya-zagruzka-pak.mdx","Исправление ошибки Zerobrew: Неправильная загрузка пакетов для ARM64 на Linux","Linux","6","4",""
"pass","src/content/errors/mac-app-store-ne-otkryvaetsya-prilozhenie.mdx","Mac App Store: не открывается приложение — как исправить","macOS","6","4",""
"pass","src/content/errors/macos-airdrop-na-mac-access-denied.mdx","AirDrop на Mac: показывает отказ в доступе","macOS","6","4",""
"pass","src/content/errors/macos-airdrop-na-mac-crash-on-open.mdx","AirDrop на Mac: падает при открытии файла или проекта","macOS","6","4",""
"pass","src/content/errors/macos-airdrop-na-mac-does-not-start.mdx","AirDrop на Mac: не запускается после обновления","macOS","6","4",""
"pass","src/content/errors/macos-airdrop-na-mac-settings-reset.mdx","AirDrop на Mac: сбрасывает настройки после перезапуска","macOS","6","4",""
"pass","src/content/errors/macos-airdrop-na-mac-slow-response.mdx","AirDrop на Mac: работает заметно медленнее обычного","macOS","6","4",""
"pass","src/content/errors/macos-airdrop-na-mac-update-loop.mdx","AirDrop на Mac: застревает в цикле обновления","macOS","6","4",""
"pass","src/content/errors/macos-app-damaged-can-t-be-opened-kak-ispravit-oshibku-prilozhenie-povrezhdeno-v-macos.mdx","Как исправить ошибку «Приложение повреждено» в macOS","macOS","6","3",""
"pass","src/content/errors/macos-bluetooth-na-mac-access-denied.mdx","Bluetooth на Mac: показывает отказ в доступе","macOS","6","4",""
"pass","src/content/errors/macos-bluetooth-na-mac-crash-on-open.mdx","Bluetooth на Mac: падает при открытии файла или проекта","macOS","6","4",""
"pass","src/content/errors/macos-bluetooth-na-mac-does-not-start.mdx","Bluetooth на Mac: не запускается после обновления","macOS","6","4",""
"pass","src/content/errors/macos-bluetooth-na-mac-settings-reset.mdx","Bluetooth на Mac: сбрасывает настройки после перезапуска","macOS","6","4",""
"pass","src/content/errors/macos-bluetooth-na-mac-slow-response.mdx","Bluetooth на Mac: работает заметно медленнее обычного","macOS","6","4",""
"pass","src/content/errors/macos-bluetooth-na-mac-update-loop.mdx","Bluetooth на Mac: застревает в цикле обновления","macOS","6","4",""
"pass","src/content/errors/macos-disk-utility-access-denied.mdx","Disk Utility: показывает отказ в доступе","macOS","6","4",""
"pass","src/content/errors/macos-disk-utility-crash-on-open.mdx","Disk Utility: падает при открытии файла или проекта","macOS","6","4",""
"pass","src/content/errors/macos-disk-utility-does-not-start.mdx","Disk Utility: не запускается после обновления","macOS","6","4",""
"pass","src/content/errors/macos-disk-utility-settings-reset.mdx","Disk Utility: сбрасывает настройки после перезапуска","macOS","6","4",""
"pass","src/content/errors/macos-disk-utility-slow-response.mdx","Disk Utility: работает заметно медленнее обычного","macOS","6","4",""
"pass","src/content/errors/macos-disk-utility-update-loop.mdx","Disk Utility: застревает в цикле обновления","macOS","6","4",""
"pass","src/content/errors/macos-finder-access-denied.mdx","Finder: показывает отказ в доступе","macOS","6","4",""
"pass","src/content/errors/macos-finder-config-error.mdx","Finder: ошибка конфигурации","macOS","6","4",""
"pass","src/content/errors/macos-finder-crash-on-open.mdx","Finder: падает при открытии файла или проекта","macOS","6","4",""
"pass","src/content/errors/macos-finder-crashes-after-update.mdx","Finder: вылетает после обновления","macOS","6","4",""
"pass","src/content/errors/macos-finder-does-not-start.mdx","Finder: не запускается после обновления","macOS","6","4",""
"pass","src/content/errors/macos-finder-high-cpu.mdx","Finder: нагружает процессор","macOS","6","4",""
"pass","src/content/errors/macos-finder-kernel-error-macos-kernel-panic-kak-ozhivit-finder-na-mac-esli-on-vyletaet-s-oshibk.mdx","Как оживить Finder на Mac, если он вылетает с ошибкой ядра (Kernel Error)","macOS","6","4",""
"pass","src/content/errors/macos-finder-ne-otkryvaetsya-prilozhenie.mdx","macOS Finder: не открывается приложение — как исправить","macOS","6","4",""
"pass","src/content/errors/macos-finder-ne-rabotaet-poisk.mdx","macOS Finder: не работает поиск — как исправить","macOS","6","4",""
"pass","src/content/errors/macos-finder-ne-sozdaetsya-rezervnaya-kopiya.mdx","macOS Finder: не создается резервная копия — как исправить","macOS","6","4",""
"pass","src/content/errors/macos-finder-network-timeout.mdx","Finder: ошибка подключения или тайм-аут","macOS","6","4",""
"pass","src/content/errors/macos-finder-oshibka-obnovleniya.mdx","macOS Finder: ошибка обновления — как исправить","macOS","6","4",""
"pass","src/content/errors/macos-finder-permission-denied.mdx","Finder: отказано в доступе","macOS","6","4",""
"pass","src/content/errors/macos-finder-settings-reset.mdx","Finder: сбрасывает настройки после перезапуска","macOS","6","4",""
"pass","src/content/errors/macos-finder-slow-response.mdx","Finder: работает заметно медленнее обычного","macOS","6","4",""
"pass","src/content/errors/macos-finder-sync-failed.mdx","Finder: не синхронизируется","macOS","6","4",""
"pass","src/content/errors/macos-finder-update-failed.mdx","Finder: ошибка обновления","macOS","6","4",""
"pass","src/content/errors/macos-finder-update-loop.mdx","Finder: застревает в цикле обновления","macOS","6","4",""
"pass","src/content/errors/macos-finder-wont-start.mdx","Finder: не запускается","macOS","6","4",""
"pass","src/content/errors/macos-icloud-drive-na-mac-access-denied.mdx","iCloud Drive на Mac: показывает отказ в доступе","macOS","6","4",""
"pass","src/content/errors/macos-icloud-drive-na-mac-crash-on-open.mdx","iCloud Drive на Mac: падает при открытии файла или проекта","macOS","6","4",""
"pass","src/content/errors/macos-icloud-drive-na-mac-does-not-start.mdx","iCloud Drive на Mac: не запускается после обновления","macOS","6","4",""
"pass","src/content/errors/macos-icloud-drive-na-mac-settings-reset.mdx","iCloud Drive на Mac: сбрасывает настройки после перезапуска","macOS","6","4",""
"pass","src/content/errors/macos-icloud-drive-na-mac-slow-response.mdx","iCloud Drive на Mac: работает заметно медленнее обычного","macOS","6","4",""
"pass","src/content/errors/macos-icloud-drive-na-mac-update-loop.mdx","iCloud Drive на Mac: застревает в цикле обновления","macOS","6","4",""
"pass","src/content/errors/macos-keychain-access-access-denied.mdx","Keychain Access: показывает отказ в доступе","macOS","6","4",""
"pass","src/content/errors/macos-keychain-access-crash-on-open.mdx","Keychain Access: падает при открытии файла или проекта","macOS","6","4",""
"pass","src/content/errors/macos-keychain-access-does-not-start.mdx","Keychain Access: не запускается после обновления","macOS","6","4",""
"pass","src/content/errors/macos-keychain-access-settings-reset.mdx","Keychain Access: сбрасывает настройки после перезапуска","macOS","6","4",""
"pass","src/content/errors/macos-keychain-access-slow-response.mdx","Keychain Access: работает заметно медленнее обычного","macOS","6","4",""
"pass","src/content/errors/macos-launch-services-access-denied.mdx","Launch Services: показывает отказ в доступе","macOS","6","4",""
"pass","src/content/errors/macos-launch-services-crash-on-open.mdx","Launch Services: падает при открытии файла или проекта","macOS","6","4",""
"pass","src/content/errors/macos-launch-services-does-not-start.mdx","Launch Services: не запускается после обновления","macOS","6","4",""
"pass","src/content/errors/macos-launch-services-settings-reset.mdx","Launch Services: сбрасывает настройки после перезапуска","macOS","6","4",""
"pass","src/content/errors/macos-launch-services-slow-response.mdx","Launch Services: работает заметно медленнее обычного","macOS","6","4",""
"pass","src/content/errors/macos-mac-app-damaged-kak-ispravit-oshibku-prilozhenie-povrezhdeno-v-macos.mdx","Как исправить ошибку «Приложение повреждено» на macOS","macOS","6","3",""
"pass","src/content/errors/macos-mac-app-store-access-denied.mdx","Mac App Store: показывает отказ в доступе","macOS","6","4",""
"pass","src/content/errors/macos-mac-app-store-crash-on-open.mdx","Mac App Store: падает при открытии файла или проекта","macOS","6","4",""
"pass","src/content/errors/macos-mac-app-store-does-not-start.mdx","Mac App Store: не запускается после обновления","macOS","6","4",""
"pass","src/content/errors/macos-mac-app-store-settings-reset.mdx","Mac App Store: сбрасывает настройки после перезапуска","macOS","6","4",""
"pass","src/content/errors/macos-mac-app-store-slow-response.mdx","Mac App Store: работает заметно медленнее обычного","macOS","6","4",""
"pass","src/content/errors/macos-mail-v-macos-access-denied.mdx","Mail в macOS: показывает отказ в доступе","macOS","6","4",""
"pass","src/content/errors/macos-mail-v-macos-crash-on-open.mdx","Mail в macOS: падает при открытии файла или проекта","macOS","6","4",""
"pass","src/content/errors/macos-mail-v-macos-does-not-start.mdx","Mail в macOS: не запускается после обновления","macOS","6","4",""
"pass","src/content/errors/macos-mail-v-macos-settings-reset.mdx","Mail в macOS: сбрасывает настройки после перезапуска","macOS","6","4",""
"pass","src/content/errors/macos-mail-v-macos-slow-response.mdx","Mail в macOS: работает заметно медленнее обычного","macOS","6","4",""
"pass","src/content/errors/macos-mail-v-macos-update-loop.mdx","Mail в macOS: застревает в цикле обновления","macOS","6","4",""
"pass","src/content/errors/macos-safari-v-macos-access-denied.mdx","Safari в macOS: показывает отказ в доступе","macOS","6","4",""
"pass","src/content/errors/macos-safari-v-macos-crash-on-open.mdx","Safari в macOS: падает при открытии файла или проекта","macOS","6","4",""
"pass","src/content/errors/macos-safari-v-macos-does-not-start.mdx","Safari в macOS: не запускается после обновления","macOS","6","4",""
"pass","src/content/errors/macos-safari-v-macos-settings-reset.mdx","Safari в macOS: сбрасывает настройки после перезапуска","macOS","6","4",""
"pass","src/content/errors/macos-safari-v-macos-slow-response.mdx","Safari в macOS: работает заметно медленнее обычного","macOS","6","4",""
"pass","src/content/errors/macos-safari-v-macos-update-loop.mdx","Safari в macOS: застревает в цикле обновления","macOS","6","4",""
"pass","src/content/errors/macos-spotlight-access-denied.mdx","Spotlight: показывает отказ в доступе","macOS","6","4",""
"pass","src/content/errors/macos-spotlight-crash-on-open.mdx","Spotlight: падает при открытии файла или проекта","macOS","6","4",""
"pass","src/content/errors/macos-spotlight-crashes-after-update.mdx","Spotlight: вылетает после обновления","macOS","6","4",""
"pass","src/content/errors/macos-spotlight-does-not-start.mdx","Spotlight: не запускается после обновления","macOS","6","4",""
"pass","src/content/errors/macos-spotlight-high-cpu.mdx","Spotlight: нагружает процессор","macOS","6","4",""
"pass","src/content/errors/macos-spotlight-network-timeout.mdx","Spotlight: ошибка подключения или тайм-аут","macOS","6","4",""
"pass","src/content/errors/macos-spotlight-permission-denied.mdx","Spotlight: отказано в доступе","macOS","6","4",""
"pass","src/content/errors/macos-spotlight-settings-reset.mdx","Spotlight: сбрасывает настройки после перезапуска","macOS","6","4",""
"pass","src/content/errors/macos-spotlight-slow-response.mdx","Spotlight: работает заметно медленнее обычного","macOS","6","4",""
"pass","src/content/errors/macos-spotlight-sync-failed.mdx","Spotlight: не синхронизируется","macOS","6","4",""
"pass","src/content/errors/macos-spotlight-update-failed.mdx","Spotlight: ошибка обновления","macOS","6","4",""
"pass","src/content/errors/macos-spotlight-update-loop.mdx","Spotlight: застревает в цикле обновления","macOS","6","4",""
"pass","src/content/errors/macos-spotlight-wont-start.mdx","Spotlight: не запускается","macOS","6","4",""
"pass","src/content/errors/macos-time-machine-access-denied.mdx","Time Machine: показывает отказ в доступе","macOS","6","4",""
"pass","src/content/errors/macos-time-machine-config-error.mdx","Time Machine: ошибка конфигурации","macOS","6","4",""
"pass","src/content/errors/macos-time-machine-crash-on-open.mdx","Time Machine: падает при открытии файла или проекта","macOS","6","4",""
"pass","src/content/errors/macos-time-machine-crashes-after-update.mdx","Time Machine: вылетает после обновления","macOS","6","4",""
"pass","src/content/errors/macos-time-machine-does-not-start.mdx","Time Machine: не запускается после обновления","macOS","6","4",""
"pass","src/content/errors/macos-time-machine-high-cpu.mdx","Time Machine: нагружает процессор","macOS","6","4",""
"pass","src/content/errors/macos-time-machine-network-timeout.mdx","Time Machine: ошибка подключения или тайм-аут","macOS","6","4",""
"pass","src/content/errors/macos-time-machine-permission-denied.mdx","Time Machine: отказано в доступе","macOS","6","4",""
"pass","src/content/errors/macos-time-machine-settings-reset.mdx","Time Machine: сбрасывает настройки после перезапуска","macOS","6","4",""
"pass","src/content/errors/macos-time-machine-slow-response.mdx","Time Machine: работает заметно медленнее обычного","macOS","6","4",""
"pass","src/content/errors/macos-time-machine-sync-failed.mdx","Time Machine: не синхронизируется","macOS","6","4",""
"pass","src/content/errors/macos-time-machine-update-failed.mdx","Time Machine: ошибка обновления","macOS","6","4",""
"pass","src/content/errors/macos-time-machine-update-loop.mdx","Time Machine: застревает в цикле обновления","macOS","6","4",""
"pass","src/content/errors/macos-time-machine-wont-start.mdx","Time Machine: не запускается","macOS","6","4",""
"pass","src/content/errors/makita-drill-greetsya-pri-rabote.mdx","Makita drill: греется при работе — как исправить","Электроинструмент","6","4",""
"pass","src/content/errors/makita-drill-iskrit-dvigatel.mdx","Makita drill: искрит двигатель — как исправить","Электроинструмент","6","4",""
"pass","src/content/errors/makita-drill-ne-vklyuchaetsya.mdx","Makita drill: не включается — как исправить","Электроинструмент","6","4",""
"pass","src/content/errors/makita-drill-ne-zaryazhaetsya-akkumulyator.mdx","Makita drill: не заряжается аккумулятор — как исправить","Электроинструмент","6","4",""
"pass","src/content/errors/makita-drill-teryaet-oboroty.mdx","Makita drill: теряет обороты — как исправить","Электроинструмент","6","4",""
"pass","src/content/errors/makita-drill-zaedaet-patron.mdx","Makita drill: заедает патрон — как исправить","Электроинструмент","6","4",""
"pass","src/content/errors/microwaves-ovens-bosch-duhovoy-shkaf-bad-smell.mdx","Bosch духовой шкаф: появился запах при работе","Микроволновки и духовки","6","4",""
"pass","src/content/errors/microwaves-ovens-bosch-duhovoy-shkaf-does-not-start.mdx","Bosch духовой шкаф: не запускается","Микроволновки и духовки","6","4",""
"pass","src/content/errors/microwaves-ovens-bosch-duhovoy-shkaf-error-code.mdx","Bosch духовой шкаф: показывает код ошибки","Микроволновки и духовки","6","4",""
"pass","src/content/errors/microwaves-ovens-bosch-duhovoy-shkaf-leaks-water.mdx","Bosch духовой шкаф: подтекает снизу или у двери","Микроволновки и духовки","6","4",""
"pass","src/content/errors/microwaves-ovens-bosch-duhovoy-shkaf-noise-vibration.mdx","Bosch духовой шкаф: шумит или вибрирует сильнее обычного","Микроволновки и духовки","6","4",""
"pass","src/content/errors/microwaves-ovens-bosch-duhovoy-shkaf-poor-result.mdx","Bosch духовой шкаф: плохо выполняет основную функцию","Микроволновки и духовки","6","4",""
"pass","src/content/errors/microwaves-ovens-bosch-duhovoy-shkaf-stops-mid-cycle.mdx","Bosch духовой шкаф: останавливается в середине цикла","Микроволновки и духовки","6","4",""
"pass","src/content/errors/microwaves-ovens-dverca-mikrovolnovki-bad-smell.mdx","дверца микроволновки: появился запах при работе","Микроволновки и духовки","6","3",""
"pass","src/content/errors/microwaves-ovens-dverca-mikrovolnovki-does-not-start.mdx","дверца микроволновки: не запускается","Микроволновки и духовки","6","3",""
"pass","src/content/errors/microwaves-ovens-dverca-mikrovolnovki-error-code.mdx","дверца микроволновки: показывает код ошибки","Микроволновки и духовки","6","3",""
"pass","src/content/errors/microwaves-ovens-dverca-mikrovolnovki-leaks-water.mdx","дверца микроволновки: подтекает снизу или у двери","Микроволновки и духовки","6","3",""
"pass","src/content/errors/microwaves-ovens-dverca-mikrovolnovki-noise-vibration.mdx","дверца микроволновки: шумит или вибрирует сильнее обычного","Микроволновки и духовки","6","3",""
"pass","src/content/errors/microwaves-ovens-dverca-mikrovolnovki-stops-mid-cycle.mdx","дверца микроволновки: останавливается в середине цикла","Микроволновки и духовки","6","3",""
"pass","src/content/errors/microwaves-ovens-electrolux-duhovka-bad-smell.mdx","Electrolux духовка: появился запах при работе","Микроволновки и духовки","6","4",""
"pass","src/content/errors/microwaves-ovens-electrolux-duhovka-does-not-start.mdx","Electrolux духовка: не запускается","Микроволновки и духовки","6","4",""
"pass","src/content/errors/microwaves-ovens-electrolux-duhovka-error-code.mdx","Electrolux духовка: показывает код ошибки","Микроволновки и духовки","6","4",""
"pass","src/content/errors/microwaves-ovens-electrolux-duhovka-leaks-water.mdx","Electrolux духовка: подтекает снизу или у двери","Микроволновки и духовки","6","4",""
"pass","src/content/errors/microwaves-ovens-electrolux-duhovka-noise-vibration.mdx","Electrolux духовка: шумит или вибрирует сильнее обычного","Микроволновки и духовки","6","4",""
"pass","src/content/errors/microwaves-ovens-electrolux-duhovka-stops-mid-cycle.mdx","Electrolux духовка: останавливается в середине цикла","Микроволновки и духовки","6","4",""
"pass","src/content/errors/microwaves-ovens-konvekcionnaya-duhovka-bad-smell.mdx","конвекционная духовка: появился запах при работе","Микроволновки и духовки","6","3",""
"pass","src/content/errors/microwaves-ovens-konvekcionnaya-duhovka-does-not-start.mdx","конвекционная духовка: не запускается","Микроволновки и духовки","6","3",""
"pass","src/content/errors/microwaves-ovens-konvekcionnaya-duhovka-error-code.mdx","конвекционная духовка: показывает код ошибки","Микроволновки и духовки","6","3",""
"pass","src/content/errors/microwaves-ovens-konvekcionnaya-duhovka-leaks-water.mdx","конвекционная духовка: подтекает снизу или у двери","Микроволновки и духовки","6","3",""
"pass","src/content/errors/microwaves-ovens-konvekcionnaya-duhovka-noise-vibration.mdx","конвекционная духовка: шумит или вибрирует сильнее обычного","Микроволновки и духовки","6","3",""
"pass","src/content/errors/microwaves-ovens-konvekcionnaya-duhovka-stops-mid-cycle.mdx","конвекционная духовка: останавливается в середине цикла","Микроволновки и духовки","6","3",""
"pass","src/content/errors/microwaves-ovens-lg-microwave-does-not-heat.mdx","LG microwave: не греет","Микроволновки и духовки","6","4",""
"pass","src/content/errors/microwaves-ovens-lg-microwave-error-code.mdx","LG microwave: показывает код ошибки","Микроволновки и духовки","6","4",""
"pass","src/content/errors/microwaves-ovens-lg-microwave-makes-noise.mdx","LG microwave: шумит или вибрирует","Микроволновки и духовки","6","4",""
"pass","src/content/errors/microwaves-ovens-lg-microwave-stops-mid-cycle.mdx","LG microwave: останавливается во время работы","Микроволновки и духовки","6","4",""
"pass","src/content/errors/microwaves-ovens-lg-microwave-wont-turn-on.mdx","LG microwave: не включается","Микроволновки и духовки","6","4",""
"pass","src/content/errors/microwaves-ovens-lg-mikrovolnovka-bad-smell.mdx","LG микроволновка: появился запах при работе","Микроволновки и духовки","6","4",""
"pass","src/content/errors/microwaves-ovens-lg-mikrovolnovka-does-not-start.mdx","LG микроволновка: не запускается","Микроволновки и духовки","6","4",""
"pass","src/content/errors/microwaves-ovens-lg-mikrovolnovka-error-code.mdx","LG микроволновка: показывает код ошибки","Микроволновки и духовки","6","4",""
"pass","src/content/errors/microwaves-ovens-lg-mikrovolnovka-leaks-water.mdx","LG микроволновка: подтекает снизу или у двери","Микроволновки и духовки","6","4",""
"pass","src/content/errors/microwaves-ovens-lg-mikrovolnovka-noise-vibration.mdx","LG микроволновка: шумит или вибрирует сильнее обычного","Микроволновки и духовки","6","4",""
"pass","src/content/errors/microwaves-ovens-lg-mikrovolnovka-poor-result.mdx","LG микроволновка: плохо выполняет основную функцию","Микроволновки и духовки","6","4",""
"pass","src/content/errors/microwaves-ovens-lg-mikrovolnovka-stops-mid-cycle.mdx","LG микроволновка: останавливается в середине цикла","Микроволновки и духовки","6","4",""
"pass","src/content/errors/microwaves-ovens-mikrovolnovka-s-grilem-bad-smell.mdx","микроволновка с грилем: появился запах при работе","Микроволновки и духовки","6","3",""
"pass","src/content/errors/microwaves-ovens-mikrovolnovka-s-grilem-does-not-start.mdx","микроволновка с грилем: не запускается","Микроволновки и духовки","6","3",""
"pass","src/content/errors/microwaves-ovens-mikrovolnovka-s-grilem-error-code.mdx","микроволновка с грилем: показывает код ошибки","Микроволновки и духовки","6","3",""
"pass","src/content/errors/microwaves-ovens-mikrovolnovka-s-grilem-leaks-water.mdx","микроволновка с грилем: подтекает снизу или у двери","Микроволновки и духовки","6","3",""
"pass","src/content/errors/microwaves-ovens-mikrovolnovka-s-grilem-noise-vibration.mdx","микроволновка с грилем: шумит или вибрирует сильнее обычного","Микроволновки и духовки","6","3",""
"pass","src/content/errors/microwaves-ovens-mikrovolnovka-s-grilem-stops-mid-cycle.mdx","микроволновка с грилем: останавливается в середине цикла","Микроволновки и духовки","6","3",""
"pass","src/content/errors/microwaves-ovens-samsung-microwave-does-not-heat.mdx","Samsung microwave: не греет","Микроволновки и духовки","6","4",""
"pass","src/content/errors/microwaves-ovens-samsung-microwave-error-code.mdx","Samsung microwave: показывает код ошибки","Микроволновки и духовки","6","4",""
"pass","src/content/errors/microwaves-ovens-samsung-microwave-makes-noise.mdx","Samsung microwave: шумит или вибрирует","Микроволновки и духовки","6","4",""
"pass","src/content/errors/microwaves-ovens-samsung-microwave-stops-mid-cycle.mdx","Samsung microwave: останавливается во время работы","Микроволновки и духовки","6","4",""
"pass","src/content/errors/microwaves-ovens-samsung-microwave-wont-turn-on.mdx","Samsung microwave: не включается","Микроволновки и духовки","6","4",""
"pass","src/content/errors/microwaves-ovens-samsung-mikrovolnovka-bad-smell.mdx","Samsung микроволновка: появился запах при работе","Микроволновки и духовки","6","4",""
"pass","src/content/errors/microwaves-ovens-samsung-mikrovolnovka-does-not-start.mdx","Samsung микроволновка: не запускается","Микроволновки и духовки","6","4",""
"pass","src/content/errors/microwaves-ovens-samsung-mikrovolnovka-error-code.mdx","Samsung микроволновка: показывает код ошибки","Микроволновки и духовки","6","4",""
"pass","src/content/errors/microwaves-ovens-samsung-mikrovolnovka-leaks-water.mdx","Samsung микроволновка: подтекает снизу или у двери","Микроволновки и духовки","6","4",""
"pass","src/content/errors/microwaves-ovens-samsung-mikrovolnovka-noise-vibration.mdx","Samsung микроволновка: шумит или вибрирует сильнее обычного","Микроволновки и духовки","6","4",""
"pass","src/content/errors/microwaves-ovens-samsung-mikrovolnovka-poor-result.mdx","Samsung микроволновка: плохо выполняет основную функцию","Микроволновки и духовки","6","4",""
"pass","src/content/errors/microwaves-ovens-samsung-mikrovolnovka-stops-mid-cycle.mdx","Samsung микроволновка: останавливается в середине цикла","Микроволновки и духовки","6","4",""
"pass","src/content/errors/microwaves-ovens-siemens-duhovka-bad-smell.mdx","Siemens духовка: появился запах при работе","Микроволновки и духовки","6","4",""
"pass","src/content/errors/microwaves-ovens-siemens-duhovka-does-not-start.mdx","Siemens духовка: не запускается","Микроволновки и духовки","6","4",""
"pass","src/content/errors/microwaves-ovens-siemens-duhovka-error-code.mdx","Siemens духовка: показывает код ошибки","Микроволновки и духовки","6","4",""
"pass","src/content/errors/microwaves-ovens-siemens-duhovka-leaks-water.mdx","Siemens духовка: подтекает снизу или у двери","Микроволновки и духовки","6","4",""
"pass","src/content/errors/microwaves-ovens-siemens-duhovka-noise-vibration.mdx","Siemens духовка: шумит или вибрирует сильнее обычного","Микроволновки и духовки","6","4",""
"pass","src/content/errors/microwaves-ovens-siemens-duhovka-stops-mid-cycle.mdx","Siemens духовка: останавливается в середине цикла","Микроволновки и духовки","6","4",""
"pass","src/content/errors/microwaves-ovens-tarelka-mikrovolnovki-bad-smell.mdx","тарелка микроволновки: появился запах при работе","Микроволновки и духовки","6","3",""
"pass","src/content/errors/microwaves-ovens-tarelka-mikrovolnovki-does-not-start.mdx","тарелка микроволновки: не запускается","Микроволновки и духовки","6","3",""
"pass","src/content/errors/microwaves-ovens-tarelka-mikrovolnovki-error-code.mdx","тарелка микроволновки: показывает код ошибки","Микроволновки и духовки","6","3",""
"pass","src/content/errors/microwaves-ovens-tarelka-mikrovolnovki-leaks-water.mdx","тарелка микроволновки: подтекает снизу или у двери","Микроволновки и духовки","6","3",""
"pass","src/content/errors/microwaves-ovens-tarelka-mikrovolnovki-noise-vibration.mdx","тарелка микроволновки: шумит или вибрирует сильнее обычного","Микроволновки и духовки","6","3",""
"pass","src/content/errors/microwaves-ovens-tarelka-mikrovolnovki-stops-mid-cycle.mdx","тарелка микроволновки: останавливается в середине цикла","Микроволновки и духовки","6","3",""
"pass","src/content/errors/microwaves-ovens-taymer-duhovki-bad-smell.mdx","таймер духовки: появился запах при работе","Микроволновки и духовки","6","3",""
"pass","src/content/errors/microwaves-ovens-taymer-duhovki-does-not-start.mdx","таймер духовки: не запускается","Микроволновки и духовки","6","3",""
"pass","src/content/errors/microwaves-ovens-taymer-duhovki-error-code.mdx","таймер духовки: показывает код ошибки","Микроволновки и духовки","6","3",""
"pass","src/content/errors/microwaves-ovens-taymer-duhovki-leaks-water.mdx","таймер духовки: подтекает снизу или у двери","Микроволновки и духовки","6","3",""
"pass","src/content/errors/microwaves-ovens-taymer-duhovki-noise-vibration.mdx","таймер духовки: шумит или вибрирует сильнее обычного","Микроволновки и духовки","6","3",""
"pass","src/content/errors/microwaves-ovens-taymer-duhovki-stops-mid-cycle.mdx","таймер духовки: останавливается в середине цикла","Микроволновки и духовки","6","3",""
"pass","src/content/errors/microwaves-ovens-ventilyator-duhovki-bad-smell.mdx","вентилятор духовки: появился запах при работе","Микроволновки и духовки","6","3",""
"pass","src/content/errors/microwaves-ovens-ventilyator-duhovki-does-not-start.mdx","вентилятор духовки: не запускается","Микроволновки и духовки","6","3",""
"pass","src/content/errors/microwaves-ovens-ventilyator-duhovki-error-code.mdx","вентилятор духовки: показывает код ошибки","Микроволновки и духовки","6","3",""
"pass","src/content/errors/microwaves-ovens-ventilyator-duhovki-leaks-water.mdx","вентилятор духовки: подтекает снизу или у двери","Микроволновки и духовки","6","3",""
"pass","src/content/errors/microwaves-ovens-ventilyator-duhovki-noise-vibration.mdx","вентилятор духовки: шумит или вибрирует сильнее обычного","Микроволновки и духовки","6","3",""
"pass","src/content/errors/microwaves-ovens-ventilyator-duhovki-stops-mid-cycle.mdx","вентилятор духовки: останавливается в середине цикла","Микроволновки и духовки","6","3",""
"pass","src/content/errors/microwaves-ovens-vstraivaemaya-duhovka-bad-smell.mdx","встраиваемая духовка: появился запах при работе","Микроволновки и духовки","6","3",""
"pass","src/content/errors/microwaves-ovens-vstraivaemaya-duhovka-does-not-start.mdx","встраиваемая духовка: не запускается","Микроволновки и духовки","6","3",""
"pass","src/content/errors/microwaves-ovens-vstraivaemaya-duhovka-error-code.mdx","встраиваемая духовка: показывает код ошибки","Микроволновки и духовки","6","3",""
"pass","src/content/errors/microwaves-ovens-vstraivaemaya-duhovka-leaks-water.mdx","встраиваемая духовка: подтекает снизу или у двери","Микроволновки и духовки","6","3",""
"pass","src/content/errors/microwaves-ovens-vstraivaemaya-duhovka-noise-vibration.mdx","встраиваемая духовка: шумит или вибрирует сильнее обычного","Микроволновки и духовки","6","3",""
"pass","src/content/errors/microwaves-ovens-vstraivaemaya-duhovka-stops-mid-cycle.mdx","встраиваемая духовка: останавливается в середине цикла","Микроволновки и духовки","6","3",""
"pass","src/content/errors/minecraft-not-launching-fix.mdx","Minecraft не запускается: исправление ошибок Java Edition","Игры","6","4",""
"pass","src/content/errors/mobile-akkumulyator-smartfona-access-denied.mdx","аккумулятор смартфона: показывает отказ в доступе","Мобильные устройства","6","3",""
"pass","src/content/errors/mobile-akkumulyator-smartfona-crash-on-open.mdx","аккумулятор смартфона: падает при открытии файла или проекта","Мобильные устройства","6","3",""
"pass","src/content/errors/mobile-akkumulyator-smartfona-does-not-start.mdx","аккумулятор смартфона: не запускается после обновления","Мобильные устройства","6","3",""
"pass","src/content/errors/mobile-akkumulyator-smartfona-settings-reset.mdx","аккумулятор смартфона: сбрасывает настройки после перезапуска","Мобильные устройства","6","3",""
"pass","src/content/errors/mobile-akkumulyator-smartfona-slow-response.mdx","аккумулятор смартфона: работает заметно медленнее обычного","Мобильные устройства","6","3",""
"pass","src/content/errors/mobile-android-play-store-config-error.mdx","Android Play Store: ошибка конфигурации","Мобильные устройства","6","3",""
"pass","src/content/errors/mobile-android-play-store-crashes-after-update.mdx","Android Play Store: вылетает после обновления","Мобильные устройства","6","3",""
"pass","src/content/errors/mobile-android-play-store-high-cpu.mdx","Android Play Store: нагружает процессор","Мобильные устройства","6","3",""
"pass","src/content/errors/mobile-android-play-store-network-timeout.mdx","Android Play Store: ошибка подключения или тайм-аут","Мобильные устройства","6","3",""
"pass","src/content/errors/mobile-android-play-store-permission-denied.mdx","Android Play Store: отказано в доступе","Мобильные устройства","6","3",""
"pass","src/content/errors/mobile-android-play-store-sync-failed.mdx","Android Play Store: не синхронизируется","Мобильные устройства","6","3",""
"pass","src/content/errors/mobile-android-play-store-update-failed.mdx","Android Play Store: ошибка обновления","Мобильные устройства","6","3",""
"pass","src/content/errors/mobile-android-play-store-wont-start.mdx","Android Play Store: не запускается","Мобильные устройства","6","3",""
"pass","src/content/errors/mobile-android-prilozhenie-access-denied.mdx","Android приложение: показывает отказ в доступе","Мобильные устройства","6","3",""
"pass","src/content/errors/mobile-android-prilozhenie-crash-on-open.mdx","Android приложение: падает при открытии файла или проекта","Мобильные устройства","6","3",""
"pass","src/content/errors/mobile-android-prilozhenie-does-not-start.mdx","Android приложение: не запускается после обновления","Мобильные устройства","6","3",""
"pass","src/content/errors/mobile-android-prilozhenie-settings-reset.mdx","Android приложение: сбрасывает настройки после перезапуска","Мобильные устройства","6","3",""
"pass","src/content/errors/mobile-android-prilozhenie-slow-response.mdx","Android приложение: работает заметно медленнее обычного","Мобильные устройства","6","3",""
"pass","src/content/errors/mobile-android-prilozhenie-update-loop.mdx","Android приложение: застревает в цикле обновления","Мобильные устройства","6","3",""
"pass","src/content/errors/mobile-android-usb-006.mdx","Android: не подключается USB — как исправить","Мобильные устройства","7","4",""
"pass","src/content/errors/mobile-app-store-access-denied.mdx","App Store: показывает отказ в доступе","Мобильные устройства","6","3",""
"pass","src/content/errors/mobile-app-store-crash-on-open.mdx","App Store: падает при открытии файла или проекта","Мобильные устройства","6","3",""
"pass","src/content/errors/mobile-app-store-does-not-start.mdx","App Store: не запускается после обновления","Мобильные устройства","6","3",""
"pass","src/content/errors/mobile-app-store-settings-reset.mdx","App Store: сбрасывает настройки после перезапуска","Мобильные устройства","6","3",""
"pass","src/content/errors/mobile-app-store-slow-response.mdx","App Store: работает заметно медленнее обычного","Мобильные устройства","6","3",""
"pass","src/content/errors/mobile-bluetooth-na-telefone-access-denied.mdx","Bluetooth на телефоне: показывает отказ в доступе","Мобильные устройства","6","3",""
"pass","src/content/errors/mobile-bluetooth-na-telefone-crash-on-open.mdx","Bluetooth на телефоне: падает при открытии файла или проекта","Мобильные устройства","6","3",""
"pass","src/content/errors/mobile-bluetooth-na-telefone-does-not-start.mdx","Bluetooth на телефоне: не запускается после обновления","Мобильные устройства","6","3",""
"pass","src/content/errors/mobile-bluetooth-na-telefone-settings-reset.mdx","Bluetooth на телефоне: сбрасывает настройки после перезапуска","Мобильные устройства","6","3",""
"pass","src/content/errors/mobile-bluetooth-na-telefone-slow-response.mdx","Bluetooth на телефоне: работает заметно медленнее обычного","Мобильные устройства","6","3",""
"pass","src/content/errors/mobile-bluetooth-na-telefone-update-loop.mdx","Bluetooth на телефоне: застревает в цикле обновления","Мобильные устройства","6","3",""
"pass","src/content/errors/mobile-geolokaciya-telefona-access-denied.mdx","геолокация телефона: показывает отказ в доступе","Мобильные устройства","6","3",""
"pass","src/content/errors/mobile-geolokaciya-telefona-crash-on-open.mdx","геолокация телефона: падает при открытии файла или проекта","Мобильные устройства","6","3",""
"pass","src/content/errors/mobile-geolokaciya-telefona-does-not-start.mdx","геолокация телефона: не запускается после обновления","Мобильные устройства","6","3",""
"pass","src/content/errors/mobile-geolokaciya-telefona-settings-reset.mdx","геолокация телефона: сбрасывает настройки после перезапуска","Мобильные устройства","6","3",""
"pass","src/content/errors/mobile-geolokaciya-telefona-slow-response.mdx","геолокация телефона: работает заметно медленнее обычного","Мобильные устройства","6","3",""
"pass","src/content/errors/mobile-geolokaciya-telefona-update-loop.mdx","геолокация телефона: застревает в цикле обновления","Мобильные устройства","6","3",""
"pass","src/content/errors/mobile-google-play-access-denied.mdx","Google Play: показывает отказ в доступе","Мобильные устройства","6","3",""
"pass","src/content/errors/mobile-google-play-crash-on-open.mdx","Google Play: падает при открытии файла или проекта","Мобильные устройства","6","3",""
"pass","src/content/errors/mobile-google-play-does-not-start.mdx","Google Play: не запускается после обновления","Мобильные устройства","6","3",""
"pass","src/content/errors/mobile-google-play-settings-reset.mdx","Google Play: сбрасывает настройки после перезапуска","Мобильные устройства","6","3",""
"pass","src/content/errors/mobile-google-play-slow-response.mdx","Google Play: работает заметно медленнее обычного","Мобильные устройства","6","3",""
"pass","src/content/errors/mobile-google-play-update-loop.mdx","Google Play: застревает в цикле обновления","Мобильные устройства","6","3",""
"pass","src/content/errors/mobile-iphone-backup-crashes-after-update.mdx","iPhone Backup: вылетает после обновления","Мобильные устройства","6","3",""
"pass","src/content/errors/mobile-iphone-backup-permission-denied.mdx","iPhone Backup: отказано в доступе","Мобильные устройства","6","3",""
"pass","src/content/errors/mobile-iphone-backup-wont-start.mdx","iPhone Backup: не запускается","Мобильные устройства","6","3",""
"pass","src/content/errors/mobile-iphone-prilozhenie-access-denied.mdx","iPhone приложение: показывает отказ в доступе","Мобильные устройства","6","3",""
"pass","src/content/errors/mobile-iphone-prilozhenie-crash-on-open.mdx","iPhone приложение: падает при открытии файла или проекта","Мобильные устройства","6","3",""
"pass","src/content/errors/mobile-iphone-prilozhenie-does-not-start.mdx","iPhone приложение: не запускается после обновления","Мобильные устройства","6","3",""
"pass","src/content/errors/mobile-iphone-prilozhenie-settings-reset.mdx","iPhone приложение: сбрасывает настройки после перезапуска","Мобильные устройства","6","3",""
"pass","src/content/errors/mobile-iphone-prilozhenie-slow-response.mdx","iPhone приложение: работает заметно медленнее обычного","Мобильные устройства","6","3",""
"pass","src/content/errors/mobile-iphone-prilozhenie-update-loop.mdx","iPhone приложение: застревает в цикле обновления","Мобильные устройства","6","3",""
"pass","src/content/errors/mobile-iphone-usb-014.mdx","iPhone: не подключается USB — как исправить","Мобильные устройства","7","4",""
"pass","src/content/errors/mobile-kamera-telefona-access-denied.mdx","камера телефона: показывает отказ в доступе","Мобильные устройства","6","3",""
"pass","src/content/errors/mobile-kamera-telefona-crash-on-open.mdx","камера телефона: падает при открытии файла или проекта","Мобильные устройства","6","3",""
"pass","src/content/errors/mobile-kamera-telefona-does-not-start.mdx","камера телефона: не запускается после обновления","Мобильные устройства","6","3",""
"pass","src/content/errors/mobile-kamera-telefona-settings-reset.mdx","камера телефона: сбрасывает настройки после перезапуска","Мобильные устройства","6","3",""
"pass","src/content/errors/mobile-kamera-telefona-slow-response.mdx","камера телефона: работает заметно медленнее обычного","Мобильные устройства","6","3",""
"pass","src/content/errors/mobile-kamera-telefona-update-loop.mdx","камера телефона: застревает в цикле обновления","Мобильные устройства","6","3",""
"pass","src/content/errors/mobile-mobilnyy-internet-access-denied.mdx","мобильный интернет: показывает отказ в доступе","Мобильные устройства","6","3",""
"pass","src/content/errors/mobile-mobilnyy-internet-crash-on-open.mdx","мобильный интернет: падает при открытии файла или проекта","Мобильные устройства","6","3",""
"pass","src/content/errors/mobile-mobilnyy-internet-does-not-start.mdx","мобильный интернет: не запускается после обновления","Мобильные устройства","6","3",""
"pass","src/content/errors/mobile-mobilnyy-internet-settings-reset.mdx","мобильный интернет: сбрасывает настройки после перезапуска","Мобильные устройства","6","3",""
"pass","src/content/errors/mobile-mobilnyy-internet-slow-response.mdx","мобильный интернет: работает заметно медленнее обычного","Мобильные устройства","6","3",""
"pass","src/content/errors/mobile-mobilnyy-internet-update-loop.mdx","мобильный интернет: застревает в цикле обновления","Мобильные устройства","6","3",""
"pass","src/content/errors/mobile-push-uvedomleniya-access-denied.mdx","push уведомления: показывает отказ в доступе","Мобильные устройства","6","3",""
"pass","src/content/errors/mobile-push-uvedomleniya-crash-on-open.mdx","push уведомления: падает при открытии файла или проекта","Мобильные устройства","6","3",""
"pass","src/content/errors/mobile-push-uvedomleniya-does-not-start.mdx","push уведомления: не запускается после обновления","Мобильные устройства","6","3",""
"pass","src/content/errors/mobile-push-uvedomleniya-settings-reset.mdx","push уведомления: сбрасывает настройки после перезапуска","Мобильные устройства","6","3",""
"pass","src/content/errors/mobile-push-uvedomleniya-slow-response.mdx","push уведомления: работает заметно медленнее обычного","Мобильные устройства","6","3",""
"pass","src/content/errors/mobile-push-uvedomleniya-update-loop.mdx","push уведомления: застревает в цикле обновления","Мобильные устройства","6","3",""
"pass","src/content/errors/mobile-rezervnaya-kopiya-telefona-access-denied.mdx","резервная копия телефона: показывает отказ в доступе","Мобильные устройства","6","3",""
"pass","src/content/errors/mobile-rezervnaya-kopiya-telefona-crash-on-open.mdx","резервная копия телефона: падает при открытии файла или проекта","Мобильные устройства","6","3",""
"pass","src/content/errors/mobile-rezervnaya-kopiya-telefona-does-not-start.mdx","резервная копия телефона: не запускается после обновления","Мобильные устройства","6","3",""
"pass","src/content/errors/mobile-rezervnaya-kopiya-telefona-settings-reset.mdx","резервная копия телефона: сбрасывает настройки после перезапуска","Мобильные устройства","6","3",""
"pass","src/content/errors/mobile-rezervnaya-kopiya-telefona-slow-response.mdx","резервная копия телефона: работает заметно медленнее обычного","Мобильные устройства","6","3",""
"pass","src/content/errors/mobile-wi-fi-na-smartfone-access-denied.mdx","Wi-Fi на смартфоне: показывает отказ в доступе","Мобильные устройства","6","3",""
"pass","src/content/errors/mobile-wi-fi-na-smartfone-crash-on-open.mdx","Wi-Fi на смартфоне: падает при открытии файла или проекта","Мобильные устройства","6","3",""
"pass","src/content/errors/mobile-wi-fi-na-smartfone-does-not-start.mdx","Wi-Fi на смартфоне: не запускается после обновления","Мобильные устройства","6","3",""
"pass","src/content/errors/mobile-wi-fi-na-smartfone-settings-reset.mdx","Wi-Fi на смартфоне: сбрасывает настройки после перезапуска","Мобильные устройства","6","3",""
"pass","src/content/errors/mobile-wi-fi-na-smartfone-slow-response.mdx","Wi-Fi на смартфоне: работает заметно медленнее обычного","Мобильные устройства","6","3",""
"pass","src/content/errors/mobile-wi-fi-na-smartfone-update-loop.mdx","Wi-Fi на смартфоне: застревает в цикле обновления","Мобильные устройства","6","3",""
"pass","src/content/errors/mysql-connection-refused.mdx","MySQL Connection refused: как исправить ошибку подключения к базе данных","Базы данных","6","4",""
"pass","src/content/errors/mysql-medlennyy-zapros.mdx","MySQL: медленный запрос — как исправить","Базы данных","6","4",""
"pass","src/content/errors/mysql-ne-prohodit-migratsiya.mdx","MySQL: не проходит миграция — как исправить","Базы данных","6","4",""
"pass","src/content/errors/mysql-ne-zapuskaetsya-posle-obnovleniya.mdx","MySQL: не запускается после обновления — как исправить","Базы данных","6","4",""
"pass","src/content/errors/mysql-oshibka-podklyucheniya.mdx","MySQL: ошибка подключения — как исправить","Базы данных","6","4",""
"pass","src/content/errors/mysql-povrezhden-indeks.mdx","MySQL: поврежден индекс — как исправить","Базы данных","6","4",""
"pass","src/content/errors/network-dhcp-client-config-error.mdx","DHCP Client: ошибка конфигурации","Сеть","6","4",""
"pass","src/content/errors/network-dhcp-client-crashes-after-update.mdx","DHCP Client: вылетает после обновления","Сеть","6","4",""
"pass","src/content/errors/network-dhcp-client-high-cpu.mdx","DHCP Client: нагружает процессор","Сеть","6","4",""
"pass","src/content/errors/network-dhcp-client-network-timeout.mdx","DHCP Client: ошибка подключения или тайм-аут","Сеть","6","4",""
"pass","src/content/errors/network-dhcp-client-permission-denied.mdx","DHCP Client: отказано в доступе","Сеть","6","4",""
"pass","src/content/errors/network-dhcp-client-sync-failed.mdx","DHCP Client: не синхронизируется","Сеть","6","4",""
"pass","src/content/errors/network-dhcp-client-update-failed.mdx","DHCP Client: ошибка обновления","Сеть","6","4",""
"pass","src/content/errors/network-dhcp-client-wont-start.mdx","DHCP Client: не запускается","Сеть","6","4",""
"pass","src/content/errors/network-dhcp-ip-271.mdx","DHCP: не выдает IP — как исправить","Сеть","7","4",""
"pass","src/content/errors/network-dhcp-ping-275.mdx","DHCP: высокий ping — как исправить","Сеть","7","4",""
"pass","src/content/errors/network-dhcp-server-access-denied.mdx","DHCP сервер: показывает отказ в доступе","Сеть","6","3",""
"pass","src/content/errors/network-dhcp-server-crash-on-open.mdx","DHCP сервер: падает при открытии файла или проекта","Сеть","6","3",""
"pass","src/content/errors/network-dhcp-server-does-not-start.mdx","DHCP сервер: не запускается после обновления","Сеть","6","3",""
"pass","src/content/errors/network-dhcp-server-settings-reset.mdx","DHCP сервер: сбрасывает настройки после перезапуска","Сеть","6","3",""
"pass","src/content/errors/network-dhcp-server-slow-response.mdx","DHCP сервер: работает заметно медленнее обычного","Сеть","6","3",""
"pass","src/content/errors/network-dhcp-server-update-loop.mdx","DHCP сервер: застревает в цикле обновления","Сеть","6","3",""
"pass","src/content/errors/network-dns-ip-266.mdx","DNS: не выдает IP — как исправить","Сеть","7","4",""
"pass","src/content/errors/network-dns-ping-270.mdx","DNS: высокий ping — как исправить","Сеть","7","4",""
"pass","src/content/errors/network-dns-resolver-config-error.mdx","DNS Resolver: ошибка конфигурации","Сеть","6","4",""
"pass","src/content/errors/network-dns-resolver-crashes-after-update.mdx","DNS Resolver: вылетает после обновления","Сеть","6","4",""
"pass","src/content/errors/network-dns-resolver-high-cpu.mdx","DNS Resolver: нагружает процессор","Сеть","6","4",""
"pass","src/content/errors/network-dns-resolver-network-timeout.mdx","DNS Resolver: ошибка подключения или тайм-аут","Сеть","6","4",""
"pass","src/content/errors/network-dns-resolver-permission-denied.mdx","DNS Resolver: отказано в доступе","Сеть","6","4",""
"pass","src/content/errors/network-dns-resolver-sync-failed.mdx","DNS Resolver: не синхронизируется","Сеть","6","4",""
"pass","src/content/errors/network-dns-resolver-update-failed.mdx","DNS Resolver: ошибка обновления","Сеть","6","4",""
"pass","src/content/errors/network-dns-resolver-wont-start.mdx","DNS Resolver: не запускается","Сеть","6","4",""
"pass","src/content/errors/network-dns-rezolver-access-denied.mdx","DNS резолвер: показывает отказ в доступе","Сеть","6","3",""
"pass","src/content/errors/network-dns-rezolver-crash-on-open.mdx","DNS резолвер: падает при открытии файла или проекта","Сеть","6","3",""
"pass","src/content/errors/network-dns-rezolver-does-not-start.mdx","DNS резолвер: не запускается после обновления","Сеть","6","3",""
"pass","src/content/errors/network-dns-rezolver-settings-reset.mdx","DNS резолвер: сбрасывает настройки после перезапуска","Сеть","6","3",""
"pass","src/content/errors/network-dns-rezolver-slow-response.mdx","DNS резолвер: работает заметно медленнее обычного","Сеть","6","3",""
"pass","src/content/errors/network-dns-rezolver-update-loop.mdx","DNS резолвер: застревает в цикле обновления","Сеть","6","3",""
"pass","src/content/errors/network-domashnyaya-set-access-denied.mdx","домашняя сеть: показывает отказ в доступе","Сеть","6","3",""
"pass","src/content/errors/network-domashnyaya-set-crash-on-open.mdx","домашняя сеть: падает при открытии файла или проекта","Сеть","6","3",""
"pass","src/content/errors/network-domashnyaya-set-does-not-start.mdx","домашняя сеть: не запускается после обновления","Сеть","6","3",""
"pass","src/content/errors/network-domashnyaya-set-settings-reset.mdx","домашняя сеть: сбрасывает настройки после перезапуска","Сеть","6","3",""
"pass","src/content/errors/network-domashnyaya-set-slow-response.mdx","домашняя сеть: работает заметно медленнее обычного","Сеть","6","3",""
"pass","src/content/errors/network-domashnyaya-set-update-loop.mdx","домашняя сеть: застревает в цикле обновления","Сеть","6","3",""
"pass","src/content/errors/network-ethernet-podklyuchenie-access-denied.mdx","Ethernet подключение: показывает отказ в доступе","Сеть","6","3",""
"pass","src/content/errors/network-ethernet-podklyuchenie-crash-on-open.mdx","Ethernet подключение: падает при открытии файла или проекта","Сеть","6","3",""
"pass","src/content/errors/network-ethernet-podklyuchenie-does-not-start.mdx","Ethernet подключение: не запускается после обновления","Сеть","6","3",""
"pass","src/content/errors/network-ethernet-podklyuchenie-settings-reset.mdx","Ethernet подключение: сбрасывает настройки после перезапуска","Сеть","6","3",""
"pass","src/content/errors/network-ethernet-podklyuchenie-slow-response.mdx","Ethernet подключение: работает заметно медленнее обычного","Сеть","6","3",""
"pass","src/content/errors/network-ethernet-podklyuchenie-update-loop.mdx","Ethernet подключение: застревает в цикле обновления","Сеть","6","3",""
"pass","src/content/errors/network-gostevaya-set-access-denied.mdx","гостевая сеть: показывает отказ в доступе","Сеть","6","3",""
"pass","src/content/errors/network-gostevaya-set-crash-on-open.mdx","гостевая сеть: падает при открытии файла или проекта","Сеть","6","3",""
"pass","src/content/errors/network-gostevaya-set-does-not-start.mdx","гостевая сеть: не запускается после обновления","Сеть","6","3",""
"pass","src/content/errors/network-gostevaya-set-settings-reset.mdx","гостевая сеть: сбрасывает настройки после перезапуска","Сеть","6","3",""
"pass","src/content/errors/network-gostevaya-set-slow-response.mdx","гостевая сеть: работает заметно медленнее обычного","Сеть","6","3",""
"pass","src/content/errors/network-ip-kamera-access-denied.mdx","IP камера: показывает отказ в доступе","Сеть","6","3",""
"pass","src/content/errors/network-ip-kamera-crash-on-open.mdx","IP камера: падает при открытии файла или проекта","Сеть","6","3",""
"pass","src/content/errors/network-ip-kamera-does-not-start.mdx","IP камера: не запускается после обновления","Сеть","6","3",""
"pass","src/content/errors/network-ip-kamera-settings-reset.mdx","IP камера: сбрасывает настройки после перезапуска","Сеть","6","3",""
"pass","src/content/errors/network-ip-kamera-slow-response.mdx","IP камера: работает заметно медленнее обычного","Сеть","6","3",""
"pass","src/content/errors/network-mesh-wi-fi-access-denied.mdx","mesh Wi-Fi: показывает отказ в доступе","Сеть","6","3",""
"pass","src/content/errors/network-mesh-wi-fi-crash-on-open.mdx","mesh Wi-Fi: падает при открытии файла или проекта","Сеть","6","3",""
"pass","src/content/errors/network-mesh-wi-fi-does-not-start.mdx","mesh Wi-Fi: не запускается после обновления","Сеть","6","3",""
"pass","src/content/errors/network-mesh-wi-fi-settings-reset.mdx","mesh Wi-Fi: сбрасывает настройки после перезапуска","Сеть","6","3",""
"pass","src/content/errors/network-mesh-wi-fi-slow-response.mdx","mesh Wi-Fi: работает заметно медленнее обычного","Сеть","6","3",""
"pass","src/content/errors/network-mesh-wi-fi-update-loop.mdx","mesh Wi-Fi: застревает в цикле обновления","Сеть","6","3",""
"pass","src/content/errors/network-nas-v-seti-access-denied.mdx","NAS в сети: показывает отказ в доступе","Сеть","6","3",""
"pass","src/content/errors/network-nas-v-seti-crash-on-open.mdx","NAS в сети: падает при открытии файла или проекта","Сеть","6","3",""
"pass","src/content/errors/network-nas-v-seti-does-not-start.mdx","NAS в сети: не запускается после обновления","Сеть","6","3",""
"pass","src/content/errors/network-nas-v-seti-settings-reset.mdx","NAS в сети: сбрасывает настройки после перезапуска","Сеть","6","3",""
"pass","src/content/errors/network-nas-v-seti-slow-response.mdx","NAS в сети: работает заметно медленнее обычного","Сеть","6","3",""
"pass","src/content/errors/network-openvpn-crashes-after-update.mdx","OpenVPN: вылетает после обновления","Сеть","6","4",""
"pass","src/content/errors/network-openvpn-permission-denied.mdx","OpenVPN: отказано в доступе","Сеть","6","4",""
"pass","src/content/errors/network-openvpn-sync-failed.mdx","OpenVPN: не синхронизируется","Сеть","6","4",""
"pass","src/content/errors/network-openvpn-wont-start.mdx","OpenVPN: не запускается","Сеть","6","4",""
"pass","src/content/errors/network-port-forwarding-access-denied.mdx","порт forwarding: показывает отказ в доступе","Сеть","6","3",""
"pass","src/content/errors/network-port-forwarding-crash-on-open.mdx","порт forwarding: падает при открытии файла или проекта","Сеть","6","3",""
"pass","src/content/errors/network-port-forwarding-does-not-start.mdx","порт forwarding: не запускается после обновления","Сеть","6","3",""
"pass","src/content/errors/network-port-forwarding-settings-reset.mdx","порт forwarding: сбрасывает настройки после перезапуска","Сеть","6","3",""
"pass","src/content/errors/network-port-forwarding-slow-response.mdx","порт forwarding: работает заметно медленнее обычного","Сеть","6","3",""
"pass","src/content/errors/network-port-forwarding-update-loop.mdx","порт forwarding: застревает в цикле обновления","Сеть","6","3",""
"pass","src/content/errors/network-setevoy-printer-access-denied.mdx","сетевой принтер: показывает отказ в доступе","Сеть","6","3",""
"pass","src/content/errors/network-setevoy-printer-crash-on-open.mdx","сетевой принтер: падает при открытии файла или проекта","Сеть","6","3",""
"pass","src/content/errors/network-setevoy-printer-does-not-start.mdx","сетевой принтер: не запускается после обновления","Сеть","6","3",""
"pass","src/content/errors/network-setevoy-printer-settings-reset.mdx","сетевой принтер: сбрасывает настройки после перезапуска","Сеть","6","3",""
"pass","src/content/errors/network-setevoy-printer-slow-response.mdx","сетевой принтер: работает заметно медленнее обычного","Сеть","6","3",""
"pass","src/content/errors/network-vpn-tunnel-access-denied.mdx","VPN туннель: показывает отказ в доступе","Сеть","6","3",""
"pass","src/content/errors/network-vpn-tunnel-crash-on-open.mdx","VPN туннель: падает при открытии файла или проекта","Сеть","6","3",""
"pass","src/content/errors/network-vpn-tunnel-does-not-start.mdx","VPN туннель: не запускается после обновления","Сеть","6","3",""
"pass","src/content/errors/network-vpn-tunnel-settings-reset.mdx","VPN туннель: сбрасывает настройки после перезапуска","Сеть","6","3",""
"pass","src/content/errors/network-vpn-tunnel-slow-response.mdx","VPN туннель: работает заметно медленнее обычного","Сеть","6","3",""
"pass","src/content/errors/network-vpn-tunnel-update-loop.mdx","VPN туннель: застревает в цикле обновления","Сеть","6","3",""
"pass","src/content/errors/network-wi-fi-router-access-denied.mdx","Wi-Fi роутер: показывает отказ в доступе","Сеть","6","3",""
"pass","src/content/errors/network-wi-fi-router-crash-on-open.mdx","Wi-Fi роутер: падает при открытии файла или проекта","Сеть","6","3",""
"pass","src/content/errors/network-wi-fi-router-does-not-start.mdx","Wi-Fi роутер: не запускается после обновления","Сеть","6","3",""
"pass","src/content/errors/network-wi-fi-router-settings-reset.mdx","Wi-Fi роутер: сбрасывает настройки после перезапуска","Сеть","6","3",""
"pass","src/content/errors/network-wi-fi-router-slow-response.mdx","Wi-Fi роутер: работает заметно медленнее обычного","Сеть","6","3",""
"pass","src/content/errors/network-wi-fi-router-update-loop.mdx","Wi-Fi роутер: застревает в цикле обновления","Сеть","6","3",""
"pass","src/content/errors/nfs-mount-failed-linux.mdx","NFS mount failed: как исправить ошибку монтирования NFS в Linux","Linux","6","4",""
"pass","src/content/errors/npm-eacces-permission-fix.mdx","npm ERR! EACCES: как исправить ошибку доступа при установке пакетов","Программирование","6","4",""
"pass","src/content/errors/npm-enoent-package-json.mdx","npm ERR! enoent: нет package.json в текущей папке","Веб-разработка","6","3",""
"pass","src/content/errors/nvidia-gpu-ne-opredelyaetsya-drayver.mdx","NVIDIA GPU: не определяется драйвер — как исправить","Оборудование","6","4",""
"pass","src/content/errors/nvidia-gpu-nizkaya-proizvoditelnost.mdx","NVIDIA GPU: низкая производительность — как исправить","Оборудование","6","4",""
"pass","src/content/errors/nvidia-gpu-oshibka-ustroystva.mdx","NVIDIA GPU: ошибка устройства — как исправить","Оборудование","6","4",""
"pass","src/content/errors/nvidia-gpu-otvalivaetsya-posle-sna.mdx","NVIDIA GPU: отваливается после сна — как исправить","Оборудование","6","4",""
"pass","src/content/errors/oborudovanie-nvidia-fps-drop-after-driver-update-ustranenie-nizkogo-fps-posle-obnovleniya-draive.mdx","Устранение низкого FPS после обновления драйверов NVIDIA","Оборудование","6","4",""
"pass","src/content/errors/oborudovanie-opengl-low-fps-after-update-fps-prosel-posle-obnovleniya-razbiraemsya-s-opengl-i-vo.mdx","FPS просел после обновления? Разбираемся с OpenGL и возвращаем кадры!","Оборудование","6","4",""
"pass","src/content/errors/oborudovanie-opengl-outofvideomemory-kak-reshit-problemu-opengl-ne-hvataet-videopamyati.mdx","Как решить проблему «OpenGL: не хватает видеопамяти»","Оборудование","6","3",""
"pass","src/content/errors/office-excel-kniga-access-denied.mdx","Excel книга: показывает отказ в доступе","Офисные программы","6","3",""
"pass","src/content/errors/office-excel-kniga-crash-on-open.mdx","Excel книга: падает при открытии файла или проекта","Офисные программы","6","3",""
"pass","src/content/errors/office-excel-kniga-does-not-start.mdx","Excel книга: не запускается после обновления","Офисные программы","6","3",""
"pass","src/content/errors/office-excel-kniga-settings-reset.mdx","Excel книга: сбрасывает настройки после перезапуска","Офисные программы","6","3",""
"pass","src/content/errors/office-excel-kniga-slow-response.mdx","Excel книга: работает заметно медленнее обычного","Офисные программы","6","3",""
"pass","src/content/errors/office-excel-kniga-update-loop.mdx","Excel книга: застревает в цикле обновления","Офисные программы","6","3",""
"pass","src/content/errors/office-google-docs-fayl-access-denied.mdx","Google Docs файл: показывает отказ в доступе","Офисные программы","6","3",""
"pass","src/content/errors/office-google-docs-fayl-crash-on-open.mdx","Google Docs файл: падает при открытии файла или проекта","Офисные программы","6","3",""
"pass","src/content/errors/office-google-docs-fayl-does-not-start.mdx","Google Docs файл: не запускается после обновления","Офисные программы","6","3",""
"pass","src/content/errors/office-google-docs-fayl-settings-reset.mdx","Google Docs файл: сбрасывает настройки после перезапуска","Офисные программы","6","3",""
"pass","src/content/errors/office-google-docs-fayl-slow-response.mdx","Google Docs файл: работает заметно медленнее обычного","Офисные программы","6","3",""
"pass","src/content/errors/office-google-docs-fayl-update-loop.mdx","Google Docs файл: застревает в цикле обновления","Офисные программы","6","3",""
"pass","src/content/errors/office-makros-excel-access-denied.mdx","макрос Excel: показывает отказ в доступе","Офисные программы","6","3",""
"pass","src/content/errors/office-makros-excel-crash-on-open.mdx","макрос Excel: падает при открытии файла или проекта","Офисные программы","6","3",""
"pass","src/content/errors/office-makros-excel-does-not-start.mdx","макрос Excel: не запускается после обновления","Офисные программы","6","3",""
"pass","src/content/errors/office-makros-excel-settings-reset.mdx","макрос Excel: сбрасывает настройки после перезапуска","Офисные программы","6","3",""
"pass","src/content/errors/office-makros-excel-slow-response.mdx","макрос Excel: работает заметно медленнее обычного","Офисные программы","6","3",""
"pass","src/content/errors/office-makros-excel-update-loop.mdx","макрос Excel: застревает в цикле обновления","Офисные программы","6","3",""
"pass","src/content/errors/office-microsoft-365-vhod-access-denied.mdx","Microsoft 365 вход: показывает отказ в доступе","Офисные программы","6","3",""
"pass","src/content/errors/office-microsoft-365-vhod-crash-on-open.mdx","Microsoft 365 вход: падает при открытии файла или проекта","Офисные программы","6","3",""
"pass","src/content/errors/office-microsoft-365-vhod-does-not-start.mdx","Microsoft 365 вход: не запускается после обновления","Офисные программы","6","3",""
"pass","src/content/errors/office-microsoft-365-vhod-settings-reset.mdx","Microsoft 365 вход: сбрасывает настройки после перезапуска","Офисные программы","6","3",""
"pass","src/content/errors/office-microsoft-365-vhod-slow-response.mdx","Microsoft 365 вход: работает заметно медленнее обычного","Офисные программы","6","3",""
"pass","src/content/errors/office-microsoft-excel-config-error.mdx","Microsoft Excel: ошибка конфигурации","Офисные программы","6","4",""
"pass","src/content/errors/office-microsoft-excel-crashes-after-update.mdx","Microsoft Excel: вылетает после обновления","Офисные программы","6","4",""
"pass","src/content/errors/office-microsoft-excel-high-cpu.mdx","Microsoft Excel: нагружает процессор","Офисные программы","6","4",""
"pass","src/content/errors/office-microsoft-excel-network-timeout.mdx","Microsoft Excel: ошибка подключения или тайм-аут","Офисные программы","6","4",""
"pass","src/content/errors/office-microsoft-excel-permission-denied.mdx","Microsoft Excel: отказано в доступе","Офисные программы","6","4",""
"pass","src/content/errors/office-microsoft-excel-sync-failed.mdx","Microsoft Excel: не синхронизируется","Офисные программы","6","4",""
"pass","src/content/errors/office-microsoft-excel-update-failed.mdx","Microsoft Excel: ошибка обновления","Офисные программы","6","4",""
"pass","src/content/errors/office-microsoft-excel-wont-start.mdx","Microsoft Excel: не запускается","Офисные программы","6","4",""
"pass","src/content/errors/office-microsoft-word-config-error.mdx","Microsoft Word: ошибка конфигурации","Офисные программы","6","4",""
"pass","src/content/errors/office-microsoft-word-crashes-after-update.mdx","Microsoft Word: вылетает после обновления","Офисные программы","6","4",""
"pass","src/content/errors/office-microsoft-word-dokument-access-denied.mdx","Microsoft Word документ: показывает отказ в доступе","Офисные программы","6","3",""
"pass","src/content/errors/office-microsoft-word-dokument-crash-on-open.mdx","Microsoft Word документ: падает при открытии файла или проекта","Офисные программы","6","3",""
"pass","src/content/errors/office-microsoft-word-dokument-does-not-start.mdx","Microsoft Word документ: не запускается после обновления","Офисные программы","6","3",""
"pass","src/content/errors/office-microsoft-word-dokument-settings-reset.mdx","Microsoft Word документ: сбрасывает настройки после перезапуска","Офисные программы","6","3",""
"pass","src/content/errors/office-microsoft-word-dokument-slow-response.mdx","Microsoft Word документ: работает заметно медленнее обычного","Офисные программы","6","3",""
"pass","src/content/errors/office-microsoft-word-dokument-update-loop.mdx","Microsoft Word документ: застревает в цикле обновления","Офисные программы","6","3",""
"pass","src/content/errors/office-microsoft-word-high-cpu.mdx","Microsoft Word: нагружает процессор","Офисные программы","6","4",""
"pass","src/content/errors/office-microsoft-word-network-timeout.mdx","Microsoft Word: ошибка подключения или тайм-аут","Офисные программы","6","4",""
"pass","src/content/errors/office-microsoft-word-permission-denied.mdx","Microsoft Word: отказано в доступе","Офисные программы","6","4",""
"pass","src/content/errors/office-microsoft-word-sync-failed.mdx","Microsoft Word: не синхронизируется","Офисные программы","6","4",""
"pass","src/content/errors/office-microsoft-word-update-failed.mdx","Microsoft Word: ошибка обновления","Офисные программы","6","4",""
"pass","src/content/errors/office-microsoft-word-wont-start.mdx","Microsoft Word: не запускается","Офисные программы","6","4",""
"pass","src/content/errors/office-obschiy-dokument-access-denied.mdx","общий документ: показывает отказ в доступе","Офисные программы","6","3",""
"pass","src/content/errors/office-obschiy-dokument-crash-on-open.mdx","общий документ: падает при открытии файла или проекта","Офисные программы","6","3",""
"pass","src/content/errors/office-obschiy-dokument-does-not-start.mdx","общий документ: не запускается после обновления","Офисные программы","6","3",""
"pass","src/content/errors/office-obschiy-dokument-settings-reset.mdx","общий документ: сбрасывает настройки после перезапуска","Офисные программы","6","3",""
"pass","src/content/errors/office-obschiy-dokument-slow-response.mdx","общий документ: работает заметно медленнее обычного","Офисные программы","6","3",""
"pass","src/content/errors/office-onedrive-sinhronizaciya-access-denied.mdx","OneDrive синхронизация: показывает отказ в доступе","Офисные программы","6","3",""
"pass","src/content/errors/office-onedrive-sinhronizaciya-crash-on-open.mdx","OneDrive синхронизация: падает при открытии файла или проекта","Офисные программы","6","3",""
"pass","src/content/errors/office-onedrive-sinhronizaciya-does-not-start.mdx","OneDrive синхронизация: не запускается после обновления","Офисные программы","6","3",""
"pass","src/content/errors/office-onedrive-sinhronizaciya-settings-reset.mdx","OneDrive синхронизация: сбрасывает настройки после перезапуска","Офисные программы","6","3",""
"pass","src/content/errors/office-onedrive-sinhronizaciya-slow-response.mdx","OneDrive синхронизация: работает заметно медленнее обычного","Офисные программы","6","3",""
"pass","src/content/errors/office-onedrive-sinhronizaciya-update-loop.mdx","OneDrive синхронизация: застревает в цикле обновления","Офисные программы","6","3",""
"pass","src/content/errors/office-outlook-profil-access-denied.mdx","Outlook профиль: показывает отказ в доступе","Офисные программы","6","3",""
"pass","src/content/errors/office-outlook-profil-crash-on-open.mdx","Outlook профиль: падает при открытии файла или проекта","Офисные программы","6","3",""
"pass","src/content/errors/office-outlook-profil-does-not-start.mdx","Outlook профиль: не запускается после обновления","Офисные программы","6","3",""
"pass","src/content/errors/office-outlook-profil-settings-reset.mdx","Outlook профиль: сбрасывает настройки после перезапуска","Офисные программы","6","3",""
"pass","src/content/errors/office-outlook-profil-slow-response.mdx","Outlook профиль: работает заметно медленнее обычного","Офисные программы","6","3",""
"pass","src/content/errors/office-outlook-profil-update-loop.mdx","Outlook профиль: застревает в цикле обновления","Офисные программы","6","3",""
"pass","src/content/errors/office-pdf-eksport-access-denied.mdx","PDF экспорт: показывает отказ в доступе","Офисные программы","6","3",""
"pass","src/content/errors/office-pdf-eksport-crash-on-open.mdx","PDF экспорт: падает при открытии файла или проекта","Офисные программы","6","3",""
"pass","src/content/errors/office-pdf-eksport-does-not-start.mdx","PDF экспорт: не запускается после обновления","Офисные программы","6","3",""
"pass","src/content/errors/office-pdf-eksport-settings-reset.mdx","PDF экспорт: сбрасывает настройки после перезапуска","Офисные программы","6","3",""
"pass","src/content/errors/office-pdf-eksport-slow-response.mdx","PDF экспорт: работает заметно медленнее обычного","Офисные программы","6","3",""
"pass","src/content/errors/office-pdf-eksport-update-loop.mdx","PDF экспорт: застревает в цикле обновления","Офисные программы","6","3",""
"pass","src/content/errors/office-powerpoint-crashes-after-update.mdx","PowerPoint: вылетает после обновления","Офисные программы","6","4",""
"pass","src/content/errors/office-powerpoint-high-cpu.mdx","PowerPoint: нагружает процессор","Офисные программы","6","4",""
"pass","src/content/errors/office-powerpoint-network-timeout.mdx","PowerPoint: ошибка подключения или тайм-аут","Офисные программы","6","4",""
"pass","src/content/errors/office-powerpoint-permission-denied.mdx","PowerPoint: отказано в доступе","Офисные программы","6","4",""
"pass","src/content/errors/office-powerpoint-prezentaciya-access-denied.mdx","PowerPoint презентация: показывает отказ в доступе","Офисные программы","6","3",""
"pass","src/content/errors/office-powerpoint-prezentaciya-crash-on-open.mdx","PowerPoint презентация: падает при открытии файла или проекта","Офисные программы","6","3",""
"pass","src/content/errors/office-powerpoint-prezentaciya-does-not-start.mdx","PowerPoint презентация: не запускается после обновления","Офисные программы","6","3",""
"pass","src/content/errors/office-powerpoint-prezentaciya-settings-reset.mdx","PowerPoint презентация: сбрасывает настройки после перезапуска","Офисные программы","6","3",""
"pass","src/content/errors/office-powerpoint-prezentaciya-slow-response.mdx","PowerPoint презентация: работает заметно медленнее обычного","Офисные программы","6","3",""
"pass","src/content/errors/office-powerpoint-prezentaciya-update-loop.mdx","PowerPoint презентация: застревает в цикле обновления","Офисные программы","6","3",""
"pass","src/content/errors/office-powerpoint-sync-failed.mdx","PowerPoint: не синхронизируется","Офисные программы","6","4",""
"pass","src/content/errors/office-powerpoint-wont-start.mdx","PowerPoint: не запускается","Офисные программы","6","4",""
"pass","src/content/errors/office-shablon-office-access-denied.mdx","шаблон Office: показывает отказ в доступе","Офисные программы","6","3",""
"pass","src/content/errors/office-shablon-office-crash-on-open.mdx","шаблон Office: падает при открытии файла или проекта","Офисные программы","6","3",""
"pass","src/content/errors/office-shablon-office-does-not-start.mdx","шаблон Office: не запускается после обновления","Офисные программы","6","3",""
"pass","src/content/errors/office-shablon-office-settings-reset.mdx","шаблон Office: сбрасывает настройки после перезапуска","Офисные программы","6","3",""
"pass","src/content/errors/office-shablon-office-slow-response.mdx","шаблон Office: работает заметно медленнее обычного","Офисные программы","6","3",""
"pass","src/content/errors/office-teams-vstrecha-access-denied.mdx","Teams встреча: показывает отказ в доступе","Офисные программы","6","3",""
"pass","src/content/errors/office-teams-vstrecha-crash-on-open.mdx","Teams встреча: падает при открытии файла или проекта","Офисные программы","6","3",""
"pass","src/content/errors/office-teams-vstrecha-does-not-start.mdx","Teams встреча: не запускается после обновления","Офисные программы","6","3",""
"pass","src/content/errors/office-teams-vstrecha-settings-reset.mdx","Teams встреча: сбрасывает настройки после перезапуска","Офисные программы","6","3",""
"pass","src/content/errors/office-teams-vstrecha-slow-response.mdx","Teams встреча: работает заметно медленнее обычного","Офисные программы","6","3",""
"pass","src/content/errors/office-teams-vstrecha-update-loop.mdx","Teams встреча: застревает в цикле обновления","Офисные программы","6","3",""
"pass","src/content/errors/onedrive-sync-pending-stuck-fix.mdx","OneDrive завис на Sync pending: как исправить синхронизацию","Офисные программы","7","4",""
"pass","src/content/errors/outlook-ne-otpravlyaet-pisma.mdx","Outlook: не отправляет письма — как исправить","Электронная почта","6","4",""
"pass","src/content/errors/outlook-ne-poluchaet-pisma-kak-ispravit.mdx","Outlook не получает письма: как исправить проблему синхронизации","Электронная почта","6","4",""
"pass","src/content/errors/outlook-ne-prinimaet-pisma.mdx","Outlook: не принимает письма — как исправить","Электронная почта","6","4",""
"pass","src/content/errors/outlook-ne-rabotaet-vlozhenie.mdx","Outlook: не работает вложение — как исправить","Электронная почта","6","4",""
"pass","src/content/errors/outlook-oshibka-parolya.mdx","Outlook: ошибка пароля — как исправить","Электронная почта","6","4",""
"pass","src/content/errors/outlook-oshibka-sertifikata.mdx","Outlook: ошибка сертификата — как исправить","Электронная почта","6","4",""
"pass","src/content/errors/outlook-pisma-popadayut-v-spam.mdx","Outlook: письма попадают в спам — как исправить","Электронная почта","6","4",""
"pass","src/content/errors/pc-slow-after-windows-update.mdx","ПК тормозит после обновления Windows: как ускорить","Windows","6","4",""
"pass","src/content/errors/photoshop-chernyy-ekran.mdx","Photoshop: черный экран — как исправить","Дизайн и графика","6","4",""
"pass","src/content/errors/photoshop-ne-otobrazhayutsya-shrifty.mdx","Photoshop: не отображаются шрифты — как исправить","Дизайн и графика","6","4",""
"pass","src/content/errors/photoshop-ne-sohranyaet-fayl.mdx","Photoshop: не сохраняет файл — как исправить","Дизайн и графика","6","4",""
"pass","src/content/errors/photoshop-ne-zapuskaetsya.mdx","Photoshop: не запускается — как исправить","Дизайн и графика","6","4",""
"pass","src/content/errors/photoshop-vyletaet-pri-eksporte.mdx","Photoshop: вылетает при экспорте — как исправить","Дизайн и графика","6","4",""
"pass","src/content/errors/pip-install-error-python.mdx","Ошибки pip install в Python: исправление проблем","Программирование","6","4",""
"pass","src/content/errors/postgresql-medlennyy-zapros.mdx","PostgreSQL: медленный запрос — как исправить","Базы данных","6","4",""
"pass","src/content/errors/postgresql-ne-prohodit-migratsiya.mdx","PostgreSQL: не проходит миграция — как исправить","Базы данных","6","4",""
"pass","src/content/errors/postgresql-ne-zapuskaetsya-posle-obnovleniya.mdx","PostgreSQL: не запускается после обновления — как исправить","Базы данных","6","4",""
"pass","src/content/errors/postgresql-not-starting-fix.mdx","PostgreSQL не запускается: исправление ошибок в Ubuntu/Debian","Базы данных","6","4",""
"pass","src/content/errors/postgresql-oshibka-podklyucheniya.mdx","PostgreSQL: ошибка подключения — как исправить","Базы данных","6","4",""
"pass","src/content/errors/postgresql-povrezhden-indeks.mdx","PostgreSQL: поврежден индекс — как исправить","Базы данных","6","4",""
"pass","src/content/errors/power-tools-akkumulyator-instrumenta-battery-drains.mdx","аккумулятор инструмента: быстро разряжает аккумулятор","Электроинструмент","6","3",""
"pass","src/content/errors/power-tools-akkumulyator-instrumenta-does-not-start.mdx","аккумулятор инструмента: не включается","Электроинструмент","6","3",""
"pass","src/content/errors/power-tools-akkumulyator-instrumenta-low-power.mdx","аккумулятор инструмента: потерял мощность под нагрузкой","Электроинструмент","6","3",""
"pass","src/content/errors/power-tools-akkumulyator-instrumenta-overheats.mdx","аккумулятор инструмента: перегревается при короткой работе","Электроинструмент","6","3",""
"pass","src/content/errors/power-tools-akkumulyator-instrumenta-sparks-smell.mdx","аккумулятор инструмента: искрит или пахнет гарью","Электроинструмент","6","3",""
"pass","src/content/errors/power-tools-akkumulyatornaya-drel-battery-drains.mdx","аккумуляторная дрель: быстро разряжает аккумулятор","Электроинструмент","6","3",""
"pass","src/content/errors/power-tools-akkumulyatornaya-drel-chuck-slip.mdx","аккумуляторная дрель: проворачивает патрон или оснастку","Электроинструмент","6","3",""
"pass","src/content/errors/power-tools-akkumulyatornaya-drel-does-not-start.mdx","аккумуляторная дрель: не включается","Электроинструмент","6","3",""
"pass","src/content/errors/power-tools-akkumulyatornaya-drel-low-power.mdx","аккумуляторная дрель: потерял мощность под нагрузкой","Электроинструмент","6","3",""
"pass","src/content/errors/power-tools-akkumulyatornaya-drel-overheats.mdx","аккумуляторная дрель: перегревается при короткой работе","Электроинструмент","6","3",""
"pass","src/content/errors/power-tools-akkumulyatornaya-drel-sparks-smell.mdx","аккумуляторная дрель: искрит или пахнет гарью","Электроинструмент","6","3",""
"pass","src/content/errors/power-tools-bosch-drel-battery-drains.mdx","Bosch дрель: быстро разряжает аккумулятор","Электроинструмент","6","4",""
"pass","src/content/errors/power-tools-bosch-drel-chuck-slip.mdx","Bosch дрель: проворачивает патрон или оснастку","Электроинструмент","6","4",""
"pass","src/content/errors/power-tools-bosch-drel-does-not-start.mdx","Bosch дрель: не включается","Электроинструмент","6","4",""
"pass","src/content/errors/power-tools-bosch-drel-low-power.mdx","Bosch дрель: потерял мощность под нагрузкой","Электроинструмент","6","4",""
"pass","src/content/errors/power-tools-bosch-drel-overheats.mdx","Bosch дрель: перегревается при короткой работе","Электроинструмент","6","4",""
"pass","src/content/errors/power-tools-bosch-drel-sparks-smell.mdx","Bosch дрель: искрит или пахнет гарью","Электроинструмент","6","4",""
"pass","src/content/errors/power-tools-bosch-rotary-hammer-disconnects-randomly.mdx","Bosch rotary hammer: самопроизвольно отключается","Электроинструмент","6","4",""
"pass","src/content/errors/power-tools-bosch-rotary-hammer-driver-error.mdx","Bosch rotary hammer: ошибка драйвера","Электроинструмент","6","4",""
"pass","src/content/errors/power-tools-bosch-rotary-hammer-firmware-update-failed.mdx","Bosch rotary hammer: ошибка обновления прошивки","Электроинструмент","6","4",""
"pass","src/content/errors/power-tools-bosch-rotary-hammer-low-performance.mdx","Bosch rotary hammer: низкая производительность","Электроинструмент","6","4",""
"pass","src/content/errors/power-tools-bosch-rotary-hammer-not-detected.mdx","Bosch rotary hammer: не определяется системой","Электроинструмент","6","4",""
"pass","src/content/errors/power-tools-cirkulyarnaya-pila-battery-drains.mdx","циркулярная пила: быстро разряжает аккумулятор","Электроинструмент","6","3",""
"pass","src/content/errors/power-tools-cirkulyarnaya-pila-chuck-slip.mdx","циркулярная пила: проворачивает патрон или оснастку","Электроинструмент","6","3",""
"pass","src/content/errors/power-tools-cirkulyarnaya-pila-does-not-start.mdx","циркулярная пила: не включается","Электроинструмент","6","3",""
"pass","src/content/errors/power-tools-cirkulyarnaya-pila-low-power.mdx","циркулярная пила: потерял мощность под нагрузкой","Электроинструмент","6","3",""
"pass","src/content/errors/power-tools-cirkulyarnaya-pila-overheats.mdx","циркулярная пила: перегревается при короткой работе","Электроинструмент","6","3",""
"pass","src/content/errors/power-tools-cirkulyarnaya-pila-sparks-smell.mdx","циркулярная пила: искрит или пахнет гарью","Электроинструмент","6","3",""
"pass","src/content/errors/power-tools-dewalt-screwdriver-disconnects-randomly.mdx","DeWalt screwdriver: самопроизвольно отключается","Электроинструмент","6","4",""
"pass","src/content/errors/power-tools-dewalt-screwdriver-driver-error.mdx","DeWalt screwdriver: ошибка драйвера","Электроинструмент","6","4",""
"pass","src/content/errors/power-tools-dewalt-screwdriver-firmware-update-failed.mdx","DeWalt screwdriver: ошибка обновления прошивки","Электроинструмент","6","4",""
"pass","src/content/errors/power-tools-dewalt-screwdriver-low-performance.mdx","DeWalt screwdriver: низкая производительность","Электроинструмент","6","4",""
"pass","src/content/errors/power-tools-dewalt-screwdriver-not-detected.mdx","DeWalt screwdriver: не определяется системой","Электроинструмент","6","4",""
"pass","src/content/errors/power-tools-dewalt-shurupovert-battery-drains.mdx","DeWalt шуруповерт: быстро разряжает аккумулятор","Электроинструмент","6","4",""
"pass","src/content/errors/power-tools-dewalt-shurupovert-chuck-slip.mdx","DeWalt шуруповерт: проворачивает патрон или оснастку","Электроинструмент","6","4",""
"pass","src/content/errors/power-tools-dewalt-shurupovert-does-not-start.mdx","DeWalt шуруповерт: не включается","Электроинструмент","6","4",""
"pass","src/content/errors/power-tools-dewalt-shurupovert-low-power.mdx","DeWalt шуруповерт: потерял мощность под нагрузкой","Электроинструмент","6","4",""
"pass","src/content/errors/power-tools-dewalt-shurupovert-overheats.mdx","DeWalt шуруповерт: перегревается при короткой работе","Электроинструмент","6","4",""
"pass","src/content/errors/power-tools-dewalt-shurupovert-sparks-smell.mdx","DeWalt шуруповерт: искрит или пахнет гарью","Электроинструмент","6","4",""
"pass","src/content/errors/power-tools-lobzik-battery-drains.mdx","лобзик: быстро разряжает аккумулятор","Электроинструмент","6","3",""
"pass","src/content/errors/power-tools-lobzik-chuck-slip.mdx","лобзик: проворачивает патрон или оснастку","Электроинструмент","6","3",""
"pass","src/content/errors/power-tools-lobzik-does-not-start.mdx","лобзик: не включается","Электроинструмент","6","3",""
"pass","src/content/errors/power-tools-lobzik-low-power.mdx","лобзик: потерял мощность под нагрузкой","Электроинструмент","6","3",""
"pass","src/content/errors/power-tools-lobzik-overheats.mdx","лобзик: перегревается при короткой работе","Электроинструмент","6","3",""
"pass","src/content/errors/power-tools-lobzik-sparks-smell.mdx","лобзик: искрит или пахнет гарью","Электроинструмент","6","3",""
"pass","src/content/errors/power-tools-makita-drill-disconnects-randomly.mdx","Makita drill: самопроизвольно отключается","Электроинструмент","6","4",""
"pass","src/content/errors/power-tools-makita-drill-driver-error.mdx","Makita drill: ошибка драйвера","Электроинструмент","6","4",""
"pass","src/content/errors/power-tools-makita-drill-firmware-update-failed.mdx","Makita drill: ошибка обновления прошивки","Электроинструмент","6","4",""
"pass","src/content/errors/power-tools-makita-drill-low-performance.mdx","Makita drill: низкая производительность","Электроинструмент","6","4",""
"pass","src/content/errors/power-tools-makita-drill-not-detected.mdx","Makita drill: не определяется системой","Электроинструмент","6","4",""
"pass","src/content/errors/power-tools-makita-shurupovert-battery-drains.mdx","Makita шуруповерт: быстро разряжает аккумулятор","Электроинструмент","6","4",""
"pass","src/content/errors/power-tools-makita-shurupovert-chuck-slip.mdx","Makita шуруповерт: проворачивает патрон или оснастку","Электроинструмент","6","4",""
"pass","src/content/errors/power-tools-makita-shurupovert-does-not-start.mdx","Makita шуруповерт: не включается","Электроинструмент","6","4",""
"pass","src/content/errors/power-tools-makita-shurupovert-low-power.mdx","Makita шуруповерт: потерял мощность под нагрузкой","Электроинструмент","6","4",""
"pass","src/content/errors/power-tools-makita-shurupovert-overheats.mdx","Makita шуруповерт: перегревается при короткой работе","Электроинструмент","6","4",""
"pass","src/content/errors/power-tools-makita-shurupovert-sparks-smell.mdx","Makita шуруповерт: искрит или пахнет гарью","Электроинструмент","6","4",""
"pass","src/content/errors/power-tools-metabo-grinder-not-detected.mdx","Metabo grinder: не определяется системой","Электроинструмент","6","4",""
"pass","src/content/errors/power-tools-patron-dreli-battery-drains.mdx","патрон дрели: быстро разряжает аккумулятор","Электроинструмент","6","3",""
"pass","src/content/errors/power-tools-patron-dreli-does-not-start.mdx","патрон дрели: не включается","Электроинструмент","6","3",""
"pass","src/content/errors/power-tools-patron-dreli-low-power.mdx","патрон дрели: потерял мощность под нагрузкой","Электроинструмент","6","3",""
"pass","src/content/errors/power-tools-patron-dreli-overheats.mdx","патрон дрели: перегревается при короткой работе","Электроинструмент","6","3",""
"pass","src/content/errors/power-tools-patron-dreli-sparks-smell.mdx","патрон дрели: искрит или пахнет гарью","Электроинструмент","6","3",""
"pass","src/content/errors/power-tools-perforator-battery-drains.mdx","перфоратор: быстро разряжает аккумулятор","Электроинструмент","6","3",""
"pass","src/content/errors/power-tools-perforator-chuck-slip.mdx","перфоратор: проворачивает патрон или оснастку","Электроинструмент","6","3",""
"pass","src/content/errors/power-tools-perforator-does-not-start.mdx","перфоратор: не включается","Электроинструмент","6","3",""
"pass","src/content/errors/power-tools-perforator-low-power.mdx","перфоратор: потерял мощность под нагрузкой","Электроинструмент","6","3",""
"pass","src/content/errors/power-tools-perforator-overheats.mdx","перфоратор: перегревается при короткой работе","Электроинструмент","6","3",""
"pass","src/content/errors/power-tools-perforator-sparks-smell.mdx","перфоратор: искрит или пахнет гарью","Электроинструмент","6","3",""
"pass","src/content/errors/power-tools-rezhim-udara-dreli-battery-drains.mdx","режим удара дрели: быстро разряжает аккумулятор","Электроинструмент","6","3",""
"pass","src/content/errors/power-tools-rezhim-udara-dreli-does-not-start.mdx","режим удара дрели: не включается","Электроинструмент","6","3",""
"pass","src/content/errors/power-tools-rezhim-udara-dreli-low-power.mdx","режим удара дрели: потерял мощность под нагрузкой","Электроинструмент","6","3",""
"pass","src/content/errors/power-tools-rezhim-udara-dreli-overheats.mdx","режим удара дрели: перегревается при короткой работе","Электроинструмент","6","3",""
"pass","src/content/errors/power-tools-rezhim-udara-dreli-sparks-smell.mdx","режим удара дрели: искрит или пахнет гарью","Электроинструмент","6","3",""
"pass","src/content/errors/power-tools-uglovaya-shlifmashina-battery-drains.mdx","угловая шлифмашина: быстро разряжает аккумулятор","Электроинструмент","6","3",""
"pass","src/content/errors/power-tools-uglovaya-shlifmashina-chuck-slip.mdx","угловая шлифмашина: проворачивает патрон или оснастку","Электроинструмент","6","3",""
"pass","src/content/errors/power-tools-uglovaya-shlifmashina-does-not-start.mdx","угловая шлифмашина: не включается","Электроинструмент","6","3",""
"pass","src/content/errors/power-tools-uglovaya-shlifmashina-low-power.mdx","угловая шлифмашина: потерял мощность под нагрузкой","Электроинструмент","6","3",""
"pass","src/content/errors/power-tools-uglovaya-shlifmashina-overheats.mdx","угловая шлифмашина: перегревается при короткой работе","Электроинструмент","6","3",""
"pass","src/content/errors/power-tools-uglovaya-shlifmashina-sparks-smell.mdx","угловая шлифмашина: искрит или пахнет гарью","Электроинструмент","6","3",""
"pass","src/content/errors/power-tools-zaryadnoe-ustroystvo-instrumenta-battery-drains.mdx","зарядное устройство инструмента: быстро разряжает аккумулятор","Электроинструмент","6","3",""
"pass","src/content/errors/power-tools-zaryadnoe-ustroystvo-instrumenta-does-not-start.mdx","зарядное устройство инструмента: не включается","Электроинструмент","6","3",""
"pass","src/content/errors/power-tools-zaryadnoe-ustroystvo-instrumenta-low-power.mdx","зарядное устройство инструмента: потерял мощность под нагрузкой","Электроинструмент","6","3",""
"pass","src/content/errors/power-tools-zaryadnoe-ustroystvo-instrumenta-overheats.mdx","зарядное устройство инструмента: перегревается при короткой работе","Электроинструмент","6","3",""
"pass","src/content/errors/power-tools-zaryadnoe-ustroystvo-instrumenta-sparks-smell.mdx","зарядное устройство инструмента: искрит или пахнет гарью","Электроинструмент","6","3",""
"pass","src/content/errors/printer-ne-pechataet-kak-ispravit-oshibku-pechati-v-windows.mdx","Принтер не печатает в Windows: полное руководство по исправлению","Принтеры и сканеры","6","4",""
"pass","src/content/errors/printers-brother-mfc-printer-driver-error.mdx","Brother MFC принтер: ругается на драйвер","Принтеры и сканеры","6","3",""
"pass","src/content/errors/printers-brother-mfc-printer-duplex-fails.mdx","Brother MFC принтер: не печатает с двух сторон","Принтеры и сканеры","6","3",""
"pass","src/content/errors/printers-brother-mfc-printer-faded-print.mdx","Brother MFC принтер: печатает бледно или полосами","Принтеры и сканеры","6","3",""
"pass","src/content/errors/printers-brother-mfc-printer-offline.mdx","Brother MFC принтер: показывает статус Offline","Принтеры и сканеры","6","3",""
"pass","src/content/errors/printers-brother-mfc-printer-paper-jam.mdx","Brother MFC принтер: пишет о замятии бумаги","Принтеры и сканеры","6","3",""
"pass","src/content/errors/printers-brother-mfc-printer-scan-fails.mdx","Brother MFC принтер: не сканирует на компьютер","Принтеры и сканеры","6","3",""
"pass","src/content/errors/printers-brother-printer-disconnects-randomly.mdx","Brother Printer: самопроизвольно отключается","Принтеры и сканеры","6","3",""
"pass","src/content/errors/printers-brother-printer-driver-error.mdx","Brother Printer: ошибка драйвера","Принтеры и сканеры","6","3",""
"pass","src/content/errors/printers-brother-printer-firmware-update-failed.mdx","Brother Printer: ошибка обновления прошивки","Принтеры и сканеры","6","3",""
"pass","src/content/errors/printers-brother-printer-low-performance.mdx","Brother Printer: низкая производительность","Принтеры и сканеры","6","3",""
"pass","src/content/errors/printers-brother-printer-not-detected.mdx","Brother Printer: не определяется системой","Принтеры и сканеры","6","3",""
"pass","src/content/errors/printers-canon-pixma-disconnects-randomly.mdx","Canon PIXMA: самопроизвольно отключается","Принтеры и сканеры","6","3",""
"pass","src/content/errors/printers-canon-pixma-driver-error.mdx","Canon PIXMA: ошибка драйвера","Принтеры и сканеры","6","3",""
"pass","src/content/errors/printers-canon-pixma-firmware-update-failed.mdx","Canon PIXMA: ошибка обновления прошивки","Принтеры и сканеры","6","3",""
"pass","src/content/errors/printers-canon-pixma-low-performance.mdx","Canon PIXMA: низкая производительность","Принтеры и сканеры","6","3",""
"pass","src/content/errors/printers-canon-pixma-not-detected.mdx","Canon PIXMA: не определяется системой","Принтеры и сканеры","6","3",""
"pass","src/content/errors/printers-canon-pixma-printer-driver-error.mdx","Canon PIXMA принтер: ругается на драйвер","Принтеры и сканеры","6","3",""
"pass","src/content/errors/printers-canon-pixma-printer-duplex-fails.mdx","Canon PIXMA принтер: не печатает с двух сторон","Принтеры и сканеры","6","3",""
"pass","src/content/errors/printers-canon-pixma-printer-faded-print.mdx","Canon PIXMA принтер: печатает бледно или полосами","Принтеры и сканеры","6","3",""
"pass","src/content/errors/printers-canon-pixma-printer-offline.mdx","Canon PIXMA принтер: показывает статус Offline","Принтеры и сканеры","6","3",""
"pass","src/content/errors/printers-canon-pixma-printer-paper-jam.mdx","Canon PIXMA принтер: пишет о замятии бумаги","Принтеры и сканеры","6","3",""
"pass","src/content/errors/printers-canon-pixma-printer-scan-fails.mdx","Canon PIXMA принтер: не сканирует на компьютер","Принтеры и сканеры","6","3",""
"pass","src/content/errors/printers-epson-ecotank-disconnects-randomly.mdx","Epson EcoTank: самопроизвольно отключается","Принтеры и сканеры","6","3",""
"pass","src/content/errors/printers-epson-ecotank-driver-error.mdx","Epson EcoTank: ошибка драйвера","Принтеры и сканеры","6","3",""
"pass","src/content/errors/printers-epson-ecotank-firmware-update-failed.mdx","Epson EcoTank: ошибка обновления прошивки","Принтеры и сканеры","6","3",""
"pass","src/content/errors/printers-epson-ecotank-low-performance.mdx","Epson EcoTank: низкая производительность","Принтеры и сканеры","6","3",""
"pass","src/content/errors/printers-epson-ecotank-not-detected.mdx","Epson EcoTank: не определяется системой","Принтеры и сканеры","6","3",""
"pass","src/content/errors/printers-epson-ecotank-printer-driver-error.mdx","Epson EcoTank принтер: ругается на драйвер","Принтеры и сканеры","6","3",""
"pass","src/content/errors/printers-epson-ecotank-printer-duplex-fails.mdx","Epson EcoTank принтер: не печатает с двух сторон","Принтеры и сканеры","6","3",""
"pass","src/content/errors/printers-epson-ecotank-printer-faded-print.mdx","Epson EcoTank принтер: печатает бледно или полосами","Принтеры и сканеры","6","3",""
"pass","src/content/errors/printers-epson-ecotank-printer-offline.mdx","Epson EcoTank принтер: показывает статус Offline","Принтеры и сканеры","6","3",""
"pass","src/content/errors/printers-epson-ecotank-printer-paper-jam.mdx","Epson EcoTank принтер: пишет о замятии бумаги","Принтеры и сканеры","6","3",""
"pass","src/content/errors/printers-epson-ecotank-printer-scan-fails.mdx","Epson EcoTank принтер: не сканирует на компьютер","Принтеры и сканеры","6","3",""
"pass","src/content/errors/printers-fotoprinter-driver-error.mdx","фотопринтер: ругается на драйвер","Принтеры и сканеры","6","3",""
"pass","src/content/errors/printers-fotoprinter-duplex-fails.mdx","фотопринтер: не печатает с двух сторон","Принтеры и сканеры","6","3",""
"pass","src/content/errors/printers-fotoprinter-faded-print.mdx","фотопринтер: печатает бледно или полосами","Принтеры и сканеры","6","3",""
"pass","src/content/errors/printers-fotoprinter-offline.mdx","фотопринтер: показывает статус Offline","Принтеры и сканеры","6","3",""
"pass","src/content/errors/printers-fotoprinter-paper-jam.mdx","фотопринтер: пишет о замятии бумаги","Принтеры и сканеры","6","3",""
"pass","src/content/errors/printers-fotoprinter-scan-fails.mdx","фотопринтер: не сканирует на компьютер","Принтеры и сканеры","6","3",""
"pass","src/content/errors/printers-hp-laserjet-disconnects-randomly.mdx","HP LaserJet: самопроизвольно отключается","Принтеры и сканеры","6","3",""
"pass","src/content/errors/printers-hp-laserjet-driver-error.mdx","HP LaserJet: ошибка драйвера","Принтеры и сканеры","6","3",""
"pass","src/content/errors/printers-hp-laserjet-firmware-update-failed.mdx","HP LaserJet: ошибка обновления прошивки","Принтеры и сканеры","6","3",""
"pass","src/content/errors/printers-hp-laserjet-low-performance.mdx","HP LaserJet: низкая производительность","Принтеры и сканеры","6","3",""
"pass","src/content/errors/printers-hp-laserjet-not-detected.mdx","HP LaserJet: не определяется системой","Принтеры и сканеры","6","3",""
"pass","src/content/errors/printers-hp-laserjet-printer-driver-error.mdx","HP LaserJet принтер: ругается на драйвер","Принтеры и сканеры","6","3",""
"pass","src/content/errors/printers-hp-laserjet-printer-duplex-fails.mdx","HP LaserJet принтер: не печатает с двух сторон","Принтеры и сканеры","6","3",""
"pass","src/content/errors/printers-hp-laserjet-printer-faded-print.mdx","HP LaserJet принтер: печатает бледно или полосами","Принтеры и сканеры","6","3",""
"pass","src/content/errors/printers-hp-laserjet-printer-offline.mdx","HP LaserJet принтер: показывает статус Offline","Принтеры и сканеры","6","3",""
"pass","src/content/errors/printers-hp-laserjet-printer-paper-jam.mdx","HP LaserJet принтер: пишет о замятии бумаги","Принтеры и сканеры","6","3",""
"pass","src/content/errors/printers-hp-laserjet-printer-scan-fails.mdx","HP LaserJet принтер: не сканирует на компьютер","Принтеры и сканеры","6","3",""
"pass","src/content/errors/printers-lazernyy-printer-driver-error.mdx","лазерный принтер: ругается на драйвер","Принтеры и сканеры","6","3",""
"pass","src/content/errors/printers-lazernyy-printer-faded-print.mdx","лазерный принтер: печатает бледно или полосами","Принтеры и сканеры","6","3",""
"pass","src/content/errors/printers-lazernyy-printer-offline.mdx","лазерный принтер: показывает статус Offline","Принтеры и сканеры","6","3",""
"pass","src/content/errors/printers-lazernyy-printer-paper-jam.mdx","лазерный принтер: пишет о замятии бумаги","Принтеры и сканеры","6","3",""
"pass","src/content/errors/printers-lazernyy-printer-scan-fails.mdx","лазерный принтер: не сканирует на компьютер","Принтеры и сканеры","6","3",""
"pass","src/content/errors/printers-mfu-dlya-ofisa-driver-error.mdx","МФУ для офиса: ругается на драйвер","Принтеры и сканеры","6","3",""
"pass","src/content/errors/printers-mfu-dlya-ofisa-duplex-fails.mdx","МФУ для офиса: не печатает с двух сторон","Принтеры и сканеры","6","3",""
"pass","src/content/errors/printers-mfu-dlya-ofisa-faded-print.mdx","МФУ для офиса: печатает бледно или полосами","Принтеры и сканеры","6","3",""
"pass","src/content/errors/printers-mfu-dlya-ofisa-offline.mdx","МФУ для офиса: показывает статус Offline","Принтеры и сканеры","6","3",""
"pass","src/content/errors/printers-mfu-dlya-ofisa-paper-jam.mdx","МФУ для офиса: пишет о замятии бумаги","Принтеры и сканеры","6","3",""
"pass","src/content/errors/printers-mfu-dlya-ofisa-scan-fails.mdx","МФУ для офиса: не сканирует на компьютер","Принтеры и сканеры","6","3",""
"pass","src/content/errors/printers-ochered-pechati-windows-driver-error.mdx","очередь печати Windows: ругается на драйвер","Принтеры и сканеры","6","3",""
"pass","src/content/errors/printers-ochered-pechati-windows-faded-print.mdx","очередь печати Windows: печатает бледно или полосами","Принтеры и сканеры","6","3",""
"pass","src/content/errors/printers-ochered-pechati-windows-offline.mdx","очередь печати Windows: показывает статус Offline","Принтеры и сканеры","6","3",""
"pass","src/content/errors/printers-ochered-pechati-windows-paper-jam.mdx","очередь печати Windows: пишет о замятии бумаги","Принтеры и сканеры","6","3",""
"pass","src/content/errors/printers-ochered-pechati-windows-scan-fails.mdx","очередь печати Windows: не сканирует на компьютер","Принтеры и сканеры","6","3",""
"pass","src/content/errors/printers-samsung-printer-disconnects-randomly.mdx","Samsung Printer: самопроизвольно отключается","Принтеры и сканеры","6","3",""
"pass","src/content/errors/printers-samsung-printer-not-detected.mdx","Samsung Printer: не определяется системой","Принтеры и сканеры","6","3",""
"pass","src/content/errors/printers-samsung-xpress-printer-driver-error.mdx","Samsung Xpress принтер: ругается на драйвер","Принтеры и сканеры","6","3",""
"pass","src/content/errors/printers-samsung-xpress-printer-duplex-fails.mdx","Samsung Xpress принтер: не печатает с двух сторон","Принтеры и сканеры","6","3",""
"pass","src/content/errors/printers-samsung-xpress-printer-faded-print.mdx","Samsung Xpress принтер: печатает бледно или полосами","Принтеры и сканеры","6","3",""
"pass","src/content/errors/printers-samsung-xpress-printer-offline.mdx","Samsung Xpress принтер: показывает статус Offline","Принтеры и сканеры","6","3",""
"pass","src/content/errors/printers-samsung-xpress-printer-paper-jam.mdx","Samsung Xpress принтер: пишет о замятии бумаги","Принтеры и сканеры","6","3",""
"pass","src/content/errors/printers-samsung-xpress-printer-scan-fails.mdx","Samsung Xpress принтер: не сканирует на компьютер","Принтеры и сканеры","6","3",""
"pass","src/content/errors/printers-setevoy-printer-driver-error.mdx","сетевой принтер: ругается на драйвер","Принтеры и сканеры","6","3",""
"pass","src/content/errors/printers-setevoy-printer-duplex-fails.mdx","сетевой принтер: не печатает с двух сторон","Принтеры и сканеры","6","3",""
"pass","src/content/errors/printers-setevoy-printer-faded-print.mdx","сетевой принтер: печатает бледно или полосами","Принтеры и сканеры","6","3",""
"pass","src/content/errors/printers-setevoy-printer-offline.mdx","сетевой принтер: показывает статус Offline","Принтеры и сканеры","6","3",""
"pass","src/content/errors/printers-setevoy-printer-paper-jam.mdx","сетевой принтер: пишет о замятии бумаги","Принтеры и сканеры","6","3",""
"pass","src/content/errors/printers-setevoy-printer-scan-fails.mdx","сетевой принтер: не сканирует на компьютер","Принтеры и сканеры","6","3",""
"pass","src/content/errors/printers-skaner-mfu-driver-error.mdx","сканер МФУ: ругается на драйвер","Принтеры и сканеры","6","3",""
"pass","src/content/errors/printers-skaner-mfu-faded-print.mdx","сканер МФУ: печатает бледно или полосами","Принтеры и сканеры","6","3",""
"pass","src/content/errors/printers-skaner-mfu-offline.mdx","сканер МФУ: показывает статус Offline","Принтеры и сканеры","6","3",""
"pass","src/content/errors/printers-skaner-mfu-paper-jam.mdx","сканер МФУ: пишет о замятии бумаги","Принтеры и сканеры","6","3",""
"pass","src/content/errors/printers-skaner-mfu-scan-fails.mdx","сканер МФУ: не сканирует на компьютер","Принтеры и сканеры","6","3",""
"pass","src/content/errors/printers-usb-printer-driver-error.mdx","USB принтер: ругается на драйвер","Принтеры и сканеры","6","3",""
"pass","src/content/errors/printers-usb-printer-duplex-fails.mdx","USB принтер: не печатает с двух сторон","Принтеры и сканеры","6","3",""
"pass","src/content/errors/printers-usb-printer-faded-print.mdx","USB принтер: печатает бледно или полосами","Принтеры и сканеры","6","3",""
"pass","src/content/errors/printers-usb-printer-offline.mdx","USB принтер: показывает статус Offline","Принтеры и сканеры","6","3",""
"pass","src/content/errors/printers-usb-printer-paper-jam.mdx","USB принтер: пишет о замятии бумаги","Принтеры и сканеры","6","3",""
"pass","src/content/errors/printers-usb-printer-scan-fails.mdx","USB принтер: не сканирует на компьютер","Принтеры и сканеры","6","3",""
"pass","src/content/errors/programming-cli-utilita-access-denied.mdx","CLI утилита: показывает отказ в доступе","Программирование","6","3",""
"pass","src/content/errors/programming-cli-utilita-crash-on-open.mdx","CLI утилита: падает при открытии файла или проекта","Программирование","6","3",""
"pass","src/content/errors/programming-cli-utilita-does-not-start.mdx","CLI утилита: не запускается после обновления","Программирование","6","3",""
"pass","src/content/errors/programming-cli-utilita-settings-reset.mdx","CLI утилита: сбрасывает настройки после перезапуска","Программирование","6","3",""
"pass","src/content/errors/programming-cli-utilita-slow-response.mdx","CLI утилита: работает заметно медленнее обычного","Программирование","6","3",""
"pass","src/content/errors/programming-cli-utilita-update-loop.mdx","CLI утилита: застревает в цикле обновления","Программирование","6","3",""
"pass","src/content/errors/programming-dotenv-okruzhenie-access-denied.mdx","dotenv окружение: показывает отказ в доступе","Программирование","6","3",""
"pass","src/content/errors/programming-dotenv-okruzhenie-crash-on-open.mdx","dotenv окружение: падает при открытии файла или проекта","Программирование","6","3",""
"pass","src/content/errors/programming-dotenv-okruzhenie-does-not-start.mdx","dotenv окружение: не запускается после обновления","Программирование","6","3",""
"pass","src/content/errors/programming-dotenv-okruzhenie-settings-reset.mdx","dotenv окружение: сбрасывает настройки после перезапуска","Программирование","6","3",""
"pass","src/content/errors/programming-dotenv-okruzhenie-slow-response.mdx","dotenv окружение: работает заметно медленнее обычного","Программирование","6","3",""
"pass","src/content/errors/programming-dotenv-okruzhenie-update-loop.mdx","dotenv окружение: застревает в цикле обновления","Программирование","6","3",""
"pass","src/content/errors/programming-git-repozitoriy-access-denied.mdx","Git репозиторий: показывает отказ в доступе","Программирование","6","3",""
"pass","src/content/errors/programming-git-repozitoriy-crash-on-open.mdx","Git репозиторий: падает при открытии файла или проекта","Программирование","6","3",""
"pass","src/content/errors/programming-git-repozitoriy-does-not-start.mdx","Git репозиторий: не запускается после обновления","Программирование","6","3",""
"pass","src/content/errors/programming-git-repozitoriy-settings-reset.mdx","Git репозиторий: сбрасывает настройки после перезапуска","Программирование","6","3",""
"pass","src/content/errors/programming-git-repozitoriy-slow-response.mdx","Git репозиторий: работает заметно медленнее обычного","Программирование","6","3",""
"pass","src/content/errors/programming-git-repozitoriy-update-loop.mdx","Git репозиторий: застревает в цикле обновления","Программирование","6","3",""
"pass","src/content/errors/programming-github-actions-workflow-access-denied.mdx","GitHub Actions workflow: показывает отказ в доступе","Программирование","6","3",""
"pass","src/content/errors/programming-github-actions-workflow-crash-on-open.mdx","GitHub Actions workflow: падает при открытии файла или проекта","Программирование","6","3",""
"pass","src/content/errors/programming-github-actions-workflow-does-not-start.mdx","GitHub Actions workflow: не запускается после обновления","Программирование","6","3",""
"pass","src/content/errors/programming-github-actions-workflow-settings-reset.mdx","GitHub Actions workflow: сбрасывает настройки после перезапуска","Программирование","6","3",""
"pass","src/content/errors/programming-github-actions-workflow-slow-response.mdx","GitHub Actions workflow: работает заметно медленнее обычного","Программирование","6","3",""
"pass","src/content/errors/programming-github-actions-workflow-update-loop.mdx","GitHub Actions workflow: застревает в цикле обновления","Программирование","6","3",""
"pass","src/content/errors/programming-java-gradle-config-error.mdx","Java Gradle: ошибка конфигурации","Программирование","6","4",""
"pass","src/content/errors/programming-java-gradle-crashes-after-update.mdx","Java Gradle: вылетает после обновления","Программирование","6","4",""
"pass","src/content/errors/programming-java-gradle-high-cpu.mdx","Java Gradle: нагружает процессор","Программирование","6","4",""
"pass","src/content/errors/programming-java-gradle-network-timeout.mdx","Java Gradle: ошибка подключения или тайм-аут","Программирование","6","4",""
"pass","src/content/errors/programming-java-gradle-permission-denied.mdx","Java Gradle: отказано в доступе","Программирование","6","4",""
"pass","src/content/errors/programming-java-gradle-sync-failed.mdx","Java Gradle: не синхронизируется","Программирование","6","4",""
"pass","src/content/errors/programming-java-gradle-update-failed.mdx","Java Gradle: ошибка обновления","Программирование","6","4",""
"pass","src/content/errors/programming-java-gradle-wont-start.mdx","Java Gradle: не запускается","Программирование","6","4",""
"pass","src/content/errors/programming-json-konfiguraciya-access-denied.mdx","JSON конфигурация: показывает отказ в доступе","Программирование","6","3",""
"pass","src/content/errors/programming-json-konfiguraciya-crash-on-open.mdx","JSON конфигурация: падает при открытии файла или проекта","Программирование","6","3",""
"pass","src/content/errors/programming-json-konfiguraciya-does-not-start.mdx","JSON конфигурация: не запускается после обновления","Программирование","6","3",""
"pass","src/content/errors/programming-json-konfiguraciya-settings-reset.mdx","JSON конфигурация: сбрасывает настройки после перезапуска","Программирование","6","3",""
"pass","src/content/errors/programming-json-konfiguraciya-slow-response.mdx","JSON конфигурация: работает заметно медленнее обычного","Программирование","6","3",""
"pass","src/content/errors/programming-json-konfiguraciya-update-loop.mdx","JSON конфигурация: застревает в цикле обновления","Программирование","6","3",""
"pass","src/content/errors/programming-maven-crashes-after-update.mdx","Maven: вылетает после обновления","Программирование","6","4",""
"pass","src/content/errors/programming-maven-permission-denied.mdx","Maven: отказано в доступе","Программирование","6","4",""
"pass","src/content/errors/programming-maven-sync-failed.mdx","Maven: не синхронизируется","Программирование","6","4",""
"pass","src/content/errors/programming-maven-wont-start.mdx","Maven: не запускается","Программирование","6","4",""
"pass","src/content/errors/programming-node-js-skript-access-denied.mdx","Node.js скрипт: показывает отказ в доступе","Программирование","6","3",""
"pass","src/content/errors/programming-node-js-skript-crash-on-open.mdx","Node.js скрипт: падает при открытии файла или проекта","Программирование","6","3",""
"pass","src/content/errors/programming-node-js-skript-does-not-start.mdx","Node.js скрипт: не запускается после обновления","Программирование","6","3",""
"pass","src/content/errors/programming-node-js-skript-settings-reset.mdx","Node.js скрипт: сбрасывает настройки после перезапуска","Программирование","6","3",""
"pass","src/content/errors/programming-node-js-skript-slow-response.mdx","Node.js скрипт: работает заметно медленнее обычного","Программирование","6","3",""
"pass","src/content/errors/programming-node-js-skript-sync-error.mdx","Node.js скрипт: не синхронизирует данные","Программирование","6","3",""
"pass","src/content/errors/programming-node-js-skript-update-loop.mdx","Node.js скрипт: застревает в цикле обновления","Программирование","6","3",""
"pass","src/content/errors/programming-paket-npm-access-denied.mdx","пакет npm: показывает отказ в доступе","Программирование","6","3",""
"pass","src/content/errors/programming-paket-npm-crash-on-open.mdx","пакет npm: падает при открытии файла или проекта","Программирование","6","3",""
"pass","src/content/errors/programming-paket-npm-does-not-start.mdx","пакет npm: не запускается после обновления","Программирование","6","3",""
"pass","src/content/errors/programming-paket-npm-settings-reset.mdx","пакет npm: сбрасывает настройки после перезапуска","Программирование","6","3",""
"pass","src/content/errors/programming-paket-npm-slow-response.mdx","пакет npm: работает заметно медленнее обычного","Программирование","6","3",""
"pass","src/content/errors/programming-paket-npm-update-loop.mdx","пакет npm: застревает в цикле обновления","Программирование","6","3",""
"pass","src/content/errors/programming-python-skript-access-denied.mdx","Python скрипт: показывает отказ в доступе","Программирование","6","3",""
"pass","src/content/errors/programming-python-skript-crash-on-open.mdx","Python скрипт: падает при открытии файла или проекта","Программирование","6","3",""
"pass","src/content/errors/programming-python-skript-does-not-start.mdx","Python скрипт: не запускается после обновления","Программирование","6","3",""
"pass","src/content/errors/programming-python-skript-settings-reset.mdx","Python скрипт: сбрасывает настройки после перезапуска","Программирование","6","3",""
"pass","src/content/errors/programming-python-skript-slow-response.mdx","Python скрипт: работает заметно медленнее обычного","Программирование","6","3",""
"pass","src/content/errors/programming-python-skript-update-loop.mdx","Python скрипт: застревает в цикле обновления","Программирование","6","3",""
"pass","src/content/errors/programming-python-venv-config-error.mdx","Python venv: ошибка конфигурации","Программирование","6","4",""
"pass","src/content/errors/programming-python-venv-crashes-after-update.mdx","Python venv: вылетает после обновления","Программирование","6","4",""
"pass","src/content/errors/programming-python-venv-high-cpu.mdx","Python venv: нагружает процессор","Программирование","6","4",""
"pass","src/content/errors/programming-python-venv-network-timeout.mdx","Python venv: ошибка подключения или тайм-аут","Программирование","6","4",""
"pass","src/content/errors/programming-python-venv-permission-denied.mdx","Python venv: отказано в доступе","Программирование","6","4",""
"pass","src/content/errors/programming-python-venv-sync-failed.mdx","Python venv: не синхронизируется","Программирование","6","4",""
"pass","src/content/errors/programming-python-venv-update-failed.mdx","Python venv: ошибка обновления","Программирование","6","4",""
"pass","src/content/errors/programming-python-venv-wont-start.mdx","Python venv: не запускается","Программирование","6","4",""
"pass","src/content/errors/programming-python-virtualenv-access-denied.mdx","Python virtualenv: показывает отказ в доступе","Программирование","6","3",""
"pass","src/content/errors/programming-python-virtualenv-crash-on-open.mdx","Python virtualenv: падает при открытии файла или проекта","Программирование","6","3",""
"pass","src/content/errors/programming-python-virtualenv-does-not-start.mdx","Python virtualenv: не запускается после обновления","Программирование","6","3",""
"pass","src/content/errors/programming-python-virtualenv-settings-reset.mdx","Python virtualenv: сбрасывает настройки после перезапуска","Программирование","6","3",""
"pass","src/content/errors/programming-python-virtualenv-slow-response.mdx","Python virtualenv: работает заметно медленнее обычного","Программирование","6","3",""
"pass","src/content/errors/programming-python-virtualenv-update-loop.mdx","Python virtualenv: застревает в цикле обновления","Программирование","6","3",""
"pass","src/content/errors/programming-rest-klient-access-denied.mdx","REST клиент: показывает отказ в доступе","Программирование","6","3",""
"pass","src/content/errors/programming-rest-klient-crash-on-open.mdx","REST клиент: падает при открытии файла или проекта","Программирование","6","3",""
"pass","src/content/errors/programming-rest-klient-does-not-start.mdx","REST клиент: не запускается после обновления","Программирование","6","3",""
"pass","src/content/errors/programming-rest-klient-settings-reset.mdx","REST клиент: сбрасывает настройки после перезапуска","Программирование","6","3",""
"pass","src/content/errors/programming-rest-klient-slow-response.mdx","REST клиент: работает заметно медленнее обычного","Программирование","6","3",""
"pass","src/content/errors/programming-rest-klient-update-loop.mdx","REST клиент: застревает в цикле обновления","Программирование","6","3",""
"pass","src/content/errors/programming-typescript-proekt-access-denied.mdx","TypeScript проект: показывает отказ в доступе","Программирование","6","3",""
"pass","src/content/errors/programming-typescript-proekt-crash-on-open.mdx","TypeScript проект: падает при открытии файла или проекта","Программирование","6","3",""
"pass","src/content/errors/programming-typescript-proekt-does-not-start.mdx","TypeScript проект: не запускается после обновления","Программирование","6","3",""
"pass","src/content/errors/programming-typescript-proekt-settings-reset.mdx","TypeScript проект: сбрасывает настройки после перезапуска","Программирование","6","3",""
"pass","src/content/errors/programming-typescript-proekt-slow-response.mdx","TypeScript проект: работает заметно медленнее обычного","Программирование","6","3",""
"pass","src/content/errors/programming-typescript-proekt-update-loop.mdx","TypeScript проект: застревает в цикле обновления","Программирование","6","3",""
"pass","src/content/errors/programming-yunit-testy-access-denied.mdx","юнит тесты: показывает отказ в доступе","Программирование","6","3",""
"pass","src/content/errors/programming-yunit-testy-crash-on-open.mdx","юнит тесты: падает при открытии файла или проекта","Программирование","6","3",""
"pass","src/content/errors/programming-yunit-testy-does-not-start.mdx","юнит тесты: не запускается после обновления","Программирование","6","3",""
"pass","src/content/errors/programming-yunit-testy-settings-reset.mdx","юнит тесты: сбрасывает настройки после перезапуска","Программирование","6","3",""
"pass","src/content/errors/programming-yunit-testy-slow-response.mdx","юнит тесты: работает заметно медленнее обычного","Программирование","6","3",""
"pass","src/content/errors/programming-yunit-testy-update-loop.mdx","юнит тесты: застревает в цикле обновления","Программирование","6","3",""
"pass","src/content/errors/python-module-not-found-fix.mdx","ModuleNotFoundError: No module named — как исправить в Python","Программирование","6","4",""
"pass","src/content/errors/refrigerators-bosch-holodilnik-bad-smell.mdx","Bosch холодильник: появился запах при работе","Холодильники","6","4",""
"pass","src/content/errors/refrigerators-bosch-holodilnik-does-not-start.mdx","Bosch холодильник: не запускается","Холодильники","6","4",""
"pass","src/content/errors/refrigerators-bosch-holodilnik-error-code.mdx","Bosch холодильник: показывает код ошибки","Холодильники","6","4",""
"pass","src/content/errors/refrigerators-bosch-holodilnik-leaks-water.mdx","Bosch холодильник: подтекает снизу или у двери","Холодильники","6","4",""
"pass","src/content/errors/refrigerators-bosch-holodilnik-noise-vibration.mdx","Bosch холодильник: шумит или вибрирует сильнее обычного","Холодильники","6","4",""
"pass","src/content/errors/refrigerators-bosch-holodilnik-stops-mid-cycle.mdx","Bosch холодильник: останавливается в середине цикла","Холодильники","6","4",""
"pass","src/content/errors/refrigerators-datchik-temperatury-holodilnika-bad-smell.mdx","датчик температуры холодильника: появился запах при работе","Холодильники","6","3",""
"pass","src/content/errors/refrigerators-datchik-temperatury-holodilnika-does-not-start.mdx","датчик температуры холодильника: не запускается","Холодильники","6","3",""
"pass","src/content/errors/refrigerators-datchik-temperatury-holodilnika-leaks-water.mdx","датчик температуры холодильника: подтекает снизу или у двери","Холодильники","6","3",""
"pass","src/content/errors/refrigerators-datchik-temperatury-holodilnika-noise-vibration.mdx","датчик температуры холодильника: шумит или вибрирует сильнее обычного","Холодильники","6","3",""
"pass","src/content/errors/refrigerators-datchik-temperatury-holodilnika-stops-mid-cycle.mdx","датчик температуры холодильника: останавливается в середине цикла","Холодильники","6","3",""
"pass","src/content/errors/refrigerators-dver-holodilnika-bad-smell.mdx","дверь холодильника: появился запах при работе","Холодильники","6","3",""
"pass","src/content/errors/refrigerators-dver-holodilnika-does-not-start.mdx","дверь холодильника: не запускается","Холодильники","6","3",""
"pass","src/content/errors/refrigerators-dver-holodilnika-leaks-water.mdx","дверь холодильника: подтекает снизу или у двери","Холодильники","6","3",""
"pass","src/content/errors/refrigerators-dver-holodilnika-noise-vibration.mdx","дверь холодильника: шумит или вибрирует сильнее обычного","Холодильники","6","3",""
"pass","src/content/errors/refrigerators-dver-holodilnika-stops-mid-cycle.mdx","дверь холодильника: останавливается в середине цикла","Холодильники","6","3",""
"pass","src/content/errors/refrigerators-dvuhkamernyy-holodilnik-bad-smell.mdx","двухкамерный холодильник: появился запах при работе","Холодильники","6","3",""
"pass","src/content/errors/refrigerators-dvuhkamernyy-holodilnik-does-not-start.mdx","двухкамерный холодильник: не запускается","Холодильники","6","3",""
"pass","src/content/errors/refrigerators-dvuhkamernyy-holodilnik-error-code.mdx","двухкамерный холодильник: показывает код ошибки","Холодильники","6","3",""
"pass","src/content/errors/refrigerators-dvuhkamernyy-holodilnik-leaks-water.mdx","двухкамерный холодильник: подтекает снизу или у двери","Холодильники","6","3",""
"pass","src/content/errors/refrigerators-dvuhkamernyy-holodilnik-noise-vibration.mdx","двухкамерный холодильник: шумит или вибрирует сильнее обычного","Холодильники","6","3",""
"pass","src/content/errors/refrigerators-dvuhkamernyy-holodilnik-stops-mid-cycle.mdx","двухкамерный холодильник: останавливается в середине цикла","Холодильники","6","3",""
"pass","src/content/errors/refrigerators-electrolux-holodilnik-bad-smell.mdx","Electrolux холодильник: появился запах при работе","Холодильники","6","4",""
"pass","src/content/errors/refrigerators-electrolux-holodilnik-does-not-start.mdx","Electrolux холодильник: не запускается","Холодильники","6","4",""
"pass","src/content/errors/refrigerators-electrolux-holodilnik-error-code.mdx","Electrolux холодильник: показывает код ошибки","Холодильники","6","4",""
"pass","src/content/errors/refrigerators-electrolux-holodilnik-leaks-water.mdx","Electrolux холодильник: подтекает снизу или у двери","Холодильники","6","4",""
"pass","src/content/errors/refrigerators-electrolux-holodilnik-noise-vibration.mdx","Electrolux холодильник: шумит или вибрирует сильнее обычного","Холодильники","6","4",""
"pass","src/content/errors/refrigerators-electrolux-holodilnik-stops-mid-cycle.mdx","Electrolux холодильник: останавливается в середине цикла","Холодильники","6","4",""
"pass","src/content/errors/refrigerators-lg-holodilnik-bad-smell.mdx","LG холодильник: появился запах при работе","Холодильники","6","4",""
"pass","src/content/errors/refrigerators-lg-holodilnik-does-not-start.mdx","LG холодильник: не запускается","Холодильники","6","4",""
"pass","src/content/errors/refrigerators-lg-holodilnik-error-code.mdx","LG холодильник: показывает код ошибки","Холодильники","6","4",""
"pass","src/content/errors/refrigerators-lg-holodilnik-leaks-water.mdx","LG холодильник: подтекает снизу или у двери","Холодильники","6","4",""
"pass","src/content/errors/refrigerators-lg-holodilnik-noise-vibration.mdx","LG холодильник: шумит или вибрирует сильнее обычного","Холодильники","6","4",""
"pass","src/content/errors/refrigerators-lg-holodilnik-stops-mid-cycle.mdx","LG холодильник: останавливается в середине цикла","Холодильники","6","4",""
"pass","src/content/errors/refrigerators-lg-refrigerator-bad-smell.mdx","LG refrigerator: появился запах или гарь","Холодильники","6","4",""
"pass","src/content/errors/refrigerators-lg-refrigerator-does-not-drain.mdx","LG refrigerator: не сливает воду","Холодильники","6","4",""
"pass","src/content/errors/refrigerators-lg-refrigerator-does-not-heat.mdx","LG refrigerator: не греет","Холодильники","6","4",""
"pass","src/content/errors/refrigerators-lg-refrigerator-error-code.mdx","LG refrigerator: показывает код ошибки","Холодильники","6","4",""
"pass","src/content/errors/refrigerators-lg-refrigerator-leaks-water.mdx","LG refrigerator: протекает","Холодильники","6","4",""
"pass","src/content/errors/refrigerators-lg-refrigerator-makes-noise.mdx","LG refrigerator: шумит или вибрирует","Холодильники","6","4",""
"pass","src/content/errors/refrigerators-lg-refrigerator-stops-mid-cycle.mdx","LG refrigerator: останавливается во время работы","Холодильники","6","4",""
"pass","src/content/errors/refrigerators-lg-refrigerator-wont-turn-on.mdx","LG refrigerator: не включается","Холодильники","6","4",""
"pass","src/content/errors/refrigerators-mini-holodilnik-bad-smell.mdx","мини-холодильник: появился запах при работе","Холодильники","6","3",""
"pass","src/content/errors/refrigerators-mini-holodilnik-does-not-start.mdx","мини-холодильник: не запускается","Холодильники","6","3",""
"pass","src/content/errors/refrigerators-mini-holodilnik-leaks-water.mdx","мини-холодильник: подтекает снизу или у двери","Холодильники","6","3",""
"pass","src/content/errors/refrigerators-mini-holodilnik-noise-vibration.mdx","мини-холодильник: шумит или вибрирует сильнее обычного","Холодильники","6","3",""
"pass","src/content/errors/refrigerators-mini-holodilnik-stops-mid-cycle.mdx","мини-холодильник: останавливается в середине цикла","Холодильники","6","3",""
"pass","src/content/errors/refrigerators-morozilnaya-kamera-bad-smell.mdx","морозильная камера: появился запах при работе","Холодильники","6","3",""
"pass","src/content/errors/refrigerators-morozilnaya-kamera-does-not-start.mdx","морозильная камера: не запускается","Холодильники","6","3",""
"pass","src/content/errors/refrigerators-morozilnaya-kamera-error-code.mdx","морозильная камера: показывает код ошибки","Холодильники","6","3",""
"pass","src/content/errors/refrigerators-morozilnaya-kamera-leaks-water.mdx","морозильная камера: подтекает снизу или у двери","Холодильники","6","3",""
"pass","src/content/errors/refrigerators-morozilnaya-kamera-noise-vibration.mdx","морозильная камера: шумит или вибрирует сильнее обычного","Холодильники","6","3",""
"pass","src/content/errors/refrigerators-morozilnaya-kamera-stops-mid-cycle.mdx","морозильная камера: останавливается в середине цикла","Холодильники","6","3",""
"pass","src/content/errors/refrigerators-no-frost-holodilnik-bad-smell.mdx","No Frost холодильник: появился запах при работе","Холодильники","6","3",""
"pass","src/content/errors/refrigerators-no-frost-holodilnik-does-not-start.mdx","No Frost холодильник: не запускается","Холодильники","6","3",""
"pass","src/content/errors/refrigerators-no-frost-holodilnik-error-code.mdx","No Frost холодильник: показывает код ошибки","Холодильники","6","3",""
"pass","src/content/errors/refrigerators-no-frost-holodilnik-leaks-water.mdx","No Frost холодильник: подтекает снизу или у двери","Холодильники","6","3",""
"pass","src/content/errors/refrigerators-no-frost-holodilnik-noise-vibration.mdx","No Frost холодильник: шумит или вибрирует сильнее обычного","Холодильники","6","3",""
"pass","src/content/errors/refrigerators-no-frost-holodilnik-stops-mid-cycle.mdx","No Frost холодильник: останавливается в середине цикла","Холодильники","6","3",""
"pass","src/content/errors/refrigerators-samsung-holodilnik-bad-smell.mdx","Samsung холодильник: появился запах при работе","Холодильники","6","4",""
"pass","src/content/errors/refrigerators-samsung-holodilnik-does-not-start.mdx","Samsung холодильник: не запускается","Холодильники","6","4",""
"pass","src/content/errors/refrigerators-samsung-holodilnik-error-code.mdx","Samsung холодильник: показывает код ошибки","Холодильники","6","4",""
"pass","src/content/errors/refrigerators-samsung-holodilnik-leaks-water.mdx","Samsung холодильник: подтекает снизу или у двери","Холодильники","6","4",""
"pass","src/content/errors/refrigerators-samsung-holodilnik-noise-vibration.mdx","Samsung холодильник: шумит или вибрирует сильнее обычного","Холодильники","6","4",""
"pass","src/content/errors/refrigerators-samsung-holodilnik-stops-mid-cycle.mdx","Samsung холодильник: останавливается в середине цикла","Холодильники","6","4",""
"pass","src/content/errors/refrigerators-samsung-refrigerator-bad-smell.mdx","Samsung refrigerator: появился запах или гарь","Холодильники","6","4",""
"pass","src/content/errors/refrigerators-samsung-refrigerator-does-not-drain.mdx","Samsung refrigerator: не сливает воду","Холодильники","6","4",""
"pass","src/content/errors/refrigerators-samsung-refrigerator-does-not-heat.mdx","Samsung refrigerator: не греет","Холодильники","6","4",""
"pass","src/content/errors/refrigerators-samsung-refrigerator-error-code.mdx","Samsung refrigerator: показывает код ошибки","Холодильники","6","4",""
"pass","src/content/errors/refrigerators-samsung-refrigerator-leaks-water.mdx","Samsung refrigerator: протекает","Холодильники","6","4",""
"pass","src/content/errors/refrigerators-samsung-refrigerator-makes-noise.mdx","Samsung refrigerator: шумит или вибрирует","Холодильники","6","4",""
"pass","src/content/errors/refrigerators-samsung-refrigerator-stops-mid-cycle.mdx","Samsung refrigerator: останавливается во время работы","Холодильники","6","4",""
"pass","src/content/errors/refrigerators-samsung-refrigerator-wont-turn-on.mdx","Samsung refrigerator: не включается","Холодильники","6","4",""
"pass","src/content/errors/refrigerators-siemens-holodilnik-bad-smell.mdx","Siemens холодильник: появился запах при работе","Холодильники","6","4",""
"pass","src/content/errors/refrigerators-siemens-holodilnik-does-not-start.mdx","Siemens холодильник: не запускается","Холодильники","6","4",""
"pass","src/content/errors/refrigerators-siemens-holodilnik-error-code.mdx","Siemens холодильник: показывает код ошибки","Холодильники","6","4",""
"pass","src/content/errors/refrigerators-siemens-holodilnik-leaks-water.mdx","Siemens холодильник: подтекает снизу или у двери","Холодильники","6","4",""
"pass","src/content/errors/refrigerators-siemens-holodilnik-noise-vibration.mdx","Siemens холодильник: шумит или вибрирует сильнее обычного","Холодильники","6","4",""
"pass","src/content/errors/refrigerators-siemens-holodilnik-stops-mid-cycle.mdx","Siemens холодильник: останавливается в середине цикла","Холодильники","6","4",""
"pass","src/content/errors/refrigerators-vinnyy-shkaf-bad-smell.mdx","винный шкаф: появился запах при работе","Холодильники","6","3",""
"pass","src/content/errors/refrigerators-vinnyy-shkaf-does-not-start.mdx","винный шкаф: не запускается","Холодильники","6","3",""
"pass","src/content/errors/refrigerators-vinnyy-shkaf-error-code.mdx","винный шкаф: показывает код ошибки","Холодильники","6","3",""
"pass","src/content/errors/refrigerators-vinnyy-shkaf-leaks-water.mdx","винный шкаф: подтекает снизу или у двери","Холодильники","6","3",""
"pass","src/content/errors/refrigerators-vinnyy-shkaf-noise-vibration.mdx","винный шкаф: шумит или вибрирует сильнее обычного","Холодильники","6","3",""
"pass","src/content/errors/refrigerators-vinnyy-shkaf-stops-mid-cycle.mdx","винный шкаф: останавливается в середине цикла","Холодильники","6","3",""
"pass","src/content/errors/roborock-ne-krutitsya-schetka.mdx","Roborock: не крутится щетка — как исправить","Пылесосы и роботы-пылесосы","6","4",""
"pass","src/content/errors/roborock-ne-stroit-kartu.mdx","Roborock: не строит карту — как исправить","Пылесосы и роботы-пылесосы","6","4",""
"pass","src/content/errors/roborock-ne-vozvraschaetsya-na-bazu.mdx","Roborock: не возвращается на базу — как исправить","Пылесосы и роботы-пылесосы","6","4",""
"pass","src/content/errors/roborock-ne-zaryazhaetsya.mdx","Roborock: не заряжается — как исправить","Пылесосы и роботы-пылесосы","6","4",""
"pass","src/content/errors/roborock-oshibka-datchika.mdx","Roborock: ошибка датчика — как исправить","Пылесосы и роботы-пылесосы","6","4",""
"pass","src/content/errors/roborock-ploho-vsasyvaet.mdx","Roborock: плохо всасывает — как исправить","Пылесосы и роботы-пылесосы","6","4",""
"pass","src/content/errors/robot-pylesos-xiaomi-ne-zaryazhaetsya-reshenie.mdx","Робот-пылесос Xiaomi не заряжается: причины и решения","Пылесосы и роботы-пылесосы","6","4",""
"pass","src/content/errors/samsung-microwave-iskrit-vnutri.mdx","Samsung microwave: искрит внутри — как исправить","Микроволновки и духовки","6","4",""
"pass","src/content/errors/samsung-microwave-ne-greet.mdx","Samsung microwave: не греет — как исправить","Микроволновки и духовки","6","4",""
"pass","src/content/errors/samsung-microwave-ne-krutitsya-tarelka.mdx","Samsung microwave: не крутится тарелка — как исправить","Микроволновки и духовки","6","4",""
"pass","src/content/errors/samsung-microwave-ne-rabotaet-gril.mdx","Samsung microwave: не работает гриль — как исправить","Микроволновки и духовки","6","4",""
"pass","src/content/errors/samsung-microwave-ne-vklyuchaetsya.mdx","Samsung microwave: не включается — как исправить","Микроволновки и духовки","6","4",""
"pass","src/content/errors/samsung-microwave-pokazyvaet-kod-oshibki.mdx","Samsung microwave: показывает код ошибки — как исправить","Микроволновки и духовки","6","4",""
"pass","src/content/errors/samsung-refrigerator-ne-morozit.mdx","Samsung refrigerator: не морозит — как исправить","Холодильники","6","4",""
"pass","src/content/errors/samsung-refrigerator-ne-otklyuchaetsya-kompressor.mdx","Samsung refrigerator: не отключается компрессор — как исправить","Холодильники","6","4",""
"pass","src/content/errors/samsung-refrigerator-pischit-signal.mdx","Samsung refrigerator: пищит сигнал — как исправить","Холодильники","6","4",""
"pass","src/content/errors/samsung-refrigerator-pokazyvaet-oshibku-datchika.mdx","Samsung refrigerator: показывает ошибку датчика — как исправить","Холодильники","6","4",""
"pass","src/content/errors/samsung-refrigerator-silno-shumit.mdx","Samsung refrigerator: сильно шумит — как исправить","Холодильники","6","4",""
"pass","src/content/errors/samsung-refrigerator-techet-voda.mdx","Samsung refrigerator: течет вода — как исправить","Холодильники","6","4",""
"pass","src/content/errors/samsung-tv-ne-rabotaet-pult.mdx","Samsung TV: не работает пульт — как исправить","Телевизоры и аудио","6","4",""
"pass","src/content/errors/samsung-tv-net-izobrazheniya.mdx","Samsung TV: нет изображения — как исправить","Телевизоры и аудио","6","4",""
"pass","src/content/errors/samsung-tv-net-zvuka.mdx","Samsung TV: нет звука — как исправить","Телевизоры и аудио","6","4",""
"pass","src/content/errors/samsung-washing-machine-ne-nabiraet-vodu.mdx","Samsung washing machine: не набирает воду — как исправить","Стиральные машины","6","4",""
"pass","src/content/errors/samsung-washing-machine-ne-otzhimaet.mdx","Samsung washing machine: не отжимает — как исправить","Стиральные машины","6","4",""
"pass","src/content/errors/samsung-washing-machine-ne-slivaet-vodu.mdx","Samsung washing machine: не сливает воду — как исправить","Стиральные машины","6","4",""
"pass","src/content/errors/samsung-washing-machine-oshibka-dvertsy.mdx","Samsung washing machine: ошибка дверцы — как исправить","Стиральные машины","6","4",""
"pass","src/content/errors/samsung-washing-machine-pokazyvaet-kod-oshibki.mdx","Samsung washing machine: показывает код ошибки — как исправить","Стиральные машины","6","4",""
"pass","src/content/errors/samsung-washing-machine-silno-vibriruet.mdx","Samsung washing machine: сильно вибрирует — как исправить","Стиральные машины","6","4",""
"pass","src/content/errors/secure-boot-ne-sohranyaet-nastroyki.mdx","Secure Boot: не сохраняет настройки — как исправить","BIOS и UEFI","6","4",""
"pass","src/content/errors/secure-boot-ne-vidit-zagruzochnyy-disk.mdx","Secure Boot: не видит загрузочный диск — как исправить","BIOS и UEFI","6","4",""
"pass","src/content/errors/security-brauzernoe-rasshirenie-access-denied.mdx","браузерное расширение: показывает отказ в доступе","Безопасность","6","3",""
"pass","src/content/errors/security-brauzernoe-rasshirenie-crash-on-open.mdx","браузерное расширение: падает при открытии файла или проекта","Безопасность","6","3",""
"pass","src/content/errors/security-brauzernoe-rasshirenie-does-not-start.mdx","браузерное расширение: не запускается после обновления","Безопасность","6","3",""
"pass","src/content/errors/security-brauzernoe-rasshirenie-settings-reset.mdx","браузерное расширение: сбрасывает настройки после перезапуска","Безопасность","6","3",""
"pass","src/content/errors/security-brauzernoe-rasshirenie-slow-response.mdx","браузерное расширение: работает заметно медленнее обычного","Безопасность","6","3",""
"pass","src/content/errors/security-brauzernoe-rasshirenie-update-loop.mdx","браузерное расширение: застревает в цикле обновления","Безопасность","6","3",""
"pass","src/content/errors/security-dostup-k-papke-access-denied.mdx","доступ к папке: показывает отказ в доступе","Безопасность","6","3",""
"pass","src/content/errors/security-dostup-k-papke-crash-on-open.mdx","доступ к папке: падает при открытии файла или проекта","Безопасность","6","3",""
"pass","src/content/errors/security-dostup-k-papke-does-not-start.mdx","доступ к папке: не запускается после обновления","Безопасность","6","3",""
"pass","src/content/errors/security-dostup-k-papke-settings-reset.mdx","доступ к папке: сбрасывает настройки после перезапуска","Безопасность","6","3",""
"pass","src/content/errors/security-dostup-k-papke-slow-response.mdx","доступ к папке: работает заметно медленнее обычного","Безопасность","6","3",""
"pass","src/content/errors/security-firewall-pravilo-access-denied.mdx","firewall правило: показывает отказ в доступе","Безопасность","6","3",""
"pass","src/content/errors/security-firewall-pravilo-crash-on-open.mdx","firewall правило: падает при открытии файла или проекта","Безопасность","6","3",""
"pass","src/content/errors/security-firewall-pravilo-does-not-start.mdx","firewall правило: не запускается после обновления","Безопасность","6","3",""
"pass","src/content/errors/security-firewall-pravilo-settings-reset.mdx","firewall правило: сбрасывает настройки после перезапуска","Безопасность","6","3",""
"pass","src/content/errors/security-firewall-pravilo-slow-response.mdx","firewall правило: работает заметно медленнее обычного","Безопасность","6","3",""
"pass","src/content/errors/security-firewall-pravilo-update-loop.mdx","firewall правило: застревает в цикле обновления","Безопасность","6","3",""
"pass","src/content/errors/security-firewall-rule-config-error.mdx","Firewall Rule: ошибка конфигурации","Безопасность","6","4",""
"pass","src/content/errors/security-firewall-rule-crashes-after-update.mdx","Firewall Rule: вылетает после обновления","Безопасность","6","4",""
"pass","src/content/errors/security-firewall-rule-high-cpu.mdx","Firewall Rule: нагружает процессор","Безопасность","6","4",""
"pass","src/content/errors/security-firewall-rule-network-timeout.mdx","Firewall Rule: ошибка подключения или тайм-аут","Безопасность","6","4",""
"pass","src/content/errors/security-firewall-rule-permission-denied.mdx","Firewall Rule: отказано в доступе","Безопасность","6","4",""
"pass","src/content/errors/security-firewall-rule-sync-failed.mdx","Firewall Rule: не синхронизируется","Безопасность","6","4",""
"pass","src/content/errors/security-firewall-rule-update-failed.mdx","Firewall Rule: ошибка обновления","Безопасность","6","4",""
"pass","src/content/errors/security-firewall-rule-wont-start.mdx","Firewall Rule: не запускается","Безопасность","6","4",""
"pass","src/content/errors/security-fishingovoe-pismo-access-denied.mdx","фишинговое письмо: показывает отказ в доступе","Безопасность","6","3",""
"pass","src/content/errors/security-fishingovoe-pismo-crash-on-open.mdx","фишинговое письмо: падает при открытии файла или проекта","Безопасность","6","3",""
"pass","src/content/errors/security-fishingovoe-pismo-does-not-start.mdx","фишинговое письмо: не запускается после обновления","Безопасность","6","3",""
"pass","src/content/errors/security-fishingovoe-pismo-settings-reset.mdx","фишинговое письмо: сбрасывает настройки после перезапуска","Безопасность","6","3",""
"pass","src/content/errors/security-fishingovoe-pismo-slow-response.mdx","фишинговое письмо: работает заметно медленнее обычного","Безопасность","6","3",""
"pass","src/content/errors/security-mfa-vhod-access-denied.mdx","MFA вход: показывает отказ в доступе","Безопасность","6","3",""
"pass","src/content/errors/security-mfa-vhod-crash-on-open.mdx","MFA вход: падает при открытии файла или проекта","Безопасность","6","3",""
"pass","src/content/errors/security-mfa-vhod-does-not-start.mdx","MFA вход: не запускается после обновления","Безопасность","6","3",""
"pass","src/content/errors/security-mfa-vhod-settings-reset.mdx","MFA вход: сбрасывает настройки после перезапуска","Безопасность","6","3",""
"pass","src/content/errors/security-mfa-vhod-slow-response.mdx","MFA вход: работает заметно медленнее обычного","Безопасность","6","3",""
"pass","src/content/errors/security-mfa-vhod-update-loop.mdx","MFA вход: застревает в цикле обновления","Безопасность","6","3",""
"pass","src/content/errors/security-microsoft-defender-access-denied.mdx","Microsoft Defender: показывает отказ в доступе","Безопасность","6","3",""
"pass","src/content/errors/security-microsoft-defender-crash-on-open.mdx","Microsoft Defender: падает при открытии файла или проекта","Безопасность","6","3",""
"pass","src/content/errors/security-microsoft-defender-does-not-start.mdx","Microsoft Defender: не запускается после обновления","Безопасность","6","3",""
"pass","src/content/errors/security-microsoft-defender-settings-reset.mdx","Microsoft Defender: сбрасывает настройки после перезапуска","Безопасность","6","3",""
"pass","src/content/errors/security-microsoft-defender-slow-response.mdx","Microsoft Defender: работает заметно медленнее обычного","Безопасность","6","3",""
"pass","src/content/errors/security-microsoft-defender-update-loop.mdx","Microsoft Defender: застревает в цикле обновления","Безопасность","6","3",""
"pass","src/content/errors/security-parolnaya-politika-access-denied.mdx","парольная политика: показывает отказ в доступе","Безопасность","6","3",""
"pass","src/content/errors/security-parolnaya-politika-crash-on-open.mdx","парольная политика: падает при открытии файла или проекта","Безопасность","6","3",""
"pass","src/content/errors/security-parolnaya-politika-does-not-start.mdx","парольная политика: не запускается после обновления","Безопасность","6","3",""
"pass","src/content/errors/security-parolnaya-politika-settings-reset.mdx","парольная политика: сбрасывает настройки после перезапуска","Безопасность","6","3",""
"pass","src/content/errors/security-parolnaya-politika-slow-response.mdx","парольная политика: работает заметно медленнее обычного","Безопасность","6","3",""
"pass","src/content/errors/security-parolnaya-politika-update-loop.mdx","парольная политика: застревает в цикле обновления","Безопасность","6","3",""
"pass","src/content/errors/security-podozritelnyy-process-access-denied.mdx","подозрительный процесс: показывает отказ в доступе","Безопасность","6","3",""
"pass","src/content/errors/security-podozritelnyy-process-crash-on-open.mdx","подозрительный процесс: падает при открытии файла или проекта","Безопасность","6","3",""
"pass","src/content/errors/security-podozritelnyy-process-does-not-start.mdx","подозрительный процесс: не запускается после обновления","Безопасность","6","3",""
"pass","src/content/errors/security-podozritelnyy-process-settings-reset.mdx","подозрительный процесс: сбрасывает настройки после перезапуска","Безопасность","6","3",""
"pass","src/content/errors/security-podozritelnyy-process-slow-response.mdx","подозрительный процесс: работает заметно медленнее обычного","Безопасность","6","3",""
"pass","src/content/errors/security-podozritelnyy-process-update-loop.mdx","подозрительный процесс: застревает в цикле обновления","Безопасность","6","3",""
"pass","src/content/errors/security-sertifikat-tls-access-denied.mdx","сертификат TLS: показывает отказ в доступе","Безопасность","6","3",""
"pass","src/content/errors/security-sertifikat-tls-crash-on-open.mdx","сертификат TLS: падает при открытии файла или проекта","Безопасность","6","3",""
"pass","src/content/errors/security-sertifikat-tls-does-not-start.mdx","сертификат TLS: не запускается после обновления","Безопасность","6","3",""
"pass","src/content/errors/security-sertifikat-tls-settings-reset.mdx","сертификат TLS: сбрасывает настройки после перезапуска","Безопасность","6","3",""
"pass","src/content/errors/security-sertifikat-tls-slow-response.mdx","сертификат TLS: работает заметно медленнее обычного","Безопасность","6","3",""
"pass","src/content/errors/security-sertifikat-tls-update-loop.mdx","сертификат TLS: застревает в цикле обновления","Безопасность","6","3",""
"pass","src/content/errors/security-tls-certificate-crashes-after-update.mdx","TLS Certificate: вылетает после обновления","Безопасность","6","4",""
"pass","src/content/errors/security-tls-certificate-permission-denied.mdx","TLS Certificate: отказано в доступе","Безопасность","6","4",""
"pass","src/content/errors/security-tls-certificate-wont-start.mdx","TLS Certificate: не запускается","Безопасность","6","4",""
"pass","src/content/errors/security-uchetnaya-zapis-administratora-access-denied.mdx","учетная запись администратора: показывает отказ в доступе","Безопасность","6","3",""
"pass","src/content/errors/security-uchetnaya-zapis-administratora-crash-on-open.mdx","учетная запись администратора: падает при открытии файла или проекта","Безопасность","6","3",""
"pass","src/content/errors/security-uchetnaya-zapis-administratora-does-not-start.mdx","учетная запись администратора: не запускается после обновления","Безопасность","6","3",""
"pass","src/content/errors/security-uchetnaya-zapis-administratora-settings-reset.mdx","учетная запись администратора: сбрасывает настройки после перезапуска","Безопасность","6","3",""
"pass","src/content/errors/security-uchetnaya-zapis-administratora-slow-response.mdx","учетная запись администратора: работает заметно медленнее обычного","Безопасность","6","3",""
"pass","src/content/errors/security-uchetnaya-zapis-administratora-update-loop.mdx","учетная запись администратора: застревает в цикле обновления","Безопасность","6","3",""
"pass","src/content/errors/security-vpn-dostup-access-denied.mdx","VPN доступ: показывает отказ в доступе","Безопасность","6","3",""
"pass","src/content/errors/security-vpn-dostup-crash-on-open.mdx","VPN доступ: падает при открытии файла или проекта","Безопасность","6","3",""
"pass","src/content/errors/security-vpn-dostup-does-not-start.mdx","VPN доступ: не запускается после обновления","Безопасность","6","3",""
"pass","src/content/errors/security-vpn-dostup-settings-reset.mdx","VPN доступ: сбрасывает настройки после перезапуска","Безопасность","6","3",""
"pass","src/content/errors/security-vpn-dostup-slow-response.mdx","VPN доступ: работает заметно медленнее обычного","Безопасность","6","3",""
"pass","src/content/errors/security-vpn-dostup-update-loop.mdx","VPN доступ: застревает в цикле обновления","Безопасность","6","3",""
"pass","src/content/errors/security-windows-defender-config-error.mdx","Windows Defender: ошибка конфигурации","Безопасность","6","4",""
"pass","src/content/errors/security-windows-defender-crashes-after-update.mdx","Windows Defender: вылетает после обновления","Безопасность","6","4",""
"pass","src/content/errors/security-windows-defender-high-cpu.mdx","Windows Defender: нагружает процессор","Безопасность","6","4",""
"pass","src/content/errors/security-windows-defender-network-timeout.mdx","Windows Defender: ошибка подключения или тайм-аут","Безопасность","6","4",""
"pass","src/content/errors/security-windows-defender-permission-denied.mdx","Windows Defender: отказано в доступе","Безопасность","6","4",""
"pass","src/content/errors/security-windows-defender-sync-failed.mdx","Windows Defender: не синхронизируется","Безопасность","6","4",""
"pass","src/content/errors/security-windows-defender-update-failed.mdx","Windows Defender: ошибка обновления","Безопасность","6","4",""
"pass","src/content/errors/security-windows-defender-wont-start.mdx","Windows Defender: не запускается","Безопасность","6","4",""
"pass","src/content/errors/security-zhurnal-audita-access-denied.mdx","журнал аудита: показывает отказ в доступе","Безопасность","6","3",""
"pass","src/content/errors/security-zhurnal-audita-crash-on-open.mdx","журнал аудита: падает при открытии файла или проекта","Безопасность","6","3",""
"pass","src/content/errors/security-zhurnal-audita-does-not-start.mdx","журнал аудита: не запускается после обновления","Безопасность","6","3",""
"pass","src/content/errors/security-zhurnal-audita-settings-reset.mdx","журнал аудита: сбрасывает настройки после перезапуска","Безопасность","6","3",""
"pass","src/content/errors/security-zhurnal-audita-slow-response.mdx","журнал аудита: работает заметно медленнее обычного","Безопасность","6","3",""
"pass","src/content/errors/shurupovert-makita-ne-krutitsya-ispravit.mdx","Шуруповёрт Makita не крутится: диагностика и ремонт","Электроинструмент","6","4",""
"pass","src/content/errors/siemens-dishwasher-ne-nabiraet-vodu.mdx","Siemens dishwasher: не набирает воду — как исправить","Посудомоечные машины","6","4",""
"pass","src/content/errors/siemens-dishwasher-ne-rastvoryaet-tabletku.mdx","Siemens dishwasher: не растворяет таблетку — как исправить","Посудомоечные машины","6","4",""
"pass","src/content/errors/siemens-dishwasher-ne-slivaet-vodu.mdx","Siemens dishwasher: не сливает воду — как исправить","Посудомоечные машины","6","4",""
"pass","src/content/errors/siemens-dishwasher-oshibka-nagreva.mdx","Siemens dishwasher: ошибка нагрева — как исправить","Посудомоечные машины","6","4",""
"pass","src/content/errors/siemens-dishwasher-ploho-moet-posudu.mdx","Siemens dishwasher: плохо моет посуду — как исправить","Посудомоечные машины","6","4",""
"pass","src/content/errors/siemens-dishwasher-techet-snizu.mdx","Siemens dishwasher: течет снизу — как исправить","Посудомоечные машины","6","4",""
"pass","src/content/errors/sony-tv-ne-rabotaet-pult.mdx","Sony TV: не работает пульт — как исправить","Телевизоры и аудио","6","4",""
"pass","src/content/errors/sony-tv-net-izobrazheniya.mdx","Sony TV: нет изображения — как исправить","Телевизоры и аудио","6","4",""
"pass","src/content/errors/sony-tv-net-zvuka.mdx","Sony TV: нет звука — как исправить","Телевизоры и аудио","6","4",""
"pass","src/content/errors/ssd-medlenno-kopiruet-fayly.mdx","SSD: медленно копирует файлы — как исправить","Хранилища и файлы","6","4",""
"pass","src/content/errors/ssd-ne-montiruetsya.mdx","SSD: не монтируется — как исправить","Хранилища и файлы","6","4",""
"pass","src/content/errors/ssd-ne-opredelyaetsya.mdx","SSD: не определяется — как исправить","Хранилища и файлы","6","4",""
"pass","src/content/errors/ssd-net-dostupa-k-papke.mdx","SSD: нет доступа к папке — как исправить","Хранилища и файлы","6","4",""
"pass","src/content/errors/ssd-oshibka-vvoda-vyvoda.mdx","SSD: ошибка ввода вывода — как исправить","Хранилища и файлы","6","4",""
"pass","src/content/errors/ssd-povrezhdena-faylovaya-sistema.mdx","SSD: повреждена файловая система — как исправить","Хранилища и файлы","6","4",""
"pass","src/content/errors/ssd-prosit-formatirovat.mdx","SSD: просит форматировать — как исправить","Хранилища и файлы","6","4",""
"pass","src/content/errors/ssh-connection-refused-fix.mdx","SSH Connection Refused: исправление ошибки подключения","Сеть","6","4",""
"pass","src/content/errors/ssl-certificate-blokiruet-prilozhenie.mdx","SSL certificate: блокирует приложение — как исправить","Безопасность","6","4",""
"pass","src/content/errors/ssl-certificate-ne-prihodit-kod.mdx","SSL certificate: не приходит код — как исправить","Безопасность","6","4",""
"pass","src/content/errors/ssl-certificate-ne-prinimaet-klyuch.mdx","SSL certificate: не принимает ключ — как исправить","Безопасность","6","4",""
"pass","src/content/errors/ssl-certificate-oshibka-dostupa.mdx","SSL certificate: ошибка доступа — как исправить","Безопасность","6","4",""
"pass","src/content/errors/ssl-certificate-oshibka-sertifikata.mdx","SSL certificate: ошибка сертификата — как исправить","Безопасность","6","4",""
"pass","src/content/errors/storage-exfat-volume-not-detected.mdx","exFAT Volume: не определяется системой","Хранилища и файлы","6","4",""
"pass","src/content/errors/storage-external-hdd-disconnects-randomly.mdx","External HDD: самопроизвольно отключается","Хранилища и файлы","6","4",""
"pass","src/content/errors/storage-external-hdd-driver-error.mdx","External HDD: ошибка драйвера","Хранилища и файлы","6","4",""
"pass","src/content/errors/storage-external-hdd-firmware-update-failed.mdx","External HDD: ошибка обновления прошивки","Хранилища и файлы","6","4",""
"pass","src/content/errors/storage-external-hdd-low-performance.mdx","External HDD: низкая производительность","Хранилища и файлы","6","4",""
"pass","src/content/errors/storage-external-hdd-not-detected.mdx","External HDD: не определяется системой","Хранилища и файлы","6","4",""
"pass","src/content/errors/storage-faylovyy-server-access-denied.mdx","файловый сервер: показывает отказ в доступе","Хранилища и файлы","6","3",""
"pass","src/content/errors/storage-faylovyy-server-crash-on-open.mdx","файловый сервер: падает при открытии файла или проекта","Хранилища и файлы","6","3",""
"pass","src/content/errors/storage-faylovyy-server-does-not-start.mdx","файловый сервер: не запускается после обновления","Хранилища и файлы","6","3",""
"pass","src/content/errors/storage-faylovyy-server-settings-reset.mdx","файловый сервер: сбрасывает настройки после перезапуска","Хранилища и файлы","6","3",""
"pass","src/content/errors/storage-faylovyy-server-slow-response.mdx","файловый сервер: работает заметно медленнее обычного","Хранилища и файлы","6","3",""
"pass","src/content/errors/storage-hdd-disk-access-denied.mdx","HDD диск: показывает отказ в доступе","Хранилища и файлы","6","3",""
"pass","src/content/errors/storage-hdd-disk-crash-on-open.mdx","HDD диск: падает при открытии файла или проекта","Хранилища и файлы","6","3",""
"pass","src/content/errors/storage-hdd-disk-does-not-start.mdx","HDD диск: не запускается после обновления","Хранилища и файлы","6","3",""
"pass","src/content/errors/storage-hdd-disk-settings-reset.mdx","HDD диск: сбрасывает настройки после перезапуска","Хранилища и файлы","6","3",""
"pass","src/content/errors/storage-hdd-disk-slow-response.mdx","HDD диск: работает заметно медленнее обычного","Хранилища и файлы","6","3",""
"pass","src/content/errors/storage-hdd-disk-update-loop.mdx","HDD диск: застревает в цикле обновления","Хранилища и файлы","6","3",""
"pass","src/content/errors/storage-karta-pamyati-access-denied.mdx","карта памяти: показывает отказ в доступе","Хранилища и файлы","6","3",""
"pass","src/content/errors/storage-karta-pamyati-crash-on-open.mdx","карта памяти: падает при открытии файла или проекта","Хранилища и файлы","6","3",""
"pass","src/content/errors/storage-karta-pamyati-does-not-start.mdx","карта памяти: не запускается после обновления","Хранилища и файлы","6","3",""
"pass","src/content/errors/storage-karta-pamyati-settings-reset.mdx","карта памяти: сбрасывает настройки после перезапуска","Хранилища и файлы","6","3",""
"pass","src/content/errors/storage-karta-pamyati-slow-response.mdx","карта памяти: работает заметно медленнее обычного","Хранилища и файлы","6","3",""
"pass","src/content/errors/storage-karta-pamyati-update-loop.mdx","карта памяти: застревает в цикле обновления","Хранилища и файлы","6","3",""
"pass","src/content/errors/storage-nvme-drive-disconnects-randomly.mdx","NVMe Drive: самопроизвольно отключается","Хранилища и файлы","6","4",""
"pass","src/content/errors/storage-nvme-drive-driver-error.mdx","NVMe Drive: ошибка драйвера","Хранилища и файлы","6","4",""
"pass","src/content/errors/storage-nvme-drive-firmware-update-failed.mdx","NVMe Drive: ошибка обновления прошивки","Хранилища и файлы","6","4",""
"pass","src/content/errors/storage-nvme-drive-low-performance.mdx","NVMe Drive: низкая производительность","Хранилища и файлы","6","4",""
"pass","src/content/errors/storage-nvme-drive-not-detected.mdx","NVMe Drive: не определяется системой","Хранилища и файлы","6","4",""
"pass","src/content/errors/storage-papka-s-pravami-access-denied.mdx","папка с правами: показывает отказ в доступе","Хранилища и файлы","6","3",""
"pass","src/content/errors/storage-papka-s-pravami-crash-on-open.mdx","папка с правами: падает при открытии файла или проекта","Хранилища и файлы","6","3",""
"pass","src/content/errors/storage-papka-s-pravami-does-not-start.mdx","папка с правами: не запускается после обновления","Хранилища и файлы","6","3",""
"pass","src/content/errors/storage-papka-s-pravami-settings-reset.mdx","папка с правами: сбрасывает настройки после перезапуска","Хранилища и файлы","6","3",""
"pass","src/content/errors/storage-papka-s-pravami-slow-response.mdx","папка с правами: работает заметно медленнее обычного","Хранилища и файлы","6","3",""
"pass","src/content/errors/storage-raid-massiv-access-denied.mdx","RAID массив: показывает отказ в доступе","Хранилища и файлы","6","3",""
"pass","src/content/errors/storage-raid-massiv-crash-on-open.mdx","RAID массив: падает при открытии файла или проекта","Хранилища и файлы","6","3",""
"pass","src/content/errors/storage-raid-massiv-does-not-start.mdx","RAID массив: не запускается после обновления","Хранилища и файлы","6","3",""
"pass","src/content/errors/storage-raid-massiv-settings-reset.mdx","RAID массив: сбрасывает настройки после перезапуска","Хранилища и файлы","6","3",""
"pass","src/content/errors/storage-raid-massiv-slow-response.mdx","RAID массив: работает заметно медленнее обычного","Хранилища и файлы","6","3",""
"pass","src/content/errors/storage-raid-massiv-update-loop.mdx","RAID массив: застревает в цикле обновления","Хранилища и файлы","6","3",""
"pass","src/content/errors/storage-razdel-windows-access-denied.mdx","раздел Windows: показывает отказ в доступе","Хранилища и файлы","6","3",""
"pass","src/content/errors/storage-razdel-windows-crash-on-open.mdx","раздел Windows: падает при открытии файла или проекта","Хранилища и файлы","6","3",""
"pass","src/content/errors/storage-razdel-windows-does-not-start.mdx","раздел Windows: не запускается после обновления","Хранилища и файлы","6","3",""
"pass","src/content/errors/storage-razdel-windows-settings-reset.mdx","раздел Windows: сбрасывает настройки после перезапуска","Хранилища и файлы","6","3",""
"pass","src/content/errors/storage-razdel-windows-slow-response.mdx","раздел Windows: работает заметно медленнее обычного","Хранилища и файлы","6","3",""
"pass","src/content/errors/storage-razdel-windows-update-loop.mdx","раздел Windows: застревает в цикле обновления","Хранилища и файлы","6","3",""
"pass","src/content/errors/storage-rezervnaya-kopiya-access-denied.mdx","резервная копия: показывает отказ в доступе","Хранилища и файлы","6","3",""
"pass","src/content/errors/storage-rezervnaya-kopiya-crash-on-open.mdx","резервная копия: падает при открытии файла или проекта","Хранилища и файлы","6","3",""
"pass","src/content/errors/storage-rezervnaya-kopiya-does-not-start.mdx","резервная копия: не запускается после обновления","Хранилища и файлы","6","3",""
"pass","src/content/errors/storage-rezervnaya-kopiya-settings-reset.mdx","резервная копия: сбрасывает настройки после перезапуска","Хранилища и файлы","6","3",""
"pass","src/content/errors/storage-rezervnaya-kopiya-slow-response.mdx","резервная копия: работает заметно медленнее обычного","Хранилища и файлы","6","3",""
"pass","src/content/errors/storage-setevoy-nas-access-denied.mdx","сетевой NAS: показывает отказ в доступе","Хранилища и файлы","6","3",""
"pass","src/content/errors/storage-setevoy-nas-crash-on-open.mdx","сетевой NAS: падает при открытии файла или проекта","Хранилища и файлы","6","3",""
"pass","src/content/errors/storage-setevoy-nas-does-not-start.mdx","сетевой NAS: не запускается после обновления","Хранилища и файлы","6","3",""
"pass","src/content/errors/storage-setevoy-nas-settings-reset.mdx","сетевой NAS: сбрасывает настройки после перезапуска","Хранилища и файлы","6","3",""
"pass","src/content/errors/storage-setevoy-nas-slow-response.mdx","сетевой NAS: работает заметно медленнее обычного","Хранилища и файлы","6","3",""
"pass","src/content/errors/storage-setevoy-nas-update-loop.mdx","сетевой NAS: застревает в цикле обновления","Хранилища и файлы","6","3",""
"pass","src/content/errors/storage-ssd-disk-access-denied.mdx","SSD диск: показывает отказ в доступе","Хранилища и файлы","6","3",""
"pass","src/content/errors/storage-ssd-disk-crash-on-open.mdx","SSD диск: падает при открытии файла или проекта","Хранилища и файлы","6","3",""
"pass","src/content/errors/storage-ssd-disk-does-not-start.mdx","SSD диск: не запускается после обновления","Хранилища и файлы","6","3",""
"pass","src/content/errors/storage-ssd-disk-settings-reset.mdx","SSD диск: сбрасывает настройки после перезапуска","Хранилища и файлы","6","3",""
"pass","src/content/errors/storage-ssd-disk-slow-response.mdx","SSD диск: работает заметно медленнее обычного","Хранилища и файлы","6","3",""
"pass","src/content/errors/storage-ssd-disk-update-loop.mdx","SSD диск: застревает в цикле обновления","Хранилища и файлы","6","3",""
"pass","src/content/errors/storage-storage-spaces-access-denied.mdx","Storage Spaces: показывает отказ в доступе","Хранилища и файлы","6","3",""
"pass","src/content/errors/storage-storage-spaces-crash-on-open.mdx","Storage Spaces: падает при открытии файла или проекта","Хранилища и файлы","6","3",""
"pass","src/content/errors/storage-storage-spaces-does-not-start.mdx","Storage Spaces: не запускается после обновления","Хранилища и файлы","6","3",""
"pass","src/content/errors/storage-storage-spaces-settings-reset.mdx","Storage Spaces: сбрасывает настройки после перезапуска","Хранилища и файлы","6","3",""
"pass","src/content/errors/storage-storage-spaces-slow-response.mdx","Storage Spaces: работает заметно медленнее обычного","Хранилища и файлы","6","3",""
"pass","src/content/errors/storage-storage-spaces-update-loop.mdx","Storage Spaces: застревает в цикле обновления","Хранилища и файлы","6","3",""
"pass","src/content/errors/storage-time-machine-backup-access-denied.mdx","Time Machine backup: показывает отказ в доступе","Хранилища и файлы","6","3",""
"pass","src/content/errors/storage-time-machine-backup-crash-on-open.mdx","Time Machine backup: падает при открытии файла или проекта","Хранилища и файлы","6","3",""
"pass","src/content/errors/storage-time-machine-backup-does-not-start.mdx","Time Machine backup: не запускается после обновления","Хранилища и файлы","6","3",""
"pass","src/content/errors/storage-time-machine-backup-settings-reset.mdx","Time Machine backup: сбрасывает настройки после перезапуска","Хранилища и файлы","6","3",""
"pass","src/content/errors/storage-time-machine-backup-slow-response.mdx","Time Machine backup: работает заметно медленнее обычного","Хранилища и файлы","6","3",""
"pass","src/content/errors/storage-time-machine-backup-update-loop.mdx","Time Machine backup: застревает в цикле обновления","Хранилища и файлы","6","3",""
"pass","src/content/errors/storage-vneshniy-usb-disk-access-denied.mdx","внешний USB диск: показывает отказ в доступе","Хранилища и файлы","6","3",""
"pass","src/content/errors/storage-vneshniy-usb-disk-crash-on-open.mdx","внешний USB диск: падает при открытии файла или проекта","Хранилища и файлы","6","3",""
"pass","src/content/errors/storage-vneshniy-usb-disk-does-not-start.mdx","внешний USB диск: не запускается после обновления","Хранилища и файлы","6","3",""
"pass","src/content/errors/storage-vneshniy-usb-disk-settings-reset.mdx","внешний USB диск: сбрасывает настройки после перезапуска","Хранилища и файлы","6","3",""
"pass","src/content/errors/storage-vneshniy-usb-disk-slow-response.mdx","внешний USB диск: работает заметно медленнее обычного","Хранилища и файлы","6","3",""
"pass","src/content/errors/storage-vneshniy-usb-disk-update-loop.mdx","внешний USB диск: застревает в цикле обновления","Хранилища и файлы","6","3",""
"pass","src/content/errors/televizor-samsung-ne-vklyuchaetsya-reshenie.mdx","Телевизор Samsung не включается: диагностика и ремонт","Телевизоры и аудио","6","3",""
"pass","src/content/errors/thunderbird-ne-otpravlyaet-pisma.mdx","Thunderbird: не отправляет письма — как исправить","Электронная почта","6","4",""
"pass","src/content/errors/thunderbird-ne-prinimaet-pisma.mdx","Thunderbird: не принимает письма — как исправить","Электронная почта","6","4",""
"pass","src/content/errors/thunderbird-ne-rabotaet-vlozhenie.mdx","Thunderbird: не работает вложение — как исправить","Электронная почта","6","4",""
"pass","src/content/errors/thunderbird-oshibka-parolya.mdx","Thunderbird: ошибка пароля — как исправить","Электронная почта","6","4",""
"pass","src/content/errors/thunderbird-oshibka-sertifikata.mdx","Thunderbird: ошибка сертификата — как исправить","Электронная почта","6","4",""
"pass","src/content/errors/thunderbird-pisma-popadayut-v-spam.mdx","Thunderbird: письма попадают в спам — как исправить","Электронная почта","6","4",""
"pass","src/content/errors/tvs-audio-4k-televizor-access-denied.mdx","4K телевизор: показывает отказ в доступе","Телевизоры и аудио","6","3",""
"pass","src/content/errors/tvs-audio-4k-televizor-crash-on-open.mdx","4K телевизор: падает при открытии файла или проекта","Телевизоры и аудио","6","3",""
"pass","src/content/errors/tvs-audio-4k-televizor-does-not-start.mdx","4K телевизор: не запускается после обновления","Телевизоры и аудио","6","3",""
"pass","src/content/errors/tvs-audio-4k-televizor-settings-reset.mdx","4K телевизор: сбрасывает настройки после перезапуска","Телевизоры и аудио","6","3",""
"pass","src/content/errors/tvs-audio-4k-televizor-slow-response.mdx","4K телевизор: работает заметно медленнее обычного","Телевизоры и аудио","6","3",""
"pass","src/content/errors/tvs-audio-4k-televizor-update-loop.mdx","4K телевизор: застревает в цикле обновления","Телевизоры и аудио","6","3",""
"pass","src/content/errors/tvs-audio-android-tv-access-denied.mdx","Android TV: показывает отказ в доступе","Телевизоры и аудио","6","3",""
"pass","src/content/errors/tvs-audio-android-tv-crash-on-open.mdx","Android TV: падает при открытии файла или проекта","Телевизоры и аудио","6","3",""
"pass","src/content/errors/tvs-audio-android-tv-does-not-start.mdx","Android TV: не запускается после обновления","Телевизоры и аудио","6","3",""
"pass","src/content/errors/tvs-audio-android-tv-settings-reset.mdx","Android TV: сбрасывает настройки после перезапуска","Телевизоры и аудио","6","3",""
"pass","src/content/errors/tvs-audio-android-tv-slow-response.mdx","Android TV: работает заметно медленнее обычного","Телевизоры и аудио","6","3",""
"pass","src/content/errors/tvs-audio-android-tv-update-loop.mdx","Android TV: застревает в цикле обновления","Телевизоры и аудио","6","3",""
"pass","src/content/errors/tvs-audio-bluetooth-na-televizore-access-denied.mdx","Bluetooth на телевизоре: показывает отказ в доступе","Телевизоры и аудио","6","3",""
"pass","src/content/errors/tvs-audio-bluetooth-na-televizore-crash-on-open.mdx","Bluetooth на телевизоре: падает при открытии файла или проекта","Телевизоры и аудио","6","3",""
"pass","src/content/errors/tvs-audio-bluetooth-na-televizore-does-not-start.mdx","Bluetooth на телевизоре: не запускается после обновления","Телевизоры и аудио","6","3",""
"pass","src/content/errors/tvs-audio-bluetooth-na-televizore-settings-reset.mdx","Bluetooth на телевизоре: сбрасывает настройки после перезапуска","Телевизоры и аудио","6","3",""
"pass","src/content/errors/tvs-audio-bluetooth-na-televizore-slow-response.mdx","Bluetooth на телевизоре: работает заметно медленнее обычного","Телевизоры и аудио","6","3",""
"pass","src/content/errors/tvs-audio-bluetooth-na-televizore-update-loop.mdx","Bluetooth на телевизоре: застревает в цикле обновления","Телевизоры и аудио","6","3",""
"pass","src/content/errors/tvs-audio-cifrovye-kanaly-access-denied.mdx","цифровые каналы: показывает отказ в доступе","Телевизоры и аудио","6","3",""
"pass","src/content/errors/tvs-audio-cifrovye-kanaly-crash-on-open.mdx","цифровые каналы: падает при открытии файла или проекта","Телевизоры и аудио","6","3",""
"pass","src/content/errors/tvs-audio-cifrovye-kanaly-does-not-start.mdx","цифровые каналы: не запускается после обновления","Телевизоры и аудио","6","3",""
"pass","src/content/errors/tvs-audio-cifrovye-kanaly-settings-reset.mdx","цифровые каналы: сбрасывает настройки после перезапуска","Телевизоры и аудио","6","3",""
"pass","src/content/errors/tvs-audio-cifrovye-kanaly-slow-response.mdx","цифровые каналы: работает заметно медленнее обычного","Телевизоры и аудио","6","3",""
"pass","src/content/errors/tvs-audio-cifrovye-kanaly-update-loop.mdx","цифровые каналы: застревает в цикле обновления","Телевизоры и аудио","6","3",""
"pass","src/content/errors/tvs-audio-hdmi-arc-access-denied.mdx","HDMI ARC: показывает отказ в доступе","Телевизоры и аудио","6","3",""
"pass","src/content/errors/tvs-audio-hdmi-arc-crash-on-open.mdx","HDMI ARC: падает при открытии файла или проекта","Телевизоры и аудио","6","3",""
"pass","src/content/errors/tvs-audio-hdmi-arc-does-not-start.mdx","HDMI ARC: не запускается после обновления","Телевизоры и аудио","6","3",""
"pass","src/content/errors/tvs-audio-hdmi-arc-settings-reset.mdx","HDMI ARC: сбрасывает настройки после перезапуска","Телевизоры и аудио","6","3",""
"pass","src/content/errors/tvs-audio-hdmi-arc-slow-response.mdx","HDMI ARC: работает заметно медленнее обычного","Телевизоры и аудио","6","3",""
"pass","src/content/errors/tvs-audio-hdmi-arc-update-loop.mdx","HDMI ARC: застревает в цикле обновления","Телевизоры и аудио","6","3",""
"pass","src/content/errors/tvs-audio-lg-smart-tv-access-denied.mdx","LG Smart TV: показывает отказ в доступе","Телевизоры и аудио","6","4",""
"pass","src/content/errors/tvs-audio-lg-smart-tv-crash-on-open.mdx","LG Smart TV: падает при открытии файла или проекта","Телевизоры и аудио","6","4",""
"pass","src/content/errors/tvs-audio-lg-smart-tv-does-not-start.mdx","LG Smart TV: не запускается после обновления","Телевизоры и аудио","6","4",""
"pass","src/content/errors/tvs-audio-lg-smart-tv-settings-reset.mdx","LG Smart TV: сбрасывает настройки после перезапуска","Телевизоры и аудио","6","4",""
"pass","src/content/errors/tvs-audio-lg-smart-tv-slow-response.mdx","LG Smart TV: работает заметно медленнее обычного","Телевизоры и аудио","6","4",""
"pass","src/content/errors/tvs-audio-lg-smart-tv-sync-error.mdx","LG Smart TV: не синхронизирует данные","Телевизоры и аудио","6","4",""
"pass","src/content/errors/tvs-audio-lg-smart-tv-update-loop.mdx","LG Smart TV: застревает в цикле обновления","Телевизоры и аудио","6","4",""
"pass","src/content/errors/tvs-audio-lg-tv-bad-smell.mdx","LG телевизор: появился запах или гарь","Телевизоры и аудио","6","4",""
"pass","src/content/errors/tvs-audio-lg-tv-error-code.mdx","LG телевизор: показывает код ошибки","Телевизоры и аудио","6","4",""
"pass","src/content/errors/tvs-audio-lg-tv-hdmi-212.mdx","LG TV: не видит HDMI — как исправить","Телевизоры и аудио","6","4",""
"pass","src/content/errors/tvs-audio-lg-tv-makes-noise.mdx","LG телевизор: шумит или вибрирует","Телевизоры и аудио","6","4",""
"pass","src/content/errors/tvs-audio-lg-tv-smart-tv-211.mdx","LG TV: зависает Smart TV — как исправить","Телевизоры и аудио","6","4",""
"pass","src/content/errors/tvs-audio-lg-tv-stops-mid-cycle.mdx","LG телевизор: останавливается во время работы","Телевизоры и аудио","6","4",""
"pass","src/content/errors/tvs-audio-lg-tv-wi-fi-210.mdx","LG TV: не подключается Wi-Fi — как исправить","Телевизоры и аудио","6","4",""
"pass","src/content/errors/tvs-audio-lg-tv-wont-turn-on.mdx","LG телевизор: не включается","Телевизоры и аудио","6","4",""
"pass","src/content/errors/tvs-audio-prilozhenie-smart-tv-access-denied.mdx","приложение Smart TV: показывает отказ в доступе","Телевизоры и аудио","6","3",""
"pass","src/content/errors/tvs-audio-prilozhenie-smart-tv-crash-on-open.mdx","приложение Smart TV: падает при открытии файла или проекта","Телевизоры и аудио","6","3",""
"pass","src/content/errors/tvs-audio-prilozhenie-smart-tv-does-not-start.mdx","приложение Smart TV: не запускается после обновления","Телевизоры и аудио","6","3",""
"pass","src/content/errors/tvs-audio-prilozhenie-smart-tv-settings-reset.mdx","приложение Smart TV: сбрасывает настройки после перезапуска","Телевизоры и аудио","6","3",""
"pass","src/content/errors/tvs-audio-prilozhenie-smart-tv-slow-response.mdx","приложение Smart TV: работает заметно медленнее обычного","Телевизоры и аудио","6","3",""
"pass","src/content/errors/tvs-audio-prilozhenie-smart-tv-update-loop.mdx","приложение Smart TV: застревает в цикле обновления","Телевизоры и аудио","6","3",""
"pass","src/content/errors/tvs-audio-pult-televizora-access-denied.mdx","пульт телевизора: показывает отказ в доступе","Телевизоры и аудио","6","3",""
"pass","src/content/errors/tvs-audio-pult-televizora-crash-on-open.mdx","пульт телевизора: падает при открытии файла или проекта","Телевизоры и аудио","6","3",""
"pass","src/content/errors/tvs-audio-pult-televizora-does-not-start.mdx","пульт телевизора: не запускается после обновления","Телевизоры и аудио","6","3",""
"pass","src/content/errors/tvs-audio-pult-televizora-settings-reset.mdx","пульт телевизора: сбрасывает настройки после перезапуска","Телевизоры и аудио","6","3",""
"pass","src/content/errors/tvs-audio-pult-televizora-slow-response.mdx","пульт телевизора: работает заметно медленнее обычного","Телевизоры и аудио","6","3",""
"pass","src/content/errors/tvs-audio-pult-televizora-update-loop.mdx","пульт телевизора: застревает в цикле обновления","Телевизоры и аудио","6","3",""
"pass","src/content/errors/tvs-audio-samsung-smart-tv-access-denied.mdx","Samsung Smart TV: показывает отказ в доступе","Телевизоры и аудио","6","4",""
"pass","src/content/errors/tvs-audio-samsung-smart-tv-crash-on-open.mdx","Samsung Smart TV: падает при открытии файла или проекта","Телевизоры и аудио","6","4",""
"pass","src/content/errors/tvs-audio-samsung-smart-tv-does-not-start.mdx","Samsung Smart TV: не запускается после обновления","Телевизоры и аудио","6","4",""
"pass","src/content/errors/tvs-audio-samsung-smart-tv-settings-reset.mdx","Samsung Smart TV: сбрасывает настройки после перезапуска","Телевизоры и аудио","6","4",""
"pass","src/content/errors/tvs-audio-samsung-smart-tv-slow-response.mdx","Samsung Smart TV: работает заметно медленнее обычного","Телевизоры и аудио","6","4",""
"pass","src/content/errors/tvs-audio-samsung-smart-tv-sync-error.mdx","Samsung Smart TV: не синхронизирует данные","Телевизоры и аудио","6","4",""
"pass","src/content/errors/tvs-audio-samsung-smart-tv-update-loop.mdx","Samsung Smart TV: застревает в цикле обновления","Телевизоры и аудио","6","4",""
"pass","src/content/errors/tvs-audio-samsung-tv-bad-smell.mdx","Samsung телевизор: появился запах или гарь","Телевизоры и аудио","6","4",""
"pass","src/content/errors/tvs-audio-samsung-tv-error-code.mdx","Samsung телевизор: показывает код ошибки","Телевизоры и аудио","6","4",""
"pass","src/content/errors/tvs-audio-samsung-tv-hdmi-206.mdx","Samsung TV: не видит HDMI — как исправить","Телевизоры и аудио","6","4",""
"pass","src/content/errors/tvs-audio-samsung-tv-makes-noise.mdx","Samsung телевизор: шумит или вибрирует","Телевизоры и аудио","6","4",""
"pass","src/content/errors/tvs-audio-samsung-tv-smart-tv-205.mdx","Samsung TV: зависает Smart TV — как исправить","Телевизоры и аудио","6","4",""
"pass","src/content/errors/tvs-audio-samsung-tv-stops-mid-cycle.mdx","Samsung телевизор: останавливается во время работы","Телевизоры и аудио","6","4",""
"pass","src/content/errors/tvs-audio-samsung-tv-wi-fi-204.mdx","Samsung TV: не подключается Wi-Fi — как исправить","Телевизоры и аудио","6","4",""
"pass","src/content/errors/tvs-audio-samsung-tv-wont-turn-on.mdx","Samsung телевизор: не включается","Телевизоры и аудио","6","4",""
"pass","src/content/errors/tvs-audio-saundbar-access-denied.mdx","саундбар: показывает отказ в доступе","Телевизоры и аудио","6","3",""
"pass","src/content/errors/tvs-audio-saundbar-crash-on-open.mdx","саундбар: падает при открытии файла или проекта","Телевизоры и аудио","6","3",""
"pass","src/content/errors/tvs-audio-saundbar-does-not-start.mdx","саундбар: не запускается после обновления","Телевизоры и аудио","6","3",""
"pass","src/content/errors/tvs-audio-saundbar-settings-reset.mdx","саундбар: сбрасывает настройки после перезапуска","Телевизоры и аудио","6","3",""
"pass","src/content/errors/tvs-audio-saundbar-slow-response.mdx","саундбар: работает заметно медленнее обычного","Телевизоры и аудио","6","3",""
"pass","src/content/errors/tvs-audio-saundbar-update-loop.mdx","саундбар: застревает в цикле обновления","Телевизоры и аудио","6","3",""
"pass","src/content/errors/tvs-audio-sony-bravia-tv-access-denied.mdx","Sony Bravia TV: показывает отказ в доступе","Телевизоры и аудио","6","4",""
"pass","src/content/errors/tvs-audio-sony-bravia-tv-crash-on-open.mdx","Sony Bravia TV: падает при открытии файла или проекта","Телевизоры и аудио","6","4",""
"pass","src/content/errors/tvs-audio-sony-bravia-tv-does-not-start.mdx","Sony Bravia TV: не запускается после обновления","Телевизоры и аудио","6","4",""
"pass","src/content/errors/tvs-audio-sony-bravia-tv-settings-reset.mdx","Sony Bravia TV: сбрасывает настройки после перезапуска","Телевизоры и аудио","6","4",""
"pass","src/content/errors/tvs-audio-sony-bravia-tv-slow-response.mdx","Sony Bravia TV: работает заметно медленнее обычного","Телевизоры и аудио","6","4",""
"pass","src/content/errors/tvs-audio-sony-bravia-tv-update-loop.mdx","Sony Bravia TV: застревает в цикле обновления","Телевизоры и аудио","6","4",""
"pass","src/content/errors/tvs-audio-wi-fi-televizora-access-denied.mdx","Wi-Fi телевизора: показывает отказ в доступе","Телевизоры и аудио","6","3",""
"pass","src/content/errors/tvs-audio-wi-fi-televizora-crash-on-open.mdx","Wi-Fi телевизора: падает при открытии файла или проекта","Телевизоры и аудио","6","3",""
"pass","src/content/errors/tvs-audio-wi-fi-televizora-does-not-start.mdx","Wi-Fi телевизора: не запускается после обновления","Телевизоры и аудио","6","3",""
"pass","src/content/errors/tvs-audio-wi-fi-televizora-settings-reset.mdx","Wi-Fi телевизора: сбрасывает настройки после перезапуска","Телевизоры и аудио","6","3",""
"pass","src/content/errors/tvs-audio-wi-fi-televizora-slow-response.mdx","Wi-Fi телевизора: работает заметно медленнее обычного","Телевизоры и аудио","6","3",""
"pass","src/content/errors/tvs-audio-wi-fi-televizora-update-loop.mdx","Wi-Fi телевизора: застревает в цикле обновления","Телевизоры и аудио","6","3",""
"pass","src/content/errors/uefi-ne-sohranyaet-nastroyki.mdx","UEFI: не сохраняет настройки — как исправить","BIOS и UEFI","6","4",""
"pass","src/content/errors/uefi-ne-vidit-zagruzochnyy-disk.mdx","UEFI: не видит загрузочный диск — как исправить","BIOS и UEFI","6","4",""
"pass","src/content/errors/uefi-sbrosilsya-posle-obnovleniya.mdx","UEFI: сбросился после обновления — как исправить","BIOS и UEFI","6","4",""
"pass","src/content/errors/usb-flash-drive-medlenno-kopiruet-fayly.mdx","USB flash drive: медленно копирует файлы — как исправить","Хранилища и файлы","6","4",""
"pass","src/content/errors/usb-flash-drive-ne-montiruetsya.mdx","USB flash drive: не монтируется — как исправить","Хранилища и файлы","6","4",""
"pass","src/content/errors/usb-flash-drive-ne-opredelyaetsya.mdx","USB flash drive: не определяется — как исправить","Хранилища и файлы","6","4",""
"pass","src/content/errors/usb-flash-drive-oshibka-vvoda-vyvoda.mdx","USB flash drive: ошибка ввода вывода — как исправить","Хранилища и файлы","6","4",""
"pass","src/content/errors/usb-flash-drive-povrezhdena-faylovaya-sistema.mdx","USB flash drive: повреждена файловая система — как исправить","Хранилища и файлы","6","4",""
"pass","src/content/errors/usb-flash-drive-prosit-formatirovat.mdx","USB flash drive: просит форматировать — как исправить","Хранилища и файлы","6","4",""
"pass","src/content/errors/vacuums-baza-zaryadki-robota-bad-smell.mdx","база зарядки робота: появился запах при работе","Пылесосы и роботы-пылесосы","6","3",""
"pass","src/content/errors/vacuums-baza-zaryadki-robota-does-not-start.mdx","база зарядки робота: не запускается","Пылесосы и роботы-пылесосы","6","3",""
"pass","src/content/errors/vacuums-baza-zaryadki-robota-error-code.mdx","база зарядки робота: показывает код ошибки","Пылесосы и роботы-пылесосы","6","3",""
"pass","src/content/errors/vacuums-baza-zaryadki-robota-leaks-water.mdx","база зарядки робота: подтекает снизу или у двери","Пылесосы и роботы-пылесосы","6","3",""
"pass","src/content/errors/vacuums-baza-zaryadki-robota-noise-vibration.mdx","база зарядки робота: шумит или вибрирует сильнее обычного","Пылесосы и роботы-пылесосы","6","3",""
"pass","src/content/errors/vacuums-baza-zaryadki-robota-stops-mid-cycle.mdx","база зарядки робота: останавливается в середине цикла","Пылесосы и роботы-пылесосы","6","3",""
"pass","src/content/errors/vacuums-besprovodnoy-pylesos-bad-smell.mdx","беспроводной пылесос: появился запах при работе","Пылесосы и роботы-пылесосы","6","3",""
"pass","src/content/errors/vacuums-besprovodnoy-pylesos-does-not-start.mdx","беспроводной пылесос: не запускается","Пылесосы и роботы-пылесосы","6","3",""
"pass","src/content/errors/vacuums-besprovodnoy-pylesos-error-code.mdx","беспроводной пылесос: показывает код ошибки","Пылесосы и роботы-пылесосы","6","3",""
"pass","src/content/errors/vacuums-besprovodnoy-pylesos-leaks-water.mdx","беспроводной пылесос: подтекает снизу или у двери","Пылесосы и роботы-пылесосы","6","3",""
"pass","src/content/errors/vacuums-besprovodnoy-pylesos-noise-vibration.mdx","беспроводной пылесос: шумит или вибрирует сильнее обычного","Пылесосы и роботы-пылесосы","6","3",""
"pass","src/content/errors/vacuums-besprovodnoy-pylesos-stops-mid-cycle.mdx","беспроводной пылесос: останавливается в середине цикла","Пылесосы и роботы-пылесосы","6","3",""
"pass","src/content/errors/vacuums-datchiki-robota-pylesosa-bad-smell.mdx","датчики робота-пылесоса: появился запах при работе","Пылесосы и роботы-пылесосы","6","3",""
"pass","src/content/errors/vacuums-datchiki-robota-pylesosa-does-not-start.mdx","датчики робота-пылесоса: не запускается","Пылесосы и роботы-пылесосы","6","3",""
"pass","src/content/errors/vacuums-datchiki-robota-pylesosa-error-code.mdx","датчики робота-пылесоса: показывает код ошибки","Пылесосы и роботы-пылесосы","6","3",""
"pass","src/content/errors/vacuums-datchiki-robota-pylesosa-leaks-water.mdx","датчики робота-пылесоса: подтекает снизу или у двери","Пылесосы и роботы-пылесосы","6","3",""
"pass","src/content/errors/vacuums-datchiki-robota-pylesosa-noise-vibration.mdx","датчики робота-пылесоса: шумит или вибрирует сильнее обычного","Пылесосы и роботы-пылесосы","6","3",""
"pass","src/content/errors/vacuums-datchiki-robota-pylesosa-stops-mid-cycle.mdx","датчики робота-пылесоса: останавливается в середине цикла","Пылесосы и роботы-пылесосы","6","3",""
"pass","src/content/errors/vacuums-dreame-robot-pylesos-bad-smell.mdx","Dreame робот-пылесос: появился запах при работе","Пылесосы и роботы-пылесосы","6","4",""
"pass","src/content/errors/vacuums-dreame-robot-pylesos-does-not-start.mdx","Dreame робот-пылесос: не запускается","Пылесосы и роботы-пылесосы","6","4",""
"pass","src/content/errors/vacuums-dreame-robot-pylesos-error-code.mdx","Dreame робот-пылесос: показывает код ошибки","Пылесосы и роботы-пылесосы","6","4",""
"pass","src/content/errors/vacuums-dreame-robot-pylesos-leaks-water.mdx","Dreame робот-пылесос: подтекает снизу или у двери","Пылесосы и роботы-пылесосы","6","4",""
"pass","src/content/errors/vacuums-dreame-robot-pylesos-noise-vibration.mdx","Dreame робот-пылесос: шумит или вибрирует сильнее обычного","Пылесосы и роботы-пылесосы","6","4",""
"pass","src/content/errors/vacuums-dreame-robot-pylesos-stops-mid-cycle.mdx","Dreame робот-пылесос: останавливается в середине цикла","Пылесосы и роботы-пылесосы","6","4",""
"pass","src/content/errors/vacuums-konteyner-pylesosa-bad-smell.mdx","контейнер пылесоса: появился запах при работе","Пылесосы и роботы-пылесосы","6","3",""
"pass","src/content/errors/vacuums-konteyner-pylesosa-does-not-start.mdx","контейнер пылесоса: не запускается","Пылесосы и роботы-пылесосы","6","3",""
"pass","src/content/errors/vacuums-konteyner-pylesosa-error-code.mdx","контейнер пылесоса: показывает код ошибки","Пылесосы и роботы-пылесосы","6","3",""
"pass","src/content/errors/vacuums-konteyner-pylesosa-leaks-water.mdx","контейнер пылесоса: подтекает снизу или у двери","Пылесосы и роботы-пылесосы","6","3",""
"pass","src/content/errors/vacuums-konteyner-pylesosa-noise-vibration.mdx","контейнер пылесоса: шумит или вибрирует сильнее обычного","Пылесосы и роботы-пылесосы","6","3",""
"pass","src/content/errors/vacuums-konteyner-pylesosa-stops-mid-cycle.mdx","контейнер пылесоса: останавливается в середине цикла","Пылесосы и роботы-пылесосы","6","3",""
"pass","src/content/errors/vacuums-lg-pylesos-bad-smell.mdx","LG пылесос: появился запах при работе","Пылесосы и роботы-пылесосы","6","4",""
"pass","src/content/errors/vacuums-lg-pylesos-does-not-start.mdx","LG пылесос: не запускается","Пылесосы и роботы-пылесосы","6","4",""
"pass","src/content/errors/vacuums-lg-pylesos-error-code.mdx","LG пылесос: показывает код ошибки","Пылесосы и роботы-пылесосы","6","4",""
"pass","src/content/errors/vacuums-lg-pylesos-leaks-water.mdx","LG пылесос: подтекает снизу или у двери","Пылесосы и роботы-пылесосы","6","4",""
"pass","src/content/errors/vacuums-lg-pylesos-noise-vibration.mdx","LG пылесос: шумит или вибрирует сильнее обычного","Пылесосы и роботы-пылесосы","6","4",""
"pass","src/content/errors/vacuums-lg-pylesos-stops-mid-cycle.mdx","LG пылесос: останавливается в середине цикла","Пылесосы и роботы-пылесосы","6","4",""
"pass","src/content/errors/vacuums-moyuschiy-pylesos-bad-smell.mdx","моющий пылесос: появился запах при работе","Пылесосы и роботы-пылесосы","6","3",""
"pass","src/content/errors/vacuums-moyuschiy-pylesos-does-not-start.mdx","моющий пылесос: не запускается","Пылесосы и роботы-пылесосы","6","3",""
"pass","src/content/errors/vacuums-moyuschiy-pylesos-error-code.mdx","моющий пылесос: показывает код ошибки","Пылесосы и роботы-пылесосы","6","3",""
"pass","src/content/errors/vacuums-moyuschiy-pylesos-leaks-water.mdx","моющий пылесос: подтекает снизу или у двери","Пылесосы и роботы-пылесосы","6","3",""
"pass","src/content/errors/vacuums-moyuschiy-pylesos-noise-vibration.mdx","моющий пылесос: шумит или вибрирует сильнее обычного","Пылесосы и роботы-пылесосы","6","3",""
"pass","src/content/errors/vacuums-moyuschiy-pylesos-stops-mid-cycle.mdx","моющий пылесос: останавливается в середине цикла","Пылесосы и роботы-пылесосы","6","3",""
"pass","src/content/errors/vacuums-roborock-robot-pylesos-bad-smell.mdx","Roborock робот-пылесос: появился запах при работе","Пылесосы и роботы-пылесосы","6","4",""
"pass","src/content/errors/vacuums-roborock-robot-pylesos-does-not-start.mdx","Roborock робот-пылесос: не запускается","Пылесосы и роботы-пылесосы","6","4",""
"pass","src/content/errors/vacuums-roborock-robot-pylesos-error-code.mdx","Roborock робот-пылесос: показывает код ошибки","Пылесосы и роботы-пылесосы","6","4",""
"pass","src/content/errors/vacuums-roborock-robot-pylesos-leaks-water.mdx","Roborock робот-пылесос: подтекает снизу или у двери","Пылесосы и роботы-пылесосы","6","4",""
"pass","src/content/errors/vacuums-roborock-robot-pylesos-noise-vibration.mdx","Roborock робот-пылесос: шумит или вибрирует сильнее обычного","Пылесосы и роботы-пылесосы","6","4",""
"pass","src/content/errors/vacuums-roborock-robot-pylesos-stops-mid-cycle.mdx","Roborock робот-пылесос: останавливается в середине цикла","Пылесосы и роботы-пылесосы","6","4",""
"pass","src/content/errors/vacuums-roborock-vacuum-bad-smell.mdx","Roborock vacuum: появился запах или гарь","Пылесосы и роботы-пылесосы","6","4",""
"pass","src/content/errors/vacuums-roborock-vacuum-error-code.mdx","Roborock vacuum: показывает код ошибки","Пылесосы и роботы-пылесосы","6","4",""
"pass","src/content/errors/vacuums-roborock-vacuum-leaks-water.mdx","Roborock vacuum: протекает","Пылесосы и роботы-пылесосы","6","4",""
"pass","src/content/errors/vacuums-roborock-vacuum-makes-noise.mdx","Roborock vacuum: шумит или вибрирует","Пылесосы и роботы-пылесосы","6","4",""
"pass","src/content/errors/vacuums-roborock-vacuum-stops-mid-cycle.mdx","Roborock vacuum: останавливается во время работы","Пылесосы и роботы-пылесосы","6","4",""
"pass","src/content/errors/vacuums-roborock-vacuum-wont-turn-on.mdx","Roborock vacuum: не включается","Пылесосы и роботы-пылесосы","6","4",""
"pass","src/content/errors/vacuums-samsung-pylesos-bad-smell.mdx","Samsung пылесос: появился запах при работе","Пылесосы и роботы-пылесосы","6","4",""
"pass","src/content/errors/vacuums-samsung-pylesos-does-not-start.mdx","Samsung пылесос: не запускается","Пылесосы и роботы-пылесосы","6","4",""
"pass","src/content/errors/vacuums-samsung-pylesos-error-code.mdx","Samsung пылесос: показывает код ошибки","Пылесосы и роботы-пылесосы","6","4",""
"pass","src/content/errors/vacuums-samsung-pylesos-leaks-water.mdx","Samsung пылесос: подтекает снизу или у двери","Пылесосы и роботы-пылесосы","6","4",""
"pass","src/content/errors/vacuums-samsung-pylesos-noise-vibration.mdx","Samsung пылесос: шумит или вибрирует сильнее обычного","Пылесосы и роботы-пылесосы","6","4",""
"pass","src/content/errors/vacuums-samsung-pylesos-stops-mid-cycle.mdx","Samsung пылесос: останавливается в середине цикла","Пылесосы и роботы-пылесосы","6","4",""
"pass","src/content/errors/vacuums-turboschetka-pylesosa-bad-smell.mdx","турбощетка пылесоса: появился запах при работе","Пылесосы и роботы-пылесосы","6","3",""
"pass","src/content/errors/vacuums-turboschetka-pylesosa-does-not-start.mdx","турбощетка пылесоса: не запускается","Пылесосы и роботы-пылесосы","6","3",""
"pass","src/content/errors/vacuums-turboschetka-pylesosa-error-code.mdx","турбощетка пылесоса: показывает код ошибки","Пылесосы и роботы-пылесосы","6","3",""
"pass","src/content/errors/vacuums-turboschetka-pylesosa-leaks-water.mdx","турбощетка пылесоса: подтекает снизу или у двери","Пылесосы и роботы-пылесосы","6","3",""
"pass","src/content/errors/vacuums-turboschetka-pylesosa-noise-vibration.mdx","турбощетка пылесоса: шумит или вибрирует сильнее обычного","Пылесосы и роботы-пылесосы","6","3",""
"pass","src/content/errors/vacuums-turboschetka-pylesosa-stops-mid-cycle.mdx","турбощетка пылесоса: останавливается в середине цикла","Пылесосы и роботы-пылесосы","6","3",""
"pass","src/content/errors/vacuums-vertikalnyy-pylesos-bad-smell.mdx","вертикальный пылесос: появился запах при работе","Пылесосы и роботы-пылесосы","6","3",""
"pass","src/content/errors/vacuums-vertikalnyy-pylesos-does-not-start.mdx","вертикальный пылесос: не запускается","Пылесосы и роботы-пылесосы","6","3",""
"pass","src/content/errors/vacuums-vertikalnyy-pylesos-error-code.mdx","вертикальный пылесос: показывает код ошибки","Пылесосы и роботы-пылесосы","6","3",""
"pass","src/content/errors/vacuums-vertikalnyy-pylesos-leaks-water.mdx","вертикальный пылесос: подтекает снизу или у двери","Пылесосы и роботы-пылесосы","6","3",""
"pass","src/content/errors/vacuums-vertikalnyy-pylesos-noise-vibration.mdx","вертикальный пылесос: шумит или вибрирует сильнее обычного","Пылесосы и роботы-пылесосы","6","3",""
"pass","src/content/errors/vacuums-vertikalnyy-pylesos-stops-mid-cycle.mdx","вертикальный пылесос: останавливается в середине цикла","Пылесосы и роботы-пылесосы","6","3",""
"pass","src/content/errors/vacuums-xiaomi-robot-pylesos-bad-smell.mdx","Xiaomi робот-пылесос: появился запах при работе","Пылесосы и роботы-пылесосы","6","4",""
"pass","src/content/errors/vacuums-xiaomi-robot-pylesos-does-not-start.mdx","Xiaomi робот-пылесос: не запускается","Пылесосы и роботы-пылесосы","6","4",""
"pass","src/content/errors/vacuums-xiaomi-robot-pylesos-error-code.mdx","Xiaomi робот-пылесос: показывает код ошибки","Пылесосы и роботы-пылесосы","6","4",""
"pass","src/content/errors/vacuums-xiaomi-robot-pylesos-leaks-water.mdx","Xiaomi робот-пылесос: подтекает снизу или у двери","Пылесосы и роботы-пылесосы","6","4",""
"pass","src/content/errors/vacuums-xiaomi-robot-pylesos-noise-vibration.mdx","Xiaomi робот-пылесос: шумит или вибрирует сильнее обычного","Пылесосы и роботы-пылесосы","6","4",""
"pass","src/content/errors/vacuums-xiaomi-robot-pylesos-stops-mid-cycle.mdx","Xiaomi робот-пылесос: останавливается в середине цикла","Пылесосы и роботы-пылесосы","6","4",""
"pass","src/content/errors/vacuums-xiaomi-robot-vacuum-bad-smell.mdx","Xiaomi robot vacuum: появился запах или гарь","Пылесосы и роботы-пылесосы","6","4",""
"pass","src/content/errors/vacuums-xiaomi-robot-vacuum-error-code.mdx","Xiaomi robot vacuum: показывает код ошибки","Пылесосы и роботы-пылесосы","6","4",""
"pass","src/content/errors/vacuums-xiaomi-robot-vacuum-leaks-water.mdx","Xiaomi robot vacuum: протекает","Пылесосы и роботы-пылесосы","6","4",""
"pass","src/content/errors/vacuums-xiaomi-robot-vacuum-makes-noise.mdx","Xiaomi robot vacuum: шумит или вибрирует","Пылесосы и роботы-пылесосы","6","4",""
"pass","src/content/errors/vacuums-xiaomi-robot-vacuum-stops-mid-cycle.mdx","Xiaomi robot vacuum: останавливается во время работы","Пылесосы и роботы-пылесосы","6","4",""
"pass","src/content/errors/vacuums-xiaomi-robot-vacuum-wont-turn-on.mdx","Xiaomi robot vacuum: не включается","Пылесосы и роботы-пылесосы","6","4",""
"pass","src/content/errors/veb-razrabotka-dockerdesktop-startup-001-kak-ispravit-oshibku-docker-desktop-failed-to-start.mdx","Как исправить ошибку 'Docker Desktop failed to start'","Веб-разработка","6","3",""
"pass","src/content/errors/veb-razrabotka-failed-to-start-gdm-service-ustranenie-oshibki-failed-to-start-gdm-service-v-ubun.mdx","Устранение ошибки ""Failed to start gdm.service"" в Ubuntu","Веб-разработка","6","4",""
"pass","src/content/errors/veb-razrabotka-gdm-service-failed-to-start-ispravlenie-oshibki-failed-to-start-gdm-service-v-ubu.mdx","Исправление ошибки ""Failed to start gdm.service"" в Ubuntu","Веб-разработка","6","4",""
"pass","src/content/errors/veb-razrabotka-nginx-common-errors-h2c-smuggling-ispravlenie-rasprostranennyh-oshibok-nginx-i-us.mdx","Исправление распространенных ошибок Nginx и устранение уязвимости H2C Smuggling","Веб-разработка","6","3",""
"pass","src/content/errors/veb-razrabotka-node-module-not-found-kak-ispravit-oshibku-node-js-module-not-found.mdx","Как исправить ошибку Node.js MODULE_NOT_FOUND","Веб-разработка","6","3",""
"pass","src/content/errors/veb-razrabotka-npm-eacces-kak-ispravit-oshibku-npm-err-eacces-otkazano-v-dostupe.mdx","Как исправить ошибку npm ERR! EACCES: Отказано в доступе","Веб-разработка","6","3",""
"pass","src/content/errors/veb-razrabotka-npm-err-enoent-ispravlenie-oshibki-npm-err-enoent-file-not-found.mdx","Исправление ошибки npm ERR! ENOENT: file not found","Веб-разработка","6","3",""
"pass","src/content/errors/veb-razrabotka-pip-install-failed-generic-ispravlenie-oshibok-pri-ustanovke-paketov-python-s-pom.mdx","Исправление ошибок при установке пакетов Python с помощью pip","Веб-разработка","6","3",""
"pass","src/content/errors/veb-razrabotka-visualc-redistributableerror-kak-ispravit-oshibku-visual-c-redistributable.mdx","Как исправить ошибку Visual C++ Redistributable","Веб-разработка","6","3",""
"pass","src/content/errors/virtualbox-ne-rabotaet-obschiy-bufer.mdx","VirtualBox: не работает общий буфер — как исправить","Виртуализация","6","4",""
"pass","src/content/errors/virtualbox-ne-zapuskaet-virtualnuyu-mashinu.mdx","VirtualBox: не запускает виртуальную машину — как исправить","Виртуализация","6","4",""
"pass","src/content/errors/virtualbox-net-apparatnoy-virtualizatsii.mdx","VirtualBox: нет аппаратной виртуализации — как исправить","Виртуализация","6","4",""
"pass","src/content/errors/virtualbox-nizkaya-proizvoditelnost.mdx","VirtualBox: низкая производительность — как исправить","Виртуализация","6","4",""
"pass","src/content/errors/virtualbox-vt-x-amd-v-unavailable-fix.mdx","VirtualBox VT-x/AMD-V недоступен: как включить виртуализацию","Виртуализация","7","4",""
"pass","src/content/errors/virtualization-bridged-set-vm-access-denied.mdx","bridged сеть VM: показывает отказ в доступе","Виртуализация","6","3",""
"pass","src/content/errors/virtualization-bridged-set-vm-crash-on-open.mdx","bridged сеть VM: падает при открытии файла или проекта","Виртуализация","6","3",""
"pass","src/content/errors/virtualization-bridged-set-vm-does-not-start.mdx","bridged сеть VM: не запускается после обновления","Виртуализация","6","3",""
"pass","src/content/errors/virtualization-bridged-set-vm-settings-reset.mdx","bridged сеть VM: сбрасывает настройки после перезапуска","Виртуализация","6","3",""
"pass","src/content/errors/virtualization-bridged-set-vm-slow-response.mdx","bridged сеть VM: работает заметно медленнее обычного","Виртуализация","6","3",""
"pass","src/content/errors/virtualization-bridged-set-vm-update-loop.mdx","bridged сеть VM: застревает в цикле обновления","Виртуализация","6","3",""
"pass","src/content/errors/virtualization-gostevye-dopolneniya-access-denied.mdx","гостевые дополнения: показывает отказ в доступе","Виртуализация","6","3",""
"pass","src/content/errors/virtualization-gostevye-dopolneniya-crash-on-open.mdx","гостевые дополнения: падает при открытии файла или проекта","Виртуализация","6","3",""
"pass","src/content/errors/virtualization-gostevye-dopolneniya-does-not-start.mdx","гостевые дополнения: не запускается после обновления","Виртуализация","6","3",""
"pass","src/content/errors/virtualization-gostevye-dopolneniya-settings-reset.mdx","гостевые дополнения: сбрасывает настройки после перезапуска","Виртуализация","6","3",""
"pass","src/content/errors/virtualization-gostevye-dopolneniya-slow-response.mdx","гостевые дополнения: работает заметно медленнее обычного","Виртуализация","6","3",""
"pass","src/content/errors/virtualization-gostevye-dopolneniya-update-loop.mdx","гостевые дополнения: застревает в цикле обновления","Виртуализация","6","3",""
"pass","src/content/errors/virtualization-hyper-v-crashes-after-update.mdx","Hyper-V: вылетает после обновления","Виртуализация","6","4",""
"pass","src/content/errors/virtualization-hyper-v-nat-135.mdx","Hyper-V: ошибка сети NAT — как исправить","Виртуализация","7","4",""
"pass","src/content/errors/virtualization-hyper-v-permission-denied.mdx","Hyper-V: отказано в доступе","Виртуализация","6","4",""
"pass","src/content/errors/virtualization-hyper-v-shared-folder-137.mdx","Hyper-V: не монтируется shared folder — как исправить","Виртуализация","7","4",""
"pass","src/content/errors/virtualization-hyper-v-virtualnaya-mashina-access-denied.mdx","Hyper-V виртуальная машина: показывает отказ в доступе","Виртуализация","6","3",""
"pass","src/content/errors/virtualization-hyper-v-virtualnaya-mashina-crash-on-open.mdx","Hyper-V виртуальная машина: падает при открытии файла или проекта","Виртуализация","6","3",""
"pass","src/content/errors/virtualization-hyper-v-virtualnaya-mashina-does-not-start.mdx","Hyper-V виртуальная машина: не запускается после обновления","Виртуализация","6","3",""
"pass","src/content/errors/virtualization-hyper-v-virtualnaya-mashina-settings-reset.mdx","Hyper-V виртуальная машина: сбрасывает настройки после перезапуска","Виртуализация","6","3",""
"pass","src/content/errors/virtualization-hyper-v-virtualnaya-mashina-slow-response.mdx","Hyper-V виртуальная машина: работает заметно медленнее обычного","Виртуализация","6","3",""
"pass","src/content/errors/virtualization-hyper-v-virtualnaya-mashina-update-loop.mdx","Hyper-V виртуальная машина: застревает в цикле обновления","Виртуализация","6","3",""
"pass","src/content/errors/virtualization-hyper-v-wont-start.mdx","Hyper-V: не запускается","Виртуализация","6","4",""
"pass","src/content/errors/virtualization-linux-vm-access-denied.mdx","Linux VM: показывает отказ в доступе","Виртуализация","6","3",""
"pass","src/content/errors/virtualization-linux-vm-crash-on-open.mdx","Linux VM: падает при открытии файла или проекта","Виртуализация","6","3",""
"pass","src/content/errors/virtualization-linux-vm-does-not-start.mdx","Linux VM: не запускается после обновления","Виртуализация","6","3",""
"pass","src/content/errors/virtualization-linux-vm-settings-reset.mdx","Linux VM: сбрасывает настройки после перезапуска","Виртуализация","6","3",""
"pass","src/content/errors/virtualization-linux-vm-slow-response.mdx","Linux VM: работает заметно медленнее обычного","Виртуализация","6","3",""
"pass","src/content/errors/virtualization-set-nat-vm-access-denied.mdx","сеть NAT VM: показывает отказ в доступе","Виртуализация","6","3",""
"pass","src/content/errors/virtualization-set-nat-vm-crash-on-open.mdx","сеть NAT VM: падает при открытии файла или проекта","Виртуализация","6","3",""
"pass","src/content/errors/virtualization-set-nat-vm-does-not-start.mdx","сеть NAT VM: не запускается после обновления","Виртуализация","6","3",""
"pass","src/content/errors/virtualization-set-nat-vm-settings-reset.mdx","сеть NAT VM: сбрасывает настройки после перезапуска","Виртуализация","6","3",""
"pass","src/content/errors/virtualization-set-nat-vm-slow-response.mdx","сеть NAT VM: работает заметно медленнее обычного","Виртуализация","6","3",""
"pass","src/content/errors/virtualization-set-nat-vm-update-loop.mdx","сеть NAT VM: застревает в цикле обновления","Виртуализация","6","3",""
"pass","src/content/errors/virtualization-snapshot-vm-access-denied.mdx","снапшот VM: показывает отказ в доступе","Виртуализация","6","3",""
"pass","src/content/errors/virtualization-snapshot-vm-crash-on-open.mdx","снапшот VM: падает при открытии файла или проекта","Виртуализация","6","3",""
"pass","src/content/errors/virtualization-snapshot-vm-does-not-start.mdx","снапшот VM: не запускается после обновления","Виртуализация","6","3",""
"pass","src/content/errors/virtualization-snapshot-vm-settings-reset.mdx","снапшот VM: сбрасывает настройки после перезапуска","Виртуализация","6","3",""
"pass","src/content/errors/virtualization-snapshot-vm-slow-response.mdx","снапшот VM: работает заметно медленнее обычного","Виртуализация","6","3",""
"pass","src/content/errors/virtualization-snapshot-vm-update-loop.mdx","снапшот VM: застревает в цикле обновления","Виртуализация","6","3",""
"pass","src/content/errors/virtualization-usb-passthrough-access-denied.mdx","USB passthrough: показывает отказ в доступе","Виртуализация","6","3",""
"pass","src/content/errors/virtualization-usb-passthrough-crash-on-open.mdx","USB passthrough: падает при открытии файла или проекта","Виртуализация","6","3",""
"pass","src/content/errors/virtualization-usb-passthrough-does-not-start.mdx","USB passthrough: не запускается после обновления","Виртуализация","6","3",""
"pass","src/content/errors/virtualization-usb-passthrough-settings-reset.mdx","USB passthrough: сбрасывает настройки после перезапуска","Виртуализация","6","3",""
"pass","src/content/errors/virtualization-usb-passthrough-slow-response.mdx","USB passthrough: работает заметно медленнее обычного","Виртуализация","6","3",""
"pass","src/content/errors/virtualization-virtualbox-nat-129.mdx","VirtualBox: ошибка сети NAT — как исправить","Виртуализация","7","4",""
"pass","src/content/errors/virtualization-virtualbox-shared-folder-131.mdx","VirtualBox: не монтируется shared folder — как исправить","Виртуализация","7","4",""
"pass","src/content/errors/virtualization-virtualbox-vm-access-denied.mdx","VirtualBox VM: показывает отказ в доступе","Виртуализация","6","3",""
"pass","src/content/errors/virtualization-virtualbox-vm-crash-on-open.mdx","VirtualBox VM: падает при открытии файла или проекта","Виртуализация","6","3",""
"pass","src/content/errors/virtualization-virtualbox-vm-does-not-start.mdx","VirtualBox VM: не запускается после обновления","Виртуализация","6","3",""
"pass","src/content/errors/virtualization-virtualbox-vm-settings-reset.mdx","VirtualBox VM: сбрасывает настройки после перезапуска","Виртуализация","6","3",""
"pass","src/content/errors/virtualization-virtualbox-vm-slow-response.mdx","VirtualBox VM: работает заметно медленнее обычного","Виртуализация","6","3",""
"pass","src/content/errors/virtualization-virtualbox-vm-update-loop.mdx","VirtualBox VM: застревает в цикле обновления","Виртуализация","6","3",""
"pass","src/content/errors/virtualization-virtualnyy-disk-vhdx-access-denied.mdx","виртуальный диск VHDX: показывает отказ в доступе","Виртуализация","6","3",""
"pass","src/content/errors/virtualization-virtualnyy-disk-vhdx-crash-on-open.mdx","виртуальный диск VHDX: падает при открытии файла или проекта","Виртуализация","6","3",""
"pass","src/content/errors/virtualization-virtualnyy-disk-vhdx-does-not-start.mdx","виртуальный диск VHDX: не запускается после обновления","Виртуализация","6","3",""
"pass","src/content/errors/virtualization-virtualnyy-disk-vhdx-settings-reset.mdx","виртуальный диск VHDX: сбрасывает настройки после перезапуска","Виртуализация","6","3",""
"pass","src/content/errors/virtualization-virtualnyy-disk-vhdx-slow-response.mdx","виртуальный диск VHDX: работает заметно медленнее обычного","Виртуализация","6","3",""
"pass","src/content/errors/virtualization-virtualnyy-disk-vhdx-update-loop.mdx","виртуальный диск VHDX: застревает в цикле обновления","Виртуализация","6","3",""
"pass","src/content/errors/virtualization-virtualnyy-tpm-access-denied.mdx","виртуальный TPM: показывает отказ в доступе","Виртуализация","6","3",""
"pass","src/content/errors/virtualization-virtualnyy-tpm-crash-on-open.mdx","виртуальный TPM: падает при открытии файла или проекта","Виртуализация","6","3",""
"pass","src/content/errors/virtualization-virtualnyy-tpm-does-not-start.mdx","виртуальный TPM: не запускается после обновления","Виртуализация","6","3",""
"pass","src/content/errors/virtualization-virtualnyy-tpm-settings-reset.mdx","виртуальный TPM: сбрасывает настройки после перезапуска","Виртуализация","6","3",""
"pass","src/content/errors/virtualization-virtualnyy-tpm-slow-response.mdx","виртуальный TPM: работает заметно медленнее обычного","Виртуализация","6","3",""
"pass","src/content/errors/virtualization-vmware-workstation-config-error.mdx","VMware Workstation: ошибка конфигурации","Виртуализация","6","4",""
"pass","src/content/errors/virtualization-vmware-workstation-crashes-after-update.mdx","VMware Workstation: вылетает после обновления","Виртуализация","6","4",""
"pass","src/content/errors/virtualization-vmware-workstation-high-cpu.mdx","VMware Workstation: нагружает процессор","Виртуализация","6","4",""
"pass","src/content/errors/virtualization-vmware-workstation-nat-123.mdx","VMware Workstation: ошибка сети NAT — как исправить","Виртуализация","7","4",""
"pass","src/content/errors/virtualization-vmware-workstation-network-timeout.mdx","VMware Workstation: ошибка подключения или тайм-аут","Виртуализация","6","4",""
"pass","src/content/errors/virtualization-vmware-workstation-permission-denied.mdx","VMware Workstation: отказано в доступе","Виртуализация","6","4",""
"pass","src/content/errors/virtualization-vmware-workstation-shared-folder-125.mdx","VMware Workstation: не монтируется shared folder — как исправить","Виртуализация","7","4",""
"pass","src/content/errors/virtualization-vmware-workstation-sync-failed.mdx","VMware Workstation: не синхронизируется","Виртуализация","6","4",""
"pass","src/content/errors/virtualization-vmware-workstation-update-failed.mdx","VMware Workstation: ошибка обновления","Виртуализация","6","4",""
"pass","src/content/errors/virtualization-vmware-workstation-vm-access-denied.mdx","VMware Workstation VM: показывает отказ в доступе","Виртуализация","6","3",""
"pass","src/content/errors/virtualization-vmware-workstation-vm-crash-on-open.mdx","VMware Workstation VM: падает при открытии файла или проекта","Виртуализация","6","3",""
"pass","src/content/errors/virtualization-vmware-workstation-vm-does-not-start.mdx","VMware Workstation VM: не запускается после обновления","Виртуализация","6","3",""
"pass","src/content/errors/virtualization-vmware-workstation-vm-settings-reset.mdx","VMware Workstation VM: сбрасывает настройки после перезапуска","Виртуализация","6","3",""
"pass","src/content/errors/virtualization-vmware-workstation-vm-slow-response.mdx","VMware Workstation VM: работает заметно медленнее обычного","Виртуализация","6","3",""
"pass","src/content/errors/virtualization-vmware-workstation-vm-update-loop.mdx","VMware Workstation VM: застревает в цикле обновления","Виртуализация","6","3",""
"pass","src/content/errors/virtualization-vmware-workstation-wont-start.mdx","VMware Workstation: не запускается","Виртуализация","6","4",""
"pass","src/content/errors/virtualization-windows-vm-access-denied.mdx","Windows VM: показывает отказ в доступе","Виртуализация","6","3",""
"pass","src/content/errors/virtualization-windows-vm-crash-on-open.mdx","Windows VM: падает при открытии файла или проекта","Виртуализация","6","3",""
"pass","src/content/errors/virtualization-windows-vm-does-not-start.mdx","Windows VM: не запускается после обновления","Виртуализация","6","3",""
"pass","src/content/errors/virtualization-windows-vm-settings-reset.mdx","Windows VM: сбрасывает настройки после перезапуска","Виртуализация","6","3",""
"pass","src/content/errors/virtualization-windows-vm-slow-response.mdx","Windows VM: работает заметно медленнее обычного","Виртуализация","6","3",""
"pass","src/content/errors/vmware-workstation-ne-rabotaet-obschiy-bufer.mdx","VMware Workstation: не работает общий буфер — как исправить","Виртуализация","6","4",""
"pass","src/content/errors/vmware-workstation-ne-zapuskaet-virtualnuyu-mashinu.mdx","VMware Workstation: не запускает виртуальную машину — как исправить","Виртуализация","6","4",""
"pass","src/content/errors/vmware-workstation-net-apparatnoy-virtualizatsii.mdx","VMware Workstation: нет аппаратной виртуализации — как исправить","Виртуализация","6","4",""
"pass","src/content/errors/vmware-workstation-nizkaya-proizvoditelnost.mdx","VMware Workstation: низкая производительность — как исправить","Виртуализация","6","4",""
"pass","src/content/errors/vpn-connection-failed-fix.mdx","VPN не подключается: исправление проблем в Windows","Безопасность","6","4",""
"pass","src/content/errors/washing-machines-bosch-stiralnaya-mashina-bad-smell.mdx","Bosch стиральная машина: появился запах при работе","Стиральные машины","6","4",""
"pass","src/content/errors/washing-machines-bosch-stiralnaya-mashina-does-not-start.mdx","Bosch стиральная машина: не запускается","Стиральные машины","6","4",""
"pass","src/content/errors/washing-machines-bosch-stiralnaya-mashina-error-code.mdx","Bosch стиральная машина: показывает код ошибки","Стиральные машины","6","4",""
"pass","src/content/errors/washing-machines-bosch-stiralnaya-mashina-leaks-water.mdx","Bosch стиральная машина: подтекает снизу или у двери","Стиральные машины","6","4",""
"pass","src/content/errors/washing-machines-bosch-stiralnaya-mashina-noise-vibration.mdx","Bosch стиральная машина: шумит или вибрирует сильнее обычного","Стиральные машины","6","4",""
"pass","src/content/errors/washing-machines-bosch-stiralnaya-mashina-stops-mid-cycle.mdx","Bosch стиральная машина: останавливается в середине цикла","Стиральные машины","6","4",""
"pass","src/content/errors/washing-machines-electrolux-stiralnaya-mashina-bad-smell.mdx","Electrolux стиральная машина: появился запах при работе","Стиральные машины","6","4",""
"pass","src/content/errors/washing-machines-electrolux-stiralnaya-mashina-does-not-start.mdx","Electrolux стиральная машина: не запускается","Стиральные машины","6","4",""
"pass","src/content/errors/washing-machines-electrolux-stiralnaya-mashina-error-code.mdx","Electrolux стиральная машина: показывает код ошибки","Стиральные машины","6","4",""
"pass","src/content/errors/washing-machines-electrolux-stiralnaya-mashina-leaks-water.mdx","Electrolux стиральная машина: подтекает снизу или у двери","Стиральные машины","6","4",""
"pass","src/content/errors/washing-machines-electrolux-stiralnaya-mashina-noise-vibration.mdx","Electrolux стиральная машина: шумит или вибрирует сильнее обычного","Стиральные машины","6","4",""
"pass","src/content/errors/washing-machines-electrolux-stiralnaya-mashina-stops-mid-cycle.mdx","Electrolux стиральная машина: останавливается в середине цикла","Стиральные машины","6","4",""
"pass","src/content/errors/washing-machines-frontalnaya-stiralnaya-mashina-bad-smell.mdx","фронтальная стиральная машина: появился запах при работе","Стиральные машины","6","3",""
"pass","src/content/errors/washing-machines-frontalnaya-stiralnaya-mashina-does-not-start.mdx","фронтальная стиральная машина: не запускается","Стиральные машины","6","3",""
"pass","src/content/errors/washing-machines-frontalnaya-stiralnaya-mashina-error-code.mdx","фронтальная стиральная машина: показывает код ошибки","Стиральные машины","6","3",""
"pass","src/content/errors/washing-machines-frontalnaya-stiralnaya-mashina-leaks-water.mdx","фронтальная стиральная машина: подтекает снизу или у двери","Стиральные машины","6","3",""
"pass","src/content/errors/washing-machines-frontalnaya-stiralnaya-mashina-noise-vibration.mdx","фронтальная стиральная машина: шумит или вибрирует сильнее обычного","Стиральные машины","6","3",""
"pass","src/content/errors/washing-machines-frontalnaya-stiralnaya-mashina-stops-mid-cycle.mdx","фронтальная стиральная машина: останавливается в середине цикла","Стиральные машины","6","3",""
"pass","src/content/errors/washing-machines-invertornaya-stiralnaya-mashina-bad-smell.mdx","инверторная стиральная машина: появился запах при работе","Стиральные машины","6","3",""
"pass","src/content/errors/washing-machines-invertornaya-stiralnaya-mashina-does-not-start.mdx","инверторная стиральная машина: не запускается","Стиральные машины","6","3",""
"pass","src/content/errors/washing-machines-invertornaya-stiralnaya-mashina-error-code.mdx","инверторная стиральная машина: показывает код ошибки","Стиральные машины","6","3",""
"pass","src/content/errors/washing-machines-invertornaya-stiralnaya-mashina-leaks-water.mdx","инверторная стиральная машина: подтекает снизу или у двери","Стиральные машины","6","3",""
"pass","src/content/errors/washing-machines-invertornaya-stiralnaya-mashina-noise-vibration.mdx","инверторная стиральная машина: шумит или вибрирует сильнее обычного","Стиральные машины","6","3",""
"pass","src/content/errors/washing-machines-invertornaya-stiralnaya-mashina-stops-mid-cycle.mdx","инверторная стиральная машина: останавливается в середине цикла","Стиральные машины","6","3",""
"pass","src/content/errors/washing-machines-lg-stiralnaya-mashina-bad-smell.mdx","LG стиральная машина: появился запах при работе","Стиральные машины","6","4",""
"pass","src/content/errors/washing-machines-lg-stiralnaya-mashina-does-not-start.mdx","LG стиральная машина: не запускается","Стиральные машины","6","4",""
"pass","src/content/errors/washing-machines-lg-stiralnaya-mashina-error-code.mdx","LG стиральная машина: показывает код ошибки","Стиральные машины","6","4",""
"pass","src/content/errors/washing-machines-lg-stiralnaya-mashina-leaks-water.mdx","LG стиральная машина: подтекает снизу или у двери","Стиральные машины","6","4",""
"pass","src/content/errors/washing-machines-lg-stiralnaya-mashina-noise-vibration.mdx","LG стиральная машина: шумит или вибрирует сильнее обычного","Стиральные машины","6","4",""
"pass","src/content/errors/washing-machines-lg-stiralnaya-mashina-stops-mid-cycle.mdx","LG стиральная машина: останавливается в середине цикла","Стиральные машины","6","4",""
"pass","src/content/errors/washing-machines-lg-washing-machine-bad-smell.mdx","LG washing machine: появился запах или гарь","Стиральные машины","6","4",""
"pass","src/content/errors/washing-machines-lg-washing-machine-does-not-drain.mdx","LG washing machine: не сливает воду","Стиральные машины","6","4",""
"pass","src/content/errors/washing-machines-lg-washing-machine-does-not-heat.mdx","LG washing machine: не греет","Стиральные машины","6","4",""
"pass","src/content/errors/washing-machines-lg-washing-machine-error-code.mdx","LG washing machine: показывает код ошибки","Стиральные машины","6","4",""
"pass","src/content/errors/washing-machines-lg-washing-machine-leaks-water.mdx","LG washing machine: протекает","Стиральные машины","6","4",""
"pass","src/content/errors/washing-machines-lg-washing-machine-makes-noise.mdx","LG washing machine: шумит или вибрирует","Стиральные машины","6","4",""
"pass","src/content/errors/washing-machines-lg-washing-machine-stops-mid-cycle.mdx","LG washing machine: останавливается во время работы","Стиральные машины","6","4",""
"pass","src/content/errors/washing-machines-lg-washing-machine-wont-turn-on.mdx","LG washing machine: не включается","Стиральные машины","6","4",""
"pass","src/content/errors/washing-machines-lyuk-stiralnoy-mashiny-bad-smell.mdx","люк стиральной машины: появился запах при работе","Стиральные машины","6","3",""
"pass","src/content/errors/washing-machines-lyuk-stiralnoy-mashiny-does-not-start.mdx","люк стиральной машины: не запускается","Стиральные машины","6","3",""
"pass","src/content/errors/washing-machines-lyuk-stiralnoy-mashiny-leaks-water.mdx","люк стиральной машины: подтекает снизу или у двери","Стиральные машины","6","3",""
"pass","src/content/errors/washing-machines-lyuk-stiralnoy-mashiny-noise-vibration.mdx","люк стиральной машины: шумит или вибрирует сильнее обычного","Стиральные машины","6","3",""
"pass","src/content/errors/washing-machines-lyuk-stiralnoy-mashiny-stops-mid-cycle.mdx","люк стиральной машины: останавливается в середине цикла","Стиральные машины","6","3",""
"pass","src/content/errors/washing-machines-samsung-stiralnaya-mashina-bad-smell.mdx","Samsung стиральная машина: появился запах при работе","Стиральные машины","6","4",""
"pass","src/content/errors/washing-machines-samsung-stiralnaya-mashina-does-not-start.mdx","Samsung стиральная машина: не запускается","Стиральные машины","6","4",""
"pass","src/content/errors/washing-machines-samsung-stiralnaya-mashina-error-code.mdx","Samsung стиральная машина: показывает код ошибки","Стиральные машины","6","4",""
"pass","src/content/errors/washing-machines-samsung-stiralnaya-mashina-leaks-water.mdx","Samsung стиральная машина: подтекает снизу или у двери","Стиральные машины","6","4",""
"pass","src/content/errors/washing-machines-samsung-stiralnaya-mashina-noise-vibration.mdx","Samsung стиральная машина: шумит или вибрирует сильнее обычного","Стиральные машины","6","4",""
"pass","src/content/errors/washing-machines-samsung-stiralnaya-mashina-stops-mid-cycle.mdx","Samsung стиральная машина: останавливается в середине цикла","Стиральные машины","6","4",""
"pass","src/content/errors/washing-machines-samsung-washing-machine-bad-smell.mdx","Samsung washing machine: появился запах или гарь","Стиральные машины","6","4",""
"pass","src/content/errors/washing-machines-samsung-washing-machine-does-not-drain.mdx","Samsung washing machine: не сливает воду","Стиральные машины","6","4",""
"pass","src/content/errors/washing-machines-samsung-washing-machine-does-not-heat.mdx","Samsung washing machine: не греет","Стиральные машины","6","4",""
"pass","src/content/errors/washing-machines-samsung-washing-machine-error-code.mdx","Samsung washing machine: показывает код ошибки","Стиральные машины","6","4",""
"pass","src/content/errors/washing-machines-samsung-washing-machine-leaks-water.mdx","Samsung washing machine: протекает","Стиральные машины","6","4",""
"pass","src/content/errors/washing-machines-samsung-washing-machine-makes-noise.mdx","Samsung washing machine: шумит или вибрирует","Стиральные машины","6","4",""
"pass","src/content/errors/washing-machines-samsung-washing-machine-stops-mid-cycle.mdx","Samsung washing machine: останавливается во время работы","Стиральные машины","6","4",""
"pass","src/content/errors/washing-machines-samsung-washing-machine-wont-turn-on.mdx","Samsung washing machine: не включается","Стиральные машины","6","4",""
"pass","src/content/errors/washing-machines-siemens-stiralnaya-mashina-bad-smell.mdx","Siemens стиральная машина: появился запах при работе","Стиральные машины","6","4",""
"pass","src/content/errors/washing-machines-siemens-stiralnaya-mashina-does-not-start.mdx","Siemens стиральная машина: не запускается","Стиральные машины","6","4",""
"pass","src/content/errors/washing-machines-siemens-stiralnaya-mashina-error-code.mdx","Siemens стиральная машина: показывает код ошибки","Стиральные машины","6","4",""
"pass","src/content/errors/washing-machines-siemens-stiralnaya-mashina-leaks-water.mdx","Siemens стиральная машина: подтекает снизу или у двери","Стиральные машины","6","4",""
"pass","src/content/errors/washing-machines-siemens-stiralnaya-mashina-noise-vibration.mdx","Siemens стиральная машина: шумит или вибрирует сильнее обычного","Стиральные машины","6","4",""
"pass","src/content/errors/washing-machines-siemens-stiralnaya-mashina-stops-mid-cycle.mdx","Siemens стиральная машина: останавливается в середине цикла","Стиральные машины","6","4",""
"pass","src/content/errors/washing-machines-slivnoy-nasos-stiralnoy-mashiny-bad-smell.mdx","сливной насос стиральной машины: появился запах при работе","Стиральные машины","6","3",""
"pass","src/content/errors/washing-machines-slivnoy-nasos-stiralnoy-mashiny-does-not-start.mdx","сливной насос стиральной машины: не запускается","Стиральные машины","6","3",""
"pass","src/content/errors/washing-machines-slivnoy-nasos-stiralnoy-mashiny-leaks-water.mdx","сливной насос стиральной машины: подтекает снизу или у двери","Стиральные машины","6","3",""
"pass","src/content/errors/washing-machines-slivnoy-nasos-stiralnoy-mashiny-noise-vibration.mdx","сливной насос стиральной машины: шумит или вибрирует сильнее обычного","Стиральные машины","6","3",""
"pass","src/content/errors/washing-machines-slivnoy-nasos-stiralnoy-mashiny-stops-mid-cycle.mdx","сливной насос стиральной машины: останавливается в середине цикла","Стиральные машины","6","3",""
"pass","src/content/errors/washing-machines-stiralnaya-mashina-s-sushkoy-bad-smell.mdx","стиральная машина с сушкой: появился запах при работе","Стиральные машины","6","3",""
"pass","src/content/errors/washing-machines-stiralnaya-mashina-s-sushkoy-does-not-start.mdx","стиральная машина с сушкой: не запускается","Стиральные машины","6","3",""
"pass","src/content/errors/washing-machines-stiralnaya-mashina-s-sushkoy-error-code.mdx","стиральная машина с сушкой: показывает код ошибки","Стиральные машины","6","3",""
"pass","src/content/errors/washing-machines-stiralnaya-mashina-s-sushkoy-leaks-water.mdx","стиральная машина с сушкой: подтекает снизу или у двери","Стиральные машины","6","3",""
"pass","src/content/errors/washing-machines-stiralnaya-mashina-s-sushkoy-noise-vibration.mdx","стиральная машина с сушкой: шумит или вибрирует сильнее обычного","Стиральные машины","6","3",""
"pass","src/content/errors/washing-machines-stiralnaya-mashina-s-sushkoy-stops-mid-cycle.mdx","стиральная машина с сушкой: останавливается в середине цикла","Стиральные машины","6","3",""
"pass","src/content/errors/washing-machines-uzkaya-stiralnaya-mashina-bad-smell.mdx","узкая стиральная машина: появился запах при работе","Стиральные машины","6","3",""
"pass","src/content/errors/washing-machines-uzkaya-stiralnaya-mashina-does-not-start.mdx","узкая стиральная машина: не запускается","Стиральные машины","6","3",""
"pass","src/content/errors/washing-machines-uzkaya-stiralnaya-mashina-error-code.mdx","узкая стиральная машина: показывает код ошибки","Стиральные машины","6","3",""
"pass","src/content/errors/washing-machines-uzkaya-stiralnaya-mashina-leaks-water.mdx","узкая стиральная машина: подтекает снизу или у двери","Стиральные машины","6","3",""
"pass","src/content/errors/washing-machines-uzkaya-stiralnaya-mashina-noise-vibration.mdx","узкая стиральная машина: шумит или вибрирует сильнее обычного","Стиральные машины","6","3",""
"pass","src/content/errors/washing-machines-uzkaya-stiralnaya-mashina-stops-mid-cycle.mdx","узкая стиральная машина: останавливается в середине цикла","Стиральные машины","6","3",""
"pass","src/content/errors/washing-machines-vertikalnaya-stiralnaya-mashina-bad-smell.mdx","вертикальная стиральная машина: появился запах при работе","Стиральные машины","6","3",""
"pass","src/content/errors/washing-machines-vertikalnaya-stiralnaya-mashina-does-not-start.mdx","вертикальная стиральная машина: не запускается","Стиральные машины","6","3",""
"pass","src/content/errors/washing-machines-vertikalnaya-stiralnaya-mashina-leaks-water.mdx","вертикальная стиральная машина: подтекает снизу или у двери","Стиральные машины","6","3",""
"pass","src/content/errors/washing-machines-vertikalnaya-stiralnaya-mashina-noise-vibration.mdx","вертикальная стиральная машина: шумит или вибрирует сильнее обычного","Стиральные машины","6","3",""
"pass","src/content/errors/washing-machines-vertikalnaya-stiralnaya-mashina-stops-mid-cycle.mdx","вертикальная стиральная машина: останавливается в середине цикла","Стиральные машины","6","3",""
"pass","src/content/errors/web-development-astro-sayt-access-denied.mdx","Astro сайт: показывает отказ в доступе","Веб-разработка","6","3",""
"pass","src/content/errors/web-development-astro-sayt-crash-on-open.mdx","Astro сайт: падает при открытии файла или проекта","Веб-разработка","6","3",""
"pass","src/content/errors/web-development-astro-sayt-does-not-start.mdx","Astro сайт: не запускается после обновления","Веб-разработка","6","3",""
"pass","src/content/errors/web-development-astro-sayt-settings-reset.mdx","Astro сайт: сбрасывает настройки после перезапуска","Веб-разработка","6","3",""
"pass","src/content/errors/web-development-astro-sayt-slow-response.mdx","Astro сайт: работает заметно медленнее обычного","Веб-разработка","6","3",""
"pass","src/content/errors/web-development-astro-sayt-update-loop.mdx","Astro сайт: застревает в цикле обновления","Веб-разработка","6","3",""
"pass","src/content/errors/web-development-cors-nastroyka-access-denied.mdx","CORS настройка: показывает отказ в доступе","Веб-разработка","6","3",""
"pass","src/content/errors/web-development-cors-nastroyka-crash-on-open.mdx","CORS настройка: падает при открытии файла или проекта","Веб-разработка","6","3",""
"pass","src/content/errors/web-development-cors-nastroyka-does-not-start.mdx","CORS настройка: не запускается после обновления","Веб-разработка","6","3",""
"pass","src/content/errors/web-development-cors-nastroyka-settings-reset.mdx","CORS настройка: сбрасывает настройки после перезапуска","Веб-разработка","6","3",""
"pass","src/content/errors/web-development-cors-nastroyka-slow-response.mdx","CORS настройка: работает заметно медленнее обычного","Веб-разработка","6","3",""
"pass","src/content/errors/web-development-cors-nastroyka-update-loop.mdx","CORS настройка: застревает в цикле обновления","Веб-разработка","6","3",""
"pass","src/content/errors/web-development-css-grid-verstka-access-denied.mdx","CSS Grid верстка: показывает отказ в доступе","Веб-разработка","6","3",""
"pass","src/content/errors/web-development-css-grid-verstka-crash-on-open.mdx","CSS Grid верстка: падает при открытии файла или проекта","Веб-разработка","6","3",""
"pass","src/content/errors/web-development-css-grid-verstka-does-not-start.mdx","CSS Grid верстка: не запускается после обновления","Веб-разработка","6","3",""
"pass","src/content/errors/web-development-css-grid-verstka-settings-reset.mdx","CSS Grid верстка: сбрасывает настройки после перезапуска","Веб-разработка","6","3",""
"pass","src/content/errors/web-development-css-grid-verstka-slow-response.mdx","CSS Grid верстка: работает заметно медленнее обычного","Веб-разработка","6","3",""
"pass","src/content/errors/web-development-css-grid-verstka-update-loop.mdx","CSS Grid верстка: застревает в цикле обновления","Веб-разработка","6","3",""
"pass","src/content/errors/web-development-forma-avtorizacii-access-denied.mdx","форма авторизации: показывает отказ в доступе","Веб-разработка","6","3",""
"pass","src/content/errors/web-development-forma-avtorizacii-crash-on-open.mdx","форма авторизации: падает при открытии файла или проекта","Веб-разработка","6","3",""
"pass","src/content/errors/web-development-forma-avtorizacii-does-not-start.mdx","форма авторизации: не запускается после обновления","Веб-разработка","6","3",""
"pass","src/content/errors/web-development-forma-avtorizacii-settings-reset.mdx","форма авторизации: сбрасывает настройки после перезапуска","Веб-разработка","6","3",""
"pass","src/content/errors/web-development-forma-avtorizacii-slow-response.mdx","форма авторизации: работает заметно медленнее обычного","Веб-разработка","6","3",""
"pass","src/content/errors/web-development-klientskiy-routing-access-denied.mdx","клиентский роутинг: показывает отказ в доступе","Веб-разработка","6","3",""
"pass","src/content/errors/web-development-klientskiy-routing-crash-on-open.mdx","клиентский роутинг: падает при открытии файла или проекта","Веб-разработка","6","3",""
"pass","src/content/errors/web-development-klientskiy-routing-does-not-start.mdx","клиентский роутинг: не запускается после обновления","Веб-разработка","6","3",""
"pass","src/content/errors/web-development-klientskiy-routing-settings-reset.mdx","клиентский роутинг: сбрасывает настройки после перезапуска","Веб-разработка","6","3",""
"pass","src/content/errors/web-development-klientskiy-routing-slow-response.mdx","клиентский роутинг: работает заметно медленнее обычного","Веб-разработка","6","3",""
"pass","src/content/errors/web-development-next-js-config-error.mdx","Next.js: ошибка конфигурации","Веб-разработка","6","4",""
"pass","src/content/errors/web-development-next-js-crashes-after-update.mdx","Next.js: вылетает после обновления","Веб-разработка","6","4",""
"pass","src/content/errors/web-development-next-js-high-cpu.mdx","Next.js: нагружает процессор","Веб-разработка","6","4",""
"pass","src/content/errors/web-development-next-js-network-timeout.mdx","Next.js: ошибка подключения или тайм-аут","Веб-разработка","6","4",""
"pass","src/content/errors/web-development-next-js-permission-denied.mdx","Next.js: отказано в доступе","Веб-разработка","6","4",""
"pass","src/content/errors/web-development-next-js-stranica-access-denied.mdx","Next.js страница: показывает отказ в доступе","Веб-разработка","6","3",""
"pass","src/content/errors/web-development-next-js-stranica-crash-on-open.mdx","Next.js страница: падает при открытии файла или проекта","Веб-разработка","6","3",""
"pass","src/content/errors/web-development-next-js-stranica-does-not-start.mdx","Next.js страница: не запускается после обновления","Веб-разработка","6","3",""
"pass","src/content/errors/web-development-next-js-stranica-settings-reset.mdx","Next.js страница: сбрасывает настройки после перезапуска","Веб-разработка","6","3",""
"pass","src/content/errors/web-development-next-js-stranica-slow-response.mdx","Next.js страница: работает заметно медленнее обычного","Веб-разработка","6","3",""
"pass","src/content/errors/web-development-next-js-stranica-update-loop.mdx","Next.js страница: застревает в цикле обновления","Веб-разработка","6","3",""
"pass","src/content/errors/web-development-next-js-sync-failed.mdx","Next.js: не синхронизируется","Веб-разработка","6","4",""
"pass","src/content/errors/web-development-next-js-update-failed.mdx","Next.js: ошибка обновления","Веб-разработка","6","4",""
"pass","src/content/errors/web-development-next-js-wont-start.mdx","Next.js: не запускается","Веб-разработка","6","4",""
"pass","src/content/errors/web-development-react-crashes-after-update.mdx","React: вылетает после обновления","Веб-разработка","6","4",""
"pass","src/content/errors/web-development-react-permission-denied.mdx","React: отказано в доступе","Веб-разработка","6","4",""
"pass","src/content/errors/web-development-react-prilozhenie-access-denied.mdx","React приложение: показывает отказ в доступе","Веб-разработка","6","3",""
"pass","src/content/errors/web-development-react-prilozhenie-crash-on-open.mdx","React приложение: падает при открытии файла или проекта","Веб-разработка","6","3",""
"pass","src/content/errors/web-development-react-prilozhenie-does-not-start.mdx","React приложение: не запускается после обновления","Веб-разработка","6","3",""
"pass","src/content/errors/web-development-react-prilozhenie-settings-reset.mdx","React приложение: сбрасывает настройки после перезапуска","Веб-разработка","6","3",""
"pass","src/content/errors/web-development-react-prilozhenie-slow-response.mdx","React приложение: работает заметно медленнее обычного","Веб-разработка","6","3",""
"pass","src/content/errors/web-development-react-prilozhenie-update-loop.mdx","React приложение: застревает в цикле обновления","Веб-разработка","6","3",""
"pass","src/content/errors/web-development-react-sync-failed.mdx","React: не синхронизируется","Веб-разработка","6","4",""
"pass","src/content/errors/web-development-react-wont-start.mdx","React: не запускается","Веб-разработка","6","4",""
"pass","src/content/errors/web-development-rest-api-zapros-access-denied.mdx","REST API запрос: показывает отказ в доступе","Веб-разработка","6","3",""
"pass","src/content/errors/web-development-rest-api-zapros-crash-on-open.mdx","REST API запрос: падает при открытии файла или проекта","Веб-разработка","6","3",""
"pass","src/content/errors/web-development-rest-api-zapros-does-not-start.mdx","REST API запрос: не запускается после обновления","Веб-разработка","6","3",""
"pass","src/content/errors/web-development-rest-api-zapros-settings-reset.mdx","REST API запрос: сбрасывает настройки после перезапуска","Веб-разработка","6","3",""
"pass","src/content/errors/web-development-rest-api-zapros-slow-response.mdx","REST API запрос: работает заметно медленнее обычного","Веб-разработка","6","3",""
"pass","src/content/errors/web-development-rest-api-zapros-update-loop.mdx","REST API запрос: застревает в цикле обновления","Веб-разработка","6","3",""
"pass","src/content/errors/web-development-service-worker-access-denied.mdx","Service Worker: показывает отказ в доступе","Веб-разработка","6","3",""
"pass","src/content/errors/web-development-service-worker-crash-on-open.mdx","Service Worker: падает при открытии файла или проекта","Веб-разработка","6","3",""
"pass","src/content/errors/web-development-service-worker-does-not-start.mdx","Service Worker: не запускается после обновления","Веб-разработка","6","3",""
"pass","src/content/errors/web-development-service-worker-settings-reset.mdx","Service Worker: сбрасывает настройки после перезапуска","Веб-разработка","6","3",""
"pass","src/content/errors/web-development-service-worker-slow-response.mdx","Service Worker: работает заметно медленнее обычного","Веб-разработка","6","3",""
"pass","src/content/errors/web-development-service-worker-update-loop.mdx","Service Worker: застревает в цикле обновления","Веб-разработка","6","3",""
"pass","src/content/errors/web-development-shrift-na-sayte-access-denied.mdx","шрифт на сайте: показывает отказ в доступе","Веб-разработка","6","3",""
"pass","src/content/errors/web-development-shrift-na-sayte-crash-on-open.mdx","шрифт на сайте: падает при открытии файла или проекта","Веб-разработка","6","3",""
"pass","src/content/errors/web-development-shrift-na-sayte-does-not-start.mdx","шрифт на сайте: не запускается после обновления","Веб-разработка","6","3",""
"pass","src/content/errors/web-development-shrift-na-sayte-settings-reset.mdx","шрифт на сайте: сбрасывает настройки после перезапуска","Веб-разработка","6","3",""
"pass","src/content/errors/web-development-shrift-na-sayte-slow-response.mdx","шрифт на сайте: работает заметно медленнее обычного","Веб-разработка","6","3",""
"pass","src/content/errors/web-development-shrift-na-sayte-update-loop.mdx","шрифт на сайте: застревает в цикле обновления","Веб-разработка","6","3",""
"pass","src/content/errors/web-development-vite-config-error.mdx","Vite: ошибка конфигурации","Веб-разработка","6","4",""
"pass","src/content/errors/web-development-vite-crashes-after-update.mdx","Vite: вылетает после обновления","Веб-разработка","6","4",""
"pass","src/content/errors/web-development-vite-high-cpu.mdx","Vite: нагружает процессор","Веб-разработка","6","4",""
"pass","src/content/errors/web-development-vite-network-timeout.mdx","Vite: ошибка подключения или тайм-аут","Веб-разработка","6","4",""
"pass","src/content/errors/web-development-vite-permission-denied.mdx","Vite: отказано в доступе","Веб-разработка","6","4",""
"pass","src/content/errors/web-development-vite-sborka-access-denied.mdx","Vite сборка: показывает отказ в доступе","Веб-разработка","6","3",""
"pass","src/content/errors/web-development-vite-sborka-crash-on-open.mdx","Vite сборка: падает при открытии файла или проекта","Веб-разработка","6","3",""
"pass","src/content/errors/web-development-vite-sborka-does-not-start.mdx","Vite сборка: не запускается после обновления","Веб-разработка","6","3",""
"pass","src/content/errors/web-development-vite-sborka-settings-reset.mdx","Vite сборка: сбрасывает настройки после перезапуска","Веб-разработка","6","3",""
"pass","src/content/errors/web-development-vite-sborka-slow-response.mdx","Vite сборка: работает заметно медленнее обычного","Веб-разработка","6","3",""
"pass","src/content/errors/web-development-vite-sborka-update-loop.mdx","Vite сборка: застревает в цикле обновления","Веб-разработка","6","3",""
"pass","src/content/errors/web-development-vite-sync-failed.mdx","Vite: не синхронизируется","Веб-разработка","6","4",""
"pass","src/content/errors/web-development-vite-update-failed.mdx","Vite: ошибка обновления","Веб-разработка","6","4",""
"pass","src/content/errors/web-development-vite-wont-start.mdx","Vite: не запускается","Веб-разработка","6","4",""
"pass","src/content/errors/web-development-vue-prilozhenie-access-denied.mdx","Vue приложение: показывает отказ в доступе","Веб-разработка","6","3",""
"pass","src/content/errors/web-development-vue-prilozhenie-crash-on-open.mdx","Vue приложение: падает при открытии файла или проекта","Веб-разработка","6","3",""
"pass","src/content/errors/web-development-vue-prilozhenie-does-not-start.mdx","Vue приложение: не запускается после обновления","Веб-разработка","6","3",""
"pass","src/content/errors/web-development-vue-prilozhenie-settings-reset.mdx","Vue приложение: сбрасывает настройки после перезапуска","Веб-разработка","6","3",""
"pass","src/content/errors/web-development-vue-prilozhenie-slow-response.mdx","Vue приложение: работает заметно медленнее обычного","Веб-разработка","6","3",""
"pass","src/content/errors/web-development-vue-prilozhenie-update-loop.mdx","Vue приложение: застревает в цикле обновления","Веб-разработка","6","3",""
"pass","src/content/errors/wi-fi-not-connecting-fix.mdx","Wi-Fi не подключается: исправление проблем в Windows 10/11","Сеть","6","4",""
"pass","src/content/errors/windows-0x80070005-access-denied.mdx","Windows 0x80070005: как исправить ошибку доступа запрещён","Windows","6","4",""
"pass","src/content/errors/windows-0x80370102-ispravlenie-oshibki-wsl-virtualizatsiya-ne-vklyuchena-ili-otsutstvuet-platfor.mdx","Исправление ошибки WSL: Виртуализация не включена или отсутствует платформа виртуальной машины (0x80370102)","Windows","6","3",""
"pass","src/content/errors/windows-0xc0000005-kak-ispravit-oshibku-0xc0000005-access-violation-v-windows.mdx","Как исправить ошибку 0xC0000005 (Access Violation) в Windows","Windows","6","3",""
"pass","src/content/errors/windows-0xc000021a-ispravlenie-oshibki-sinego-ekrana-0xc000021a-v-windows.mdx","Как исправить ошибку BSOD 0xc000021a в Windows","Windows","6","4",""
"pass","src/content/errors/windows-0xc000021a-ispravlenie-oshibki-sinii-ekran-smerti-0xc000021a-v-windows.mdx","Исправление ошибки ""Синий экран смерти"" 0xc000021a в Windows","Windows","6","4",""
"pass","src/content/errors/windows-0xc000021a-kak-ispravit-oshibku-0xc000021a-dostup-zapreschen-pri-zagruzke-windows.mdx","Как исправить ошибку 0xc000021a ""Доступ запрещен"" при загрузке Windows","Windows","6","4",""
"pass","src/content/errors/windows-audio-hripit-zvuk.mdx","Windows audio: хрипит звук — как исправить","Аудио и видео","6","4",""
"pass","src/content/errors/windows-audio-mikrofon-ne-rabotaet.mdx","Windows audio: микрофон не работает — как исправить","Аудио и видео","6","4",""
"pass","src/content/errors/windows-audio-net-izobrazheniya.mdx","Windows audio: нет изображения — как исправить","Аудио и видео","6","4",""
"pass","src/content/errors/windows-audio-net-zvuka.mdx","Windows audio: нет звука — как исправить","Аудио и видео","6","4",""
"pass","src/content/errors/windows-audio-oshibka-kodeka.mdx","Windows audio: ошибка кодека — как исправить","Аудио и видео","6","4",""
"pass","src/content/errors/windows-audio-rassinhron-audio-i-video.mdx","Windows audio: рассинхрон аудио и видео — как исправить","Аудио и видео","6","4",""
"pass","src/content/errors/windows-audio-service-fix.mdx","Windows аудиослужба не работает: как исправить отсутствие звука","Windows","6","4",""
"pass","src/content/errors/windows-bitlocker-access-denied.mdx","BitLocker: показывает отказ в доступе","Windows","6","3",""
"pass","src/content/errors/windows-bitlocker-crash-on-open.mdx","BitLocker: падает при открытии файла или проекта","Windows","6","3",""
"pass","src/content/errors/windows-bitlocker-does-not-start.mdx","BitLocker: не запускается после обновления","Windows","6","3",""
"pass","src/content/errors/windows-bitlocker-settings-reset.mdx","BitLocker: сбрасывает настройки после перезапуска","Windows","6","3",""
"pass","src/content/errors/windows-bitlocker-slow-response.mdx","BitLocker: работает заметно медленнее обычного","Windows","6","3",""
"pass","src/content/errors/windows-bitlocker-update-loop.mdx","BitLocker: застревает в цикле обновления","Windows","6","3",""
"pass","src/content/errors/windows-bluetooth-v-windows-access-denied.mdx","Bluetooth в Windows: показывает отказ в доступе","Windows","6","3",""
"pass","src/content/errors/windows-bluetooth-v-windows-crash-on-open.mdx","Bluetooth в Windows: падает при открытии файла или проекта","Windows","6","3",""
"pass","src/content/errors/windows-bluetooth-v-windows-does-not-start.mdx","Bluetooth в Windows: не запускается после обновления","Windows","6","3",""
"pass","src/content/errors/windows-bluetooth-v-windows-settings-reset.mdx","Bluetooth в Windows: сбрасывает настройки после перезапуска","Windows","6","3",""
"pass","src/content/errors/windows-bluetooth-v-windows-slow-response.mdx","Bluetooth в Windows: работает заметно медленнее обычного","Windows","6","3",""
"pass","src/content/errors/windows-bluetooth-v-windows-update-loop.mdx","Bluetooth в Windows: застревает в цикле обновления","Windows","6","3",""
"pass","src/content/errors/windows-bsod-windows-10-kak-ispravit-oshibku-sinii-ekran-smerti-bsod-v-windows-10.mdx","Как исправить ошибку «Синий экран смерти» (BSOD) в Windows 10","Windows","6","3",""
"pass","src/content/errors/windows-critical-process-died-ispravlenie-kriticheskoi-oshibki-critical-process-died-v-windows.mdx","Как исправить ошибку 'CRITICAL PROCESS DIED' в Windows","Windows","8","3",""
"pass","src/content/errors/windows-defender-blokiruet-prilozhenie.mdx","Windows Defender: блокирует приложение — как исправить","Безопасность","6","4",""
"pass","src/content/errors/windows-defender-ne-prihodit-kod.mdx","Windows Defender: не приходит код — как исправить","Безопасность","6","4",""
"pass","src/content/errors/windows-defender-ne-prinimaet-klyuch.mdx","Windows Defender: не принимает ключ — как исправить","Безопасность","6","4",""
"pass","src/content/errors/windows-defender-oshibka-dostupa.mdx","Windows Defender: ошибка доступа — как исправить","Безопасность","6","4",""
"pass","src/content/errors/windows-defender-oshibka-sertifikata.mdx","Windows Defender: ошибка сертификата — как исправить","Безопасность","6","4",""
"pass","src/content/errors/windows-dism-0x800f081f-source-files-not-found.mdx","DISM 0x800f081f: исходные файлы не найдены в Windows","Windows","7","4",""
"pass","src/content/errors/windows-dxgi-error-device-removed-ustranenie-oshibki-nvidia-driver-device-removed-i-dxgi-error-d.mdx","Устранение ошибки ""NVIDIA driver device removed"" и DXGI_ERROR_DEVICE_REMOVED","Windows","6","4",""
"pass","src/content/errors/windows-fps-low-post-upgrade-win11-nizkii-fps-v-igrah-posle-obnovleniya-pk-ili-pereustanovki-win.mdx","Низкий FPS в играх после обновления ПК или переустановки Windows 11: Полное руководство по устранению проблем","Windows","6","4",""
"pass","src/content/errors/windows-microsoft-store-access-denied.mdx","Microsoft Store: показывает отказ в доступе","Windows","6","3",""
"pass","src/content/errors/windows-microsoft-store-crash-on-open.mdx","Microsoft Store: падает при открытии файла или проекта","Windows","6","3",""
"pass","src/content/errors/windows-microsoft-store-crashes-after-update.mdx","Microsoft Store: вылетает после обновления","Windows","6","4",""
"pass","src/content/errors/windows-microsoft-store-does-not-start.mdx","Microsoft Store: не запускается после обновления","Windows","6","3",""
"pass","src/content/errors/windows-microsoft-store-settings-reset.mdx","Microsoft Store: сбрасывает настройки после перезапуска","Windows","6","3",""
"pass","src/content/errors/windows-microsoft-store-slow-response.mdx","Microsoft Store: работает заметно медленнее обычного","Windows","6","3",""
"pass","src/content/errors/windows-microsoft-store-update-loop.mdx","Microsoft Store: застревает в цикле обновления","Windows","6","3",""
"pass","src/content/errors/windows-microsoft-store-wont-start.mdx","Microsoft Store: не запускается","Windows","6","4",""
"pass","src/content/errors/windows-nvidia-audio-game-issue-propal-zvuk-v-igrah-pri-ispolzovanii-draiverov-nvidia-kompleksn.mdx","Пропал звук в играх при использовании драйверов NVIDIA: комплексное решение","Windows","6","4",""
"pass","src/content/errors/windows-nvidia-driver-fatal-error-ustranenie-kriticheskoi-oshibki-draivera-nvidia-video-dxgkrnl.mdx","Устранение критической ошибки драйвера NVIDIA (VIDEO_DXGKRNL_FATAL_ERROR)","Windows","6","4",""
"pass","src/content/errors/windows-nvidia-driver-timeout-001-kak-ispravit-oshibku-taim-aut-draivera-nvidia.mdx","Как исправить ошибку «Тайм-аут драйвера NVIDIA»","Windows","6","4",""
"pass","src/content/errors/windows-onedrive-v-windows-access-denied.mdx","OneDrive в Windows: показывает отказ в доступе","Windows","6","3",""
"pass","src/content/errors/windows-onedrive-v-windows-crash-on-open.mdx","OneDrive в Windows: падает при открытии файла или проекта","Windows","6","3",""
"pass","src/content/errors/windows-onedrive-v-windows-does-not-start.mdx","OneDrive в Windows: не запускается после обновления","Windows","6","3",""
"pass","src/content/errors/windows-onedrive-v-windows-settings-reset.mdx","OneDrive в Windows: сбрасывает настройки после перезапуска","Windows","6","3",""
"pass","src/content/errors/windows-onedrive-v-windows-slow-response.mdx","OneDrive в Windows: работает заметно медленнее обычного","Windows","6","3",""
"pass","src/content/errors/windows-planirovschik-zadaniy-windows-access-denied.mdx","планировщик заданий Windows: показывает отказ в доступе","Windows","6","3",""
"pass","src/content/errors/windows-planirovschik-zadaniy-windows-crash-on-open.mdx","планировщик заданий Windows: падает при открытии файла или проекта","Windows","6","3",""
"pass","src/content/errors/windows-planirovschik-zadaniy-windows-does-not-start.mdx","планировщик заданий Windows: не запускается после обновления","Windows","6","3",""
"pass","src/content/errors/windows-planirovschik-zadaniy-windows-settings-reset.mdx","планировщик заданий Windows: сбрасывает настройки после перезапуска","Windows","6","3",""
"pass","src/content/errors/windows-planirovschik-zadaniy-windows-slow-response.mdx","планировщик заданий Windows: работает заметно медленнее обычного","Windows","6","3",""
"pass","src/content/errors/windows-provodnik-windows-access-denied.mdx","Проводник Windows: показывает отказ в доступе","Windows","6","3",""
"pass","src/content/errors/windows-provodnik-windows-crash-on-open.mdx","Проводник Windows: падает при открытии файла или проекта","Windows","6","3",""
"pass","src/content/errors/windows-provodnik-windows-does-not-start.mdx","Проводник Windows: не запускается после обновления","Windows","6","3",""
"pass","src/content/errors/windows-provodnik-windows-settings-reset.mdx","Проводник Windows: сбрасывает настройки после перезапуска","Windows","6","3",""
"pass","src/content/errors/windows-provodnik-windows-slow-response.mdx","Проводник Windows: работает заметно медленнее обычного","Windows","6","3",""
"pass","src/content/errors/windows-provodnik-windows-update-loop.mdx","Проводник Windows: застревает в цикле обновления","Windows","6","3",""
"pass","src/content/errors/windows-rdp-podklyuchenie-access-denied.mdx","RDP подключение: показывает отказ в доступе","Windows","6","3",""
"pass","src/content/errors/windows-rdp-podklyuchenie-crash-on-open.mdx","RDP подключение: падает при открытии файла или проекта","Windows","6","3",""
"pass","src/content/errors/windows-rdp-podklyuchenie-does-not-start.mdx","RDP подключение: не запускается после обновления","Windows","6","3",""
"pass","src/content/errors/windows-rdp-podklyuchenie-settings-reset.mdx","RDP подключение: сбрасывает настройки после перезапуска","Windows","6","3",""
"pass","src/content/errors/windows-rdp-podklyuchenie-slow-response.mdx","RDP подключение: работает заметно медленнее обычного","Windows","6","3",""
"pass","src/content/errors/windows-rdp-podklyuchenie-update-loop.mdx","RDP подключение: застревает в цикле обновления","Windows","6","3",""
"pass","src/content/errors/windows-sluzhba-pechati-windows-access-denied.mdx","служба печати Windows: показывает отказ в доступе","Windows","6","3",""
"pass","src/content/errors/windows-sluzhba-pechati-windows-crash-on-open.mdx","служба печати Windows: падает при открытии файла или проекта","Windows","6","3",""
"pass","src/content/errors/windows-sluzhba-pechati-windows-does-not-start.mdx","служба печати Windows: не запускается после обновления","Windows","6","3",""
"pass","src/content/errors/windows-sluzhba-pechati-windows-settings-reset.mdx","служба печати Windows: сбрасывает настройки после перезапуска","Windows","6","3",""
"pass","src/content/errors/windows-sluzhba-pechati-windows-slow-response.mdx","служба печати Windows: работает заметно медленнее обычного","Windows","6","3",""
"pass","src/content/errors/windows-sluzhba-pechati-windows-update-loop.mdx","служба печати Windows: застревает в цикле обновления","Windows","6","3",""
"pass","src/content/errors/windows-sluzhba-poiska-windows-access-denied.mdx","служба поиска Windows: показывает отказ в доступе","Windows","6","3",""
"pass","src/content/errors/windows-sluzhba-poiska-windows-crash-on-open.mdx","служба поиска Windows: падает при открытии файла или проекта","Windows","6","3",""
"pass","src/content/errors/windows-sluzhba-poiska-windows-does-not-start.mdx","служба поиска Windows: не запускается после обновления","Windows","6","3",""
"pass","src/content/errors/windows-sluzhba-poiska-windows-settings-reset.mdx","служба поиска Windows: сбрасывает настройки после перезапуска","Windows","6","3",""
"pass","src/content/errors/windows-sluzhba-poiska-windows-slow-response.mdx","служба поиска Windows: работает заметно медленнее обычного","Windows","6","3",""
"pass","src/content/errors/windows-soundingames-noaudio-kak-ispravit-otsutstvie-ili-propadanie-zvuka-v-igrah-na-windows.mdx","Как исправить отсутствие или пропадание звука в играх на Windows","Windows","6","4",""
"pass","src/content/errors/windows-update-0x80070002.mdx","Ошибка 0x80070002 при обновлении Windows: решение","Windows","6","4",""
"pass","src/content/errors/windows-update-stuck-fix.mdx","Windows Update зависает: исправление проблем с обновлением","Windows","6","4",""
"pass","src/content/errors/windows-video-dxgkrnl-fatal-error-nvidia-drivers-kak-ispravit-fatalnye-oshibki-draivera-nvidia.mdx","Как исправить фатальные ошибки драйвера NVIDIA и синий экран VIDEO_DXGKRNL_FATAL_ERROR","Windows","6","4",""
"pass","src/content/errors/windows-vpn-profil-windows-access-denied.mdx","VPN профиль Windows: показывает отказ в доступе","Windows","6","3",""
"pass","src/content/errors/windows-vpn-profil-windows-crash-on-open.mdx","VPN профиль Windows: падает при открытии файла или проекта","Windows","6","3",""
"pass","src/content/errors/windows-vpn-profil-windows-does-not-start.mdx","VPN профиль Windows: не запускается после обновления","Windows","6","3",""
"pass","src/content/errors/windows-vpn-profil-windows-settings-reset.mdx","VPN профиль Windows: сбрасывает настройки после перезапуска","Windows","6","3",""
"pass","src/content/errors/windows-vpn-profil-windows-slow-response.mdx","VPN профиль Windows: работает заметно медленнее обычного","Windows","6","3",""
"pass","src/content/errors/windows-vpn-profil-windows-update-loop.mdx","VPN профиль Windows: застревает в цикле обновления","Windows","6","3",""
"pass","src/content/errors/windows-windows-defender-access-denied.mdx","Windows Defender: показывает отказ в доступе","Windows","6","3",""
"pass","src/content/errors/windows-windows-defender-crash-on-open.mdx","Windows Defender: падает при открытии файла или проекта","Windows","6","3",""
"pass","src/content/errors/windows-windows-defender-does-not-start.mdx","Windows Defender: не запускается после обновления","Windows","6","3",""
"pass","src/content/errors/windows-windows-defender-settings-reset.mdx","Windows Defender: сбрасывает настройки после перезапуска","Windows","6","3",""
"pass","src/content/errors/windows-windows-defender-slow-response.mdx","Windows Defender: работает заметно медленнее обычного","Windows","6","3",""
"pass","src/content/errors/windows-windows-defender-update-loop.mdx","Windows Defender: застревает в цикле обновления","Windows","6","3",""
"pass","src/content/errors/windows-windows-update-access-denied.mdx","Windows Update: показывает отказ в доступе","Windows","6","3",""
"pass","src/content/errors/windows-windows-update-config-error.mdx","Windows Update: ошибка конфигурации","Windows","6","4",""
"pass","src/content/errors/windows-windows-update-crash-on-open.mdx","Windows Update: падает при открытии файла или проекта","Windows","6","3",""
"pass","src/content/errors/windows-windows-update-crashes-after-update.mdx","Windows Update: вылетает после обновления","Windows","6","4",""
"pass","src/content/errors/windows-windows-update-does-not-start.mdx","Windows Update: не запускается после обновления","Windows","6","3",""
"pass","src/content/errors/windows-windows-update-high-cpu.mdx","Windows Update: нагружает процессор","Windows","6","4",""
"pass","src/content/errors/windows-windows-update-network-timeout.mdx","Windows Update: ошибка подключения или тайм-аут","Windows","6","4",""
"pass","src/content/errors/windows-windows-update-permission-denied.mdx","Windows Update: отказано в доступе","Windows","6","4",""
"pass","src/content/errors/windows-windows-update-settings-reset.mdx","Windows Update: сбрасывает настройки после перезапуска","Windows","6","3",""
"pass","src/content/errors/windows-windows-update-slow-response.mdx","Windows Update: работает заметно медленнее обычного","Windows","6","3",""
"pass","src/content/errors/windows-windows-update-sync-failed.mdx","Windows Update: не синхронизируется","Windows","6","4",""
"pass","src/content/errors/windows-windows-update-update-failed.mdx","Windows Update: ошибка обновления","Windows","6","4",""
"pass","src/content/errors/windows-windows-update-update-loop.mdx","Windows Update: застревает в цикле обновления","Windows","6","3",""
"pass","src/content/errors/windows-windows-update-wont-start.mdx","Windows Update: не запускается","Windows","6","4",""
"pass","src/content/errors/word-ne-otkryvaet-fayl.mdx","Word: не открывает файл — как исправить","Офисные программы","6","4",""
"pass","src/content/errors/word-ne-pechataet-dokument.mdx","Word: не печатает документ — как исправить","Офисные программы","6","4",""
"pass","src/content/errors/word-ne-rabotaet-makros.mdx","Word: не работает макрос — как исправить","Офисные программы","6","4",""
"pass","src/content/errors/word-oshibka-sohraneniya.mdx","Word: ошибка сохранения — как исправить","Офисные программы","6","4",""
"pass","src/content/errors/word-povrezhden-dokument.mdx","Word: поврежден документ — как исправить","Офисные программы","6","4",""
"pass","src/content/errors/wsl-no-internet-dns-fix.mdx","WSL нет интернета или не работает DNS: как исправить","Windows","7","4",""
"pass","src/content/errors/wsl2-ne-zapuskaet-virtualnuyu-mashinu.mdx","WSL2: не запускает виртуальную машину — как исправить","Виртуализация","6","4",""
"pass","src/content/errors/wsl2-net-apparatnoy-virtualizatsii.mdx","WSL2: нет аппаратной виртуализации — как исправить","Виртуализация","6","4",""
"pass","src/content/errors/xiaomi-robot-vacuum-ne-krutitsya-schetka.mdx","Xiaomi robot vacuum: не крутится щетка — как исправить","Пылесосы и роботы-пылесосы","6","4",""
"pass","src/content/errors/xiaomi-robot-vacuum-ne-stroit-kartu.mdx","Xiaomi robot vacuum: не строит карту — как исправить","Пылесосы и роботы-пылесосы","6","4",""
"pass","src/content/errors/xiaomi-robot-vacuum-ne-vozvraschaetsya-na-bazu.mdx","Xiaomi robot vacuum: не возвращается на базу — как исправить","Пылесосы и роботы-пылесосы","6","4",""
"pass","src/content/errors/xiaomi-robot-vacuum-ne-zaryazhaetsya.mdx","Xiaomi robot vacuum: не заряжается — как исправить","Пылесосы и роботы-пылесосы","6","4",""
"pass","src/content/errors/xiaomi-robot-vacuum-oshibka-datchika.mdx","Xiaomi robot vacuum: ошибка датчика — как исправить","Пылесосы и роботы-пылесосы","6","4",""
"pass","src/content/errors/xiaomi-robot-vacuum-ploho-vsasyvaet.mdx","Xiaomi robot vacuum: плохо всасывает — как исправить","Пылесосы и роботы-пылесосы","6","4",""
