"file","action","title","category","renderedChars","renderedWords","steps","sources","uniqueSourceHosts","issues"
"ac-heating-daikin-air-conditioner-bad-smell.mdx","keep","Daikin air conditioner: появился запах или гарь","Кондиционеры и обогрев","3578","456","6","4","4",""
"ac-heating-daikin-air-conditioner-does-not-drain.mdx","keep","Daikin air conditioner: не сливает воду","Кондиционеры и обогрев","3562","459","6","4","4",""
"ac-heating-daikin-air-conditioner-does-not-heat.mdx","keep","Daikin air conditioner: не греет","Кондиционеры и обогрев","3544","455","6","4","4",""
"ac-heating-daikin-air-conditioner-error-code.mdx","keep","Daikin air conditioner: показывает код ошибки","Кондиционеры и обогрев","3589","459","6","4","4",""
"ac-heating-daikin-air-conditioner-leaks-water.mdx","keep","Daikin air conditioner: протекает","Кондиционеры и обогрев","3559","450","6","4","4",""
"ac-heating-daikin-air-conditioner-makes-noise.mdx","keep","Daikin air conditioner: шумит или вибрирует","Кондиционеры и обогрев","3543","452","6","4","4",""
"ac-heating-daikin-air-conditioner-stops-mid-cycle.mdx","keep","Daikin air conditioner: останавливается во время работы","Кондиционеры и обогрев","3629","462","6","4","4",""
"ac-heating-daikin-air-conditioner-wont-turn-on.mdx","keep","Daikin air conditioner: не включается","Кондиционеры и обогрев","3586","459","6","4","4",""
"ac-heating-daikin-kondicioner-bad-smell.mdx","keep","Daikin кондиционер: появился запах при работе","Кондиционеры и обогрев","4138","530","6","4","4",""
"ac-heating-daikin-kondicioner-does-not-start.mdx","keep","Daikin кондиционер: не запускается","Кондиционеры и обогрев","4133","531","6","4","4",""
"ac-heating-daikin-kondicioner-error-code.mdx","keep","Daikin кондиционер: показывает код ошибки","Кондиционеры и обогрев","4130","530","6","4","4",""
"ac-heating-daikin-kondicioner-leaks-water.mdx","keep","Daikin кондиционер: подтекает снизу или у двери","Кондиционеры и обогрев","4150","533","6","4","4",""
"ac-heating-daikin-kondicioner-noise-vibration.mdx","keep","Daikin кондиционер: шумит или вибрирует сильнее обычного","Кондиционеры и обогрев","4143","531","6","4","4",""
"ac-heating-daikin-kondicioner-stops-mid-cycle.mdx","keep","Daikin кондиционер: останавливается в середине цикла","Кондиционеры и обогрев","4144","530","6","4","4",""
"ac-heating-drenazh-kondicionera-bad-smell.mdx","keep","дренаж кондиционера: появился запах при работе","Кондиционеры и обогрев","4143","530","6","3","3",""
"ac-heating-drenazh-kondicionera-does-not-start.mdx","keep","дренаж кондиционера: не запускается","Кондиционеры и обогрев","4138","531","6","3","3",""
"ac-heating-drenazh-kondicionera-leaks-water.mdx","keep","дренаж кондиционера: подтекает снизу или у двери","Кондиционеры и обогрев","4155","533","6","3","3",""
"ac-heating-drenazh-kondicionera-noise-vibration.mdx","keep","дренаж кондиционера: шумит или вибрирует сильнее обычного","Кондиционеры и обогрев","4148","531","6","3","3",""
"ac-heating-drenazh-kondicionera-stops-mid-cycle.mdx","keep","дренаж кондиционера: останавливается в середине цикла","Кондиционеры и обогрев","4149","530","6","3","3",""
"ac-heating-elektricheskiy-obogrevatel-bad-smell.mdx","keep","электрический обогреватель: появился запах при работе","Кондиционеры и обогрев","4178","530","6","3","3",""
"ac-heating-elektricheskiy-obogrevatel-does-not-start.mdx","keep","электрический обогреватель: не запускается","Кондиционеры и обогрев","4173","531","6","3","3",""
"ac-heating-elektricheskiy-obogrevatel-error-code.mdx","keep","электрический обогреватель: показывает код ошибки","Кондиционеры и обогрев","4170","530","6","3","3",""
"ac-heating-elektricheskiy-obogrevatel-leaks-water.mdx","keep","электрический обогреватель: подтекает снизу или у двери","Кондиционеры и обогрев","4190","533","6","3","3",""
"ac-heating-elektricheskiy-obogrevatel-noise-vibration.mdx","keep","электрический обогреватель: шумит или вибрирует сильнее обычного","Кондиционеры и обогрев","4183","531","6","3","3",""
"ac-heating-elektricheskiy-obogrevatel-stops-mid-cycle.mdx","keep","электрический обогреватель: останавливается в середине цикла","Кондиционеры и обогрев","4184","530","6","3","3",""
"ac-heating-filtr-kondicionera-bad-smell.mdx","keep","фильтр кондиционера: появился запах при работе","Кондиционеры и обогрев","4143","530","6","3","3",""
"ac-heating-filtr-kondicionera-does-not-start.mdx","keep","фильтр кондиционера: не запускается","Кондиционеры и обогрев","4138","531","6","3","3",""
"ac-heating-filtr-kondicionera-error-code.mdx","keep","фильтр кондиционера: показывает код ошибки","Кондиционеры и обогрев","4135","530","6","3","3",""
"ac-heating-filtr-kondicionera-leaks-water.mdx","keep","фильтр кондиционера: подтекает снизу или у двери","Кондиционеры и обогрев","4155","533","6","3","3",""
"ac-heating-filtr-kondicionera-noise-vibration.mdx","keep","фильтр кондиционера: шумит или вибрирует сильнее обычного","Кондиционеры и обогрев","4148","531","6","3","3",""
"ac-heating-filtr-kondicionera-stops-mid-cycle.mdx","keep","фильтр кондиционера: останавливается в середине цикла","Кондиционеры и обогрев","4149","530","6","3","3",""
"ac-heating-lg-air-conditioner-bad-smell.mdx","keep","LG air conditioner: появился запах или гарь","Кондиционеры и обогрев","3562","456","6","4","3",""
"ac-heating-lg-air-conditioner-does-not-drain.mdx","keep","LG air conditioner: не сливает воду","Кондиционеры и обогрев","3546","459","6","4","3",""
"ac-heating-lg-air-conditioner-does-not-heat.mdx","keep","LG air conditioner: не греет","Кондиционеры и обогрев","3528","455","6","4","3",""
"ac-heating-lg-air-conditioner-error-code.mdx","keep","LG air conditioner: показывает код ошибки","Кондиционеры и обогрев","3573","459","6","4","3",""
"ac-heating-lg-air-conditioner-leaks-water.mdx","keep","LG air conditioner: протекает","Кондиционеры и обогрев","3543","450","6","4","3",""
"ac-heating-lg-air-conditioner-makes-noise.mdx","keep","LG air conditioner: шумит или вибрирует","Кондиционеры и обогрев","3527","452","6","4","3",""
"ac-heating-lg-air-conditioner-stops-mid-cycle.mdx","keep","LG air conditioner: останавливается во время работы","Кондиционеры и обогрев","3613","462","6","4","3",""
"ac-heating-lg-air-conditioner-wont-turn-on.mdx","keep","LG air conditioner: не включается","Кондиционеры и обогрев","3570","459","6","4","3",""
"ac-heating-lg-kondicioner-bad-smell.mdx","keep","LG кондиционер: появился запах при работе","Кондиционеры и обогрев","4118","530","6","4","4",""
"ac-heating-lg-kondicioner-does-not-start.mdx","keep","LG кондиционер: не запускается","Кондиционеры и обогрев","4113","531","6","4","4",""
"ac-heating-lg-kondicioner-error-code.mdx","keep","LG кондиционер: показывает код ошибки","Кондиционеры и обогрев","4110","530","6","4","4",""
"ac-heating-lg-kondicioner-leaks-water.mdx","keep","LG кондиционер: подтекает снизу или у двери","Кондиционеры и обогрев","4130","533","6","4","4",""
"ac-heating-lg-kondicioner-noise-vibration.mdx","keep","LG кондиционер: шумит или вибрирует сильнее обычного","Кондиционеры и обогрев","4123","531","6","4","4",""
"ac-heating-lg-kondicioner-stops-mid-cycle.mdx","keep","LG кондиционер: останавливается в середине цикла","Кондиционеры и обогрев","4124","530","6","4","4",""
"ac-heating-mitsubishi-electric-ac-bad-smell.mdx","keep","Mitsubishi Electric кондиционер: появился запах или гарь","Кондиционеры и обогрев","3614","456","6","4","4",""
"ac-heating-mitsubishi-electric-ac-does-not-drain.mdx","keep","Mitsubishi Electric кондиционер: не сливает воду","Кондиционеры и обогрев","3598","459","6","4","4",""
"ac-heating-mitsubishi-electric-ac-does-not-heat.mdx","keep","Mitsubishi Electric кондиционер: не греет","Кондиционеры и обогрев","3580","455","6","4","4",""
"ac-heating-mitsubishi-electric-ac-error-code.mdx","keep","Mitsubishi Electric кондиционер: показывает код ошибки","Кондиционеры и обогрев","3625","459","6","4","4",""
"ac-heating-mitsubishi-electric-ac-leaks-water.mdx","keep","Mitsubishi Electric кондиционер: протекает","Кондиционеры и обогрев","3595","450","6","4","4",""
"ac-heating-mitsubishi-electric-ac-makes-noise.mdx","keep","Mitsubishi Electric кондиционер: шумит или вибрирует","Кондиционеры и обогрев","3579","452","6","4","4",""
"ac-heating-mitsubishi-electric-ac-stops-mid-cycle.mdx","keep","Mitsubishi Electric кондиционер: останавливается во время работы","Кондиционеры и обогрев","3665","462","6","4","4",""
"ac-heating-mitsubishi-electric-ac-wont-turn-on.mdx","keep","Mitsubishi Electric кондиционер: не включается","Кондиционеры и обогрев","3622","459","6","4","4",""
"ac-heating-mitsubishi-kondicioner-bad-smell.mdx","keep","Mitsubishi кондиционер: появился запах при работе","Кондиционеры и обогрев","4158","530","6","4","4",""
"ac-heating-mitsubishi-kondicioner-does-not-start.mdx","keep","Mitsubishi кондиционер: не запускается","Кондиционеры и обогрев","4153","531","6","4","4",""
"ac-heating-mitsubishi-kondicioner-error-code.mdx","keep","Mitsubishi кондиционер: показывает код ошибки","Кондиционеры и обогрев","4150","530","6","4","4",""
"ac-heating-mitsubishi-kondicioner-leaks-water.mdx","keep","Mitsubishi кондиционер: подтекает снизу или у двери","Кондиционеры и обогрев","4170","533","6","4","4",""
"ac-heating-mitsubishi-kondicioner-noise-vibration.mdx","keep","Mitsubishi кондиционер: шумит или вибрирует сильнее обычного","Кондиционеры и обогрев","4163","531","6","4","4",""
"ac-heating-mitsubishi-kondicioner-stops-mid-cycle.mdx","keep","Mitsubishi кондиционер: останавливается в середине цикла","Кондиционеры и обогрев","4164","530","6","4","4",""
"ac-heating-mobilnyy-kondicioner-bad-smell.mdx","keep","мобильный кондиционер: появился запах при работе","Кондиционеры и обогрев","4153","530","6","3","3",""
"ac-heating-mobilnyy-kondicioner-does-not-start.mdx","keep","мобильный кондиционер: не запускается","Кондиционеры и обогрев","4148","531","6","3","3",""
"ac-heating-mobilnyy-kondicioner-error-code.mdx","keep","мобильный кондиционер: показывает код ошибки","Кондиционеры и обогрев","4145","530","6","3","3",""
"ac-heating-mobilnyy-kondicioner-leaks-water.mdx","keep","мобильный кондиционер: подтекает снизу или у двери","Кондиционеры и обогрев","4165","533","6","3","3",""
"ac-heating-mobilnyy-kondicioner-noise-vibration.mdx","keep","мобильный кондиционер: шумит или вибрирует сильнее обычного","Кондиционеры и обогрев","4158","531","6","3","3",""
"ac-heating-mobilnyy-kondicioner-stops-mid-cycle.mdx","keep","мобильный кондиционер: останавливается в середине цикла","Кондиционеры и обогрев","4159","530","6","3","3",""
"ac-heating-naruzhnyy-blok-kondicionera-bad-smell.mdx","keep","наружный блок кондиционера: появился запах при работе","Кондиционеры и обогрев","4178","535","6","3","3",""
"ac-heating-naruzhnyy-blok-kondicionera-does-not-start.mdx","keep","наружный блок кондиционера: не запускается","Кондиционеры и обогрев","4173","536","6","3","3",""
"ac-heating-naruzhnyy-blok-kondicionera-leaks-water.mdx","keep","наружный блок кондиционера: подтекает снизу или у двери","Кондиционеры и обогрев","4190","538","6","3","3",""
"ac-heating-naruzhnyy-blok-kondicionera-noise-vibration.mdx","keep","наружный блок кондиционера: шумит или вибрирует сильнее обычного","Кондиционеры и обогрев","4183","536","6","3","3",""
"ac-heating-naruzhnyy-blok-kondicionera-stops-mid-cycle.mdx","keep","наружный блок кондиционера: останавливается в середине цикла","Кондиционеры и обогрев","4184","535","6","3","3",""
"ac-heating-samsung-air-conditioner-error-code.mdx","keep","Samsung air conditioner: показывает код ошибки","Кондиционеры и обогрев","3593","459","6","4","4",""
"ac-heating-samsung-air-conditioner-leaks-water.mdx","keep","Samsung air conditioner: протекает","Кондиционеры и обогрев","3563","450","6","4","4",""
"ac-heating-samsung-air-conditioner-makes-noise.mdx","keep","Samsung air conditioner: шумит или вибрирует","Кондиционеры и обогрев","3547","452","6","4","4",""
"ac-heating-samsung-air-conditioner-stops-mid-cycle.mdx","keep","Samsung air conditioner: останавливается во время работы","Кондиционеры и обогрев","3633","462","6","4","4",""
"ac-heating-samsung-air-conditioner-wont-turn-on.mdx","keep","Samsung air conditioner: не включается","Кондиционеры и обогрев","3590","459","6","4","4",""
"ac-heating-samsung-kondicioner-bad-smell.mdx","keep","Samsung кондиционер: появился запах при работе","Кондиционеры и обогрев","4143","530","6","4","4",""
"ac-heating-samsung-kondicioner-does-not-start.mdx","keep","Samsung кондиционер: не запускается","Кондиционеры и обогрев","4138","531","6","4","4",""
"ac-heating-samsung-kondicioner-error-code.mdx","keep","Samsung кондиционер: показывает код ошибки","Кондиционеры и обогрев","4135","530","6","4","4",""
"ac-heating-samsung-kondicioner-leaks-water.mdx","keep","Samsung кондиционер: подтекает снизу или у двери","Кондиционеры и обогрев","4155","533","6","4","4",""
"ac-heating-samsung-kondicioner-noise-vibration.mdx","keep","Samsung кондиционер: шумит или вибрирует сильнее обычного","Кондиционеры и обогрев","4148","531","6","4","4",""
"ac-heating-samsung-kondicioner-stops-mid-cycle.mdx","keep","Samsung кондиционер: останавливается в середине цикла","Кондиционеры и обогрев","4149","530","6","4","4",""
"ac-heating-split-sistema-bad-smell.mdx","keep","сплит-система: появился запах при работе","Кондиционеры и обогрев","4113","525","6","3","3",""
"ac-heating-split-sistema-does-not-start.mdx","keep","сплит-система: не запускается","Кондиционеры и обогрев","4108","526","6","3","3",""
"ac-heating-split-sistema-error-code.mdx","keep","сплит-система: показывает код ошибки","Кондиционеры и обогрев","4105","525","6","3","3",""
"ac-heating-split-sistema-leaks-water.mdx","keep","сплит-система: подтекает снизу или у двери","Кондиционеры и обогрев","4125","528","6","3","3",""
"ac-heating-split-sistema-noise-vibration.mdx","keep","сплит-система: шумит или вибрирует сильнее обычного","Кондиционеры и обогрев","4118","526","6","3","3",""
"ac-heating-split-sistema-stops-mid-cycle.mdx","keep","сплит-система: останавливается в середине цикла","Кондиционеры и обогрев","4119","525","6","3","3",""
"ac-heating-teplovoy-nasos-bad-smell.mdx","keep","тепловой насос: появился запах при работе","Кондиционеры и обогрев","4118","530","6","3","3",""
"ac-heating-teplovoy-nasos-does-not-start.mdx","keep","тепловой насос: не запускается","Кондиционеры и обогрев","4113","531","6","3","3",""
"ac-heating-teplovoy-nasos-error-code.mdx","keep","тепловой насос: показывает код ошибки","Кондиционеры и обогрев","4110","530","6","3","3",""
"ac-heating-teplovoy-nasos-leaks-water.mdx","keep","тепловой насос: подтекает снизу или у двери","Кондиционеры и обогрев","4130","533","6","3","3",""
"ac-heating-teplovoy-nasos-noise-vibration.mdx","keep","тепловой насос: шумит или вибрирует сильнее обычного","Кондиционеры и обогрев","4123","531","6","3","3",""
"ac-heating-teplovoy-nasos-stops-mid-cycle.mdx","keep","тепловой насос: останавливается в середине цикла","Кондиционеры и обогрев","4124","530","6","3","3",""
"ac-heating-termostat-otopleniya-bad-smell.mdx","keep","термостат отопления: появился запах при работе","Кондиционеры и обогрев","4143","530","6","3","3",""
"ac-heating-termostat-otopleniya-does-not-start.mdx","keep","термостат отопления: не запускается","Кондиционеры и обогрев","4138","531","6","3","3",""
"ac-heating-termostat-otopleniya-error-code.mdx","keep","термостат отопления: показывает код ошибки","Кондиционеры и обогрев","4135","530","6","3","3",""
"ac-heating-termostat-otopleniya-leaks-water.mdx","keep","термостат отопления: подтекает снизу или у двери","Кондиционеры и обогрев","4155","533","6","3","3",""
"ac-heating-termostat-otopleniya-noise-vibration.mdx","keep","термостат отопления: шумит или вибрирует сильнее обычного","Кондиционеры и обогрев","4148","531","6","3","3",""
"ac-heating-termostat-otopleniya-stops-mid-cycle.mdx","keep","термостат отопления: останавливается в середине цикла","Кондиционеры и обогрев","4149","530","6","3","3",""
"android-bystro-razryazhaetsya-batareya.mdx","keep","Android: быстро разряжается батарея — как исправить","Мобильные устройства","3924","492","6","4","3",""
"android-ne-prihodyat-uvedomleniya.mdx","keep","Android: не приходят уведомления — как исправить","Мобильные устройства","3921","492","6","4","3",""
"android-ne-rabotaet-kamera.mdx","keep","Android: не работает камера — как исправить","Мобильные устройства","3916","492","6","4","3",""
"android-ne-rabotaet-sinhronizatsiya.mdx","keep","Android: не работает синхронизация — как исправить","Мобильные устройства","3923","492","6","4","3",""
"android-ne-ustanavlivaetsya-prilozhenie.mdx","keep","Android: не устанавливается приложение — как исправить","Мобильные устройства","3927","492","6","4","3",""
"android-oshibka-avtorizatsii.mdx","keep","Android: ошибка авторизации — как исправить","Мобильные устройства","3916","491","6","4","3",""
"android-zavisaet-obnovlenie.mdx","keep","Android: зависает обновление — как исправить","Мобильные устройства","3917","491","6","4","3",""
"audio-video-4k-monitor-access-denied.mdx","keep","4K монитор: показывает отказ в доступе","Аудио и видео","4144","541","6","3","3",""
"audio-video-4k-monitor-crash-on-open.mdx","keep","4K монитор: падает при открытии файла или проекта","Аудио и видео","4140","540","6","3","3",""
"audio-video-4k-monitor-does-not-start.mdx","keep","4K монитор: не запускается после обновления","Аудио и видео","4115","537","6","3","3",""
"audio-video-4k-monitor-settings-reset.mdx","keep","4K монитор: сбрасывает настройки после перезапуска","Аудио и видео","4146","536","6","3","3",""
"audio-video-4k-monitor-slow-response.mdx","keep","4K монитор: работает заметно медленнее обычного","Аудио и видео","4160","540","6","3","3",""
"audio-video-4k-monitor-update-loop.mdx","keep","4K монитор: застревает в цикле обновления","Аудио и видео","4158","542","6","3","3",""
"audio-video-bluetooth-headphones-disconnects-randomly.mdx","keep","Bluetooth Headphones: самопроизвольно отключается","Аудио и видео","4047","497","6","4","3",""
"audio-video-bluetooth-headphones-driver-error.mdx","keep","Bluetooth Headphones: ошибка драйвера","Аудио и видео","4088","506","6","4","3",""
"audio-video-bluetooth-headphones-firmware-update-failed.mdx","keep","Bluetooth Headphones: ошибка обновления прошивки","Аудио и видео","4077","508","6","4","3",""
"audio-video-bluetooth-headphones-low-performance.mdx","keep","Bluetooth Headphones: низкая производительность","Аудио и видео","4087","507","6","4","3",""
"audio-video-bluetooth-headphones-not-detected.mdx","keep","Bluetooth Headphones: не определяется системой","Аудио и видео","4051","512","6","4","3",""
"audio-video-bluetooth-naushniki-access-denied.mdx","keep","Bluetooth наушники: показывает отказ в доступе","Аудио и видео","4184","541","6","3","3",""
"audio-video-bluetooth-naushniki-crash-on-open.mdx","keep","Bluetooth наушники: падает при открытии файла или проекта","Аудио и видео","4180","540","6","3","3",""
"audio-video-bluetooth-naushniki-does-not-start.mdx","keep","Bluetooth наушники: не запускается после обновления","Аудио и видео","4155","537","6","3","3",""
"audio-video-bluetooth-naushniki-settings-reset.mdx","keep","Bluetooth наушники: сбрасывает настройки после перезапуска","Аудио и видео","4186","536","6","3","3",""
"audio-video-bluetooth-naushniki-slow-response.mdx","keep","Bluetooth наушники: работает заметно медленнее обычного","Аудио и видео","4200","540","6","3","3",""
"audio-video-bluetooth-naushniki-update-loop.mdx","keep","Bluetooth наушники: застревает в цикле обновления","Аудио и видео","4198","542","6","3","3",""
"audio-video-dinamiki-noutbuka-access-denied.mdx","keep","динамики ноутбука: показывает отказ в доступе","Аудио и видео","4179","541","6","3","3",""
"audio-video-dinamiki-noutbuka-crash-on-open.mdx","keep","динамики ноутбука: падает при открытии файла или проекта","Аудио и видео","4175","540","6","3","3",""
"audio-video-dinamiki-noutbuka-does-not-start.mdx","keep","динамики ноутбука: не запускается после обновления","Аудио и видео","4150","537","6","3","3",""
"audio-video-dinamiki-noutbuka-settings-reset.mdx","keep","динамики ноутбука: сбрасывает настройки после перезапуска","Аудио и видео","4181","536","6","3","3",""
"audio-video-dinamiki-noutbuka-slow-response.mdx","keep","динамики ноутбука: работает заметно медленнее обычного","Аудио и видео","4195","540","6","3","3",""
"audio-video-displayport-monitor-access-denied.mdx","keep","DisplayPort монитор: показывает отказ в доступе","Аудио и видео","4189","541","6","3","3",""
"audio-video-displayport-monitor-crash-on-open.mdx","keep","DisplayPort монитор: падает при открытии файла или проекта","Аудио и видео","4185","540","6","3","3",""
"audio-video-displayport-monitor-does-not-start.mdx","keep","DisplayPort монитор: не запускается после обновления","Аудио и видео","4160","537","6","3","3",""
"audio-video-displayport-monitor-settings-reset.mdx","keep","DisplayPort монитор: сбрасывает настройки после перезапуска","Аудио и видео","4191","536","6","3","3",""
"audio-video-displayport-monitor-slow-response.mdx","keep","DisplayPort монитор: работает заметно медленнее обычного","Аудио и видео","4205","540","6","3","3",""
"audio-video-displayport-monitor-update-loop.mdx","keep","DisplayPort монитор: застревает в цикле обновления","Аудио и видео","4203","542","6","3","3",""
"audio-video-hdmi-audio-disconnects-randomly.mdx","keep","HDMI Audio: самопроизвольно отключается","Аудио и видео","3977","497","6","4","3",""
"audio-video-hdmi-audio-driver-error.mdx","keep","HDMI Audio: ошибка драйвера","Аудио и видео","4018","506","6","4","3",""
"audio-video-hdmi-audio-firmware-update-failed.mdx","keep","HDMI Audio: ошибка обновления прошивки","Аудио и видео","4007","508","6","4","3",""
"audio-video-hdmi-audio-low-performance.mdx","keep","HDMI Audio: низкая производительность","Аудио и видео","4017","507","6","4","3",""
"audio-video-hdmi-audio-not-detected.mdx","keep","HDMI Audio: не определяется системой","Аудио и видео","3981","512","6","4","3",""
"audio-video-hdmi-zvuk-access-denied.mdx","keep","HDMI звук: показывает отказ в доступе","Аудио и видео","4139","541","6","3","3",""
"audio-video-hdmi-zvuk-crash-on-open.mdx","keep","HDMI звук: падает при открытии файла или проекта","Аудио и видео","4135","540","6","3","3",""
"audio-video-hdmi-zvuk-does-not-start.mdx","keep","HDMI звук: не запускается после обновления","Аудио и видео","4110","537","6","3","3",""
"audio-video-hdmi-zvuk-settings-reset.mdx","keep","HDMI звук: сбрасывает настройки после перезапуска","Аудио и видео","4141","536","6","3","3",""
"audio-video-hdmi-zvuk-slow-response.mdx","keep","HDMI звук: работает заметно медленнее обычного","Аудио и видео","4155","540","6","3","3",""
"audio-video-hdmi-zvuk-update-loop.mdx","keep","HDMI звук: застревает в цикле обновления","Аудио и видео","4153","542","6","3","3",""
"audio-video-kodek-video-access-denied.mdx","keep","кодек видео: показывает отказ в доступе","Аудио и видео","4149","541","6","3","3",""
"audio-video-kodek-video-crash-on-open.mdx","keep","кодек видео: падает при открытии файла или проекта","Аудио и видео","4145","540","6","3","3",""
"audio-video-kodek-video-does-not-start.mdx","keep","кодек видео: не запускается после обновления","Аудио и видео","4120","537","6","3","3",""
"audio-video-kodek-video-settings-reset.mdx","keep","кодек видео: сбрасывает настройки после перезапуска","Аудио и видео","4151","536","6","3","3",""
"audio-video-kodek-video-slow-response.mdx","keep","кодек видео: работает заметно медленнее обычного","Аудио и видео","4165","540","6","3","3",""
"audio-video-obs-studio-access-denied.mdx","keep","OBS Studio: показывает отказ в доступе","Аудио и видео","4144","541","6","3","3",""
"audio-video-obs-studio-crash-on-open.mdx","keep","OBS Studio: падает при открытии файла или проекта","Аудио и видео","4140","540","6","3","3",""
"audio-video-obs-studio-does-not-start.mdx","keep","OBS Studio: не запускается после обновления","Аудио и видео","4115","537","6","3","3",""
"audio-video-obs-studio-settings-reset.mdx","keep","OBS Studio: сбрасывает настройки после перезапуска","Аудио и видео","4146","536","6","3","3",""
"audio-video-obs-studio-slow-response.mdx","keep","OBS Studio: работает заметно медленнее обычного","Аудио и видео","4160","540","6","3","3",""
"audio-video-obs-studio-update-loop.mdx","keep","OBS Studio: застревает в цикле обновления","Аудио и видео","4158","542","6","3","3",""
"audio-video-proektor-access-denied.mdx","keep","проектор: показывает отказ в доступе","Аудио и видео","4134","536","6","3","3",""
"audio-video-proektor-crash-on-open.mdx","keep","проектор: падает при открытии файла или проекта","Аудио и видео","4130","535","6","3","3",""
"audio-video-proektor-does-not-start.mdx","keep","проектор: не запускается после обновления","Аудио и видео","4105","532","6","3","3",""
"audio-video-proektor-settings-reset.mdx","keep","проектор: сбрасывает настройки после перезапуска","Аудио и видео","4136","531","6","3","3",""
"audio-video-proektor-slow-response.mdx","keep","проектор: работает заметно медленнее обычного","Аудио и видео","4150","535","6","3","3",""
"audio-video-realtek-audio-disconnects-randomly.mdx","keep","Realtek Audio: самопроизвольно отключается","Аудио и видео","3998","497","6","4","3",""
"audio-video-realtek-audio-driver-error.mdx","keep","Realtek Audio: ошибка драйвера","Аудио и видео","4039","506","6","4","3",""
"audio-video-realtek-audio-firmware-update-failed.mdx","keep","Realtek Audio: ошибка обновления прошивки","Аудио и видео","4028","508","6","4","3",""
"audio-video-realtek-audio-low-performance.mdx","keep","Realtek Audio: низкая производительность","Аудио и видео","4038","507","6","4","3",""
"audio-video-realtek-audio-not-detected.mdx","keep","Realtek Audio: не определяется системой","Аудио и видео","4002","512","6","4","3",""
"audio-video-saundbar-cherez-hdmi-arc-access-denied.mdx","keep","саундбар через HDMI ARC: показывает отказ в доступе","Аудио и видео","4209","551","6","3","3",""
"audio-video-saundbar-cherez-hdmi-arc-crash-on-open.mdx","keep","саундбар через HDMI ARC: падает при открытии файла или проекта","Аудио и видео","4205","550","6","3","3",""
"audio-video-saundbar-cherez-hdmi-arc-does-not-start.mdx","keep","саундбар через HDMI ARC: не запускается после обновления","Аудио и видео","4180","547","6","3","3",""
"audio-video-saundbar-cherez-hdmi-arc-settings-reset.mdx","keep","саундбар через HDMI ARC: сбрасывает настройки после перезапуска","Аудио и видео","4211","546","6","3","3",""
"audio-video-saundbar-cherez-hdmi-arc-slow-response.mdx","keep","саундбар через HDMI ARC: работает заметно медленнее обычного","Аудио и видео","4225","550","6","3","3",""
"audio-video-saundbar-cherez-hdmi-arc-update-loop.mdx","keep","саундбар через HDMI ARC: застревает в цикле обновления","Аудио и видео","4223","552","6","3","3",""
"audio-video-usb-microphone-not-detected.mdx","keep","USB Microphone: не определяется системой","Аудио и видео","4009","512","6","4","3",""
"audio-video-usb-mikrofon-access-denied.mdx","keep","USB микрофон: показывает отказ в доступе","Аудио и видео","4154","541","6","3","3",""
"audio-video-usb-mikrofon-crash-on-open.mdx","keep","USB микрофон: падает при открытии файла или проекта","Аудио и видео","4150","540","6","3","3",""
"audio-video-usb-mikrofon-does-not-start.mdx","keep","USB микрофон: не запускается после обновления","Аудио и видео","4125","537","6","3","3",""
"audio-video-usb-mikrofon-settings-reset.mdx","keep","USB микрофон: сбрасывает настройки после перезапуска","Аудио и видео","4156","536","6","3","3",""
"audio-video-usb-mikrofon-slow-response.mdx","keep","USB микрофон: работает заметно медленнее обычного","Аудио и видео","4170","540","6","3","3",""
"audio-video-usb-mikrofon-update-loop.mdx","keep","USB микрофон: застревает в цикле обновления","Аудио и видео","4168","542","6","3","3",""
"audio-video-veb-kamera-access-denied.mdx","keep","веб-камера: показывает отказ в доступе","Аудио и видео","4144","536","6","3","3",""
"audio-video-veb-kamera-crash-on-open.mdx","keep","веб-камера: падает при открытии файла или проекта","Аудио и видео","4140","535","6","3","3",""
"audio-video-veb-kamera-does-not-start.mdx","keep","веб-камера: не запускается после обновления","Аудио и видео","4115","532","6","3","3",""
"audio-video-veb-kamera-settings-reset.mdx","keep","веб-камера: сбрасывает настройки после перезапуска","Аудио и видео","4146","531","6","3","3",""
"audio-video-veb-kamera-slow-response.mdx","keep","веб-камера: работает заметно медленнее обычного","Аудио и видео","4160","535","6","3","3",""
"audio-video-veb-kamera-update-loop.mdx","keep","веб-камера: застревает в цикле обновления","Аудио и видео","4158","537","6","3","3",""
"audio-video-zahvat-video-access-denied.mdx","keep","захват видео: показывает отказ в доступе","Аудио и видео","4154","541","6","3","3",""
"audio-video-zahvat-video-crash-on-open.mdx","keep","захват видео: падает при открытии файла или проекта","Аудио и видео","4150","540","6","3","3",""
"audio-video-zahvat-video-does-not-start.mdx","keep","захват видео: не запускается после обновления","Аудио и видео","4125","537","6","3","3",""
"audio-video-zahvat-video-settings-reset.mdx","keep","захват видео: сбрасывает настройки после перезапуска","Аудио и видео","4156","536","6","3","3",""
"audio-video-zahvat-video-slow-response.mdx","keep","захват видео: работает заметно медленнее обычного","Аудио и видео","4170","540","6","3","3",""
"audio-video-zahvat-video-update-loop.mdx","keep","захват видео: застревает в цикле обновления","Аудио и видео","4168","542","6","3","3",""
"bios-bios-nvme-072.mdx","keep","BIOS: не видит NVMe — как исправить","BIOS и UEFI","4232","541","7","4","2",""
"bios-bios-secure-boot-068.mdx","keep","BIOS: ошибка Secure Boot — как исправить","BIOS и UEFI","4237","541","7","4","2",""
"bios-bios-usb-071.mdx","keep","BIOS: не запускается с USB — как исправить","BIOS и UEFI","4228","541","7","4","2",""
"bios-ne-sohranyaet-nastroyki.mdx","keep","BIOS: не сохраняет настройки — как исправить","BIOS и UEFI","3837","492","6","4","2",""
"bios-ne-vidit-zagruzochnyy-disk.mdx","keep","BIOS: не видит загрузочный диск — как исправить","BIOS и UEFI","3840","493","6","4","2",""
"bios-sbrosilsya-posle-obnovleniya.mdx","keep","BIOS: сбросился после обновления — как исправить","BIOS и UEFI","3841","492","6","4","2",""
"bios-secure-boot-secure-boot-074.mdx","keep","Secure Boot: ошибка Secure Boot — как исправить","BIOS и UEFI","4272","546","7","4","2",""
"bios-uefi-bios-update-not-detected.mdx","keep","BIOS Update: не определяется системой","BIOS и UEFI","3962","512","6","4","2",""
"bios-uefi-kuler-v-bios-access-denied.mdx","keep","кулер в BIOS: показывает отказ в доступе","BIOS и UEFI","4094","546","6","3","3",""
"bios-uefi-kuler-v-bios-crash-on-open.mdx","keep","кулер в BIOS: падает при открытии файла или проекта","BIOS и UEFI","4090","545","6","3","3",""
"bios-uefi-kuler-v-bios-does-not-start.mdx","keep","кулер в BIOS: не запускается после обновления","BIOS и UEFI","4065","542","6","3","3",""
"bios-uefi-kuler-v-bios-settings-reset.mdx","keep","кулер в BIOS: сбрасывает настройки после перезапуска","BIOS и UEFI","4096","541","6","3","3",""
"bios-uefi-kuler-v-bios-slow-response.mdx","keep","кулер в BIOS: работает заметно медленнее обычного","BIOS и UEFI","4110","545","6","3","3",""
"bios-uefi-legacy-boot-access-denied.mdx","keep","Legacy boot: показывает отказ в доступе","BIOS и UEFI","4089","541","6","3","3",""
"bios-uefi-legacy-boot-crash-on-open.mdx","keep","Legacy boot: падает при открытии файла или проекта","BIOS и UEFI","4085","540","6","3","3",""
"bios-uefi-legacy-boot-does-not-start.mdx","keep","Legacy boot: не запускается после обновления","BIOS и UEFI","4060","537","6","3","3",""
"bios-uefi-legacy-boot-settings-reset.mdx","keep","Legacy boot: сбрасывает настройки после перезапуска","BIOS и UEFI","4091","536","6","3","3",""
"bios-uefi-legacy-boot-slow-response.mdx","keep","Legacy boot: работает заметно медленнее обычного","BIOS и UEFI","4105","540","6","3","3",""
"bios-uefi-legacy-boot-update-loop.mdx","keep","Legacy boot: застревает в цикле обновления","BIOS и UEFI","4103","542","6","3","3",""
"bios-uefi-nastroyki-cmos-access-denied.mdx","keep","настройки CMOS: показывает отказ в доступе","BIOS и UEFI","4104","541","6","3","3",""
"bios-uefi-nastroyki-cmos-crash-on-open.mdx","keep","настройки CMOS: падает при открытии файла или проекта","BIOS и UEFI","4100","540","6","3","3",""
"bios-uefi-nastroyki-cmos-does-not-start.mdx","keep","настройки CMOS: не запускается после обновления","BIOS и UEFI","4075","537","6","3","3",""
"bios-uefi-nastroyki-cmos-settings-reset.mdx","keep","настройки CMOS: сбрасывает настройки после перезапуска","BIOS и UEFI","4106","536","6","3","3",""
"bios-uefi-nastroyki-cmos-slow-response.mdx","keep","настройки CMOS: работает заметно медленнее обычного","BIOS и UEFI","4120","540","6","3","3",""
"bios-uefi-nastroyki-cmos-update-loop.mdx","keep","настройки CMOS: застревает в цикле обновления","BIOS и UEFI","4118","542","6","3","3",""
"bios-uefi-nvme-066.mdx","keep","UEFI: не видит NVMe — как исправить","BIOS и UEFI","4232","541","7","4","2",""
"bios-uefi-obnovlenie-bios-access-denied.mdx","keep","обновление BIOS: показывает отказ в доступе","BIOS и UEFI","4109","541","6","3","3",""
"bios-uefi-obnovlenie-bios-crash-on-open.mdx","keep","обновление BIOS: падает при открытии файла или проекта","BIOS и UEFI","4105","540","6","3","3",""
"bios-uefi-obnovlenie-bios-does-not-start.mdx","keep","обновление BIOS: не запускается после обновления","BIOS и UEFI","4080","537","6","3","3",""
"bios-uefi-obnovlenie-bios-settings-reset.mdx","keep","обновление BIOS: сбрасывает настройки после перезапуска","BIOS и UEFI","4111","536","6","3","3",""
"bios-uefi-obnovlenie-bios-slow-response.mdx","keep","обновление BIOS: работает заметно медленнее обычного","BIOS и UEFI","4125","540","6","3","3",""
"bios-uefi-obnovlenie-bios-update-loop.mdx","keep","обновление BIOS: застревает в цикле обновления","BIOS и UEFI","4123","542","6","3","3",""
"bios-uefi-poryadok-zagruzki-uefi-access-denied.mdx","keep","порядок загрузки UEFI: показывает отказ в доступе","BIOS и UEFI","4139","546","6","3","3",""
"bios-uefi-poryadok-zagruzki-uefi-crash-on-open.mdx","keep","порядок загрузки UEFI: падает при открытии файла или проекта","BIOS и UEFI","4135","545","6","3","3",""
"bios-uefi-poryadok-zagruzki-uefi-does-not-start.mdx","keep","порядок загрузки UEFI: не запускается после обновления","BIOS и UEFI","4110","542","6","3","3",""
"bios-uefi-poryadok-zagruzki-uefi-settings-reset.mdx","keep","порядок загрузки UEFI: сбрасывает настройки после перезапуска","BIOS и UEFI","4141","541","6","3","3",""
"bios-uefi-poryadok-zagruzki-uefi-slow-response.mdx","keep","порядок загрузки UEFI: работает заметно медленнее обычного","BIOS и UEFI","4155","545","6","3","3",""
"bios-uefi-poryadok-zagruzki-uefi-update-loop.mdx","keep","порядок загрузки UEFI: застревает в цикле обновления","BIOS и UEFI","4153","547","6","3","3",""
"bios-uefi-sata-rezhim-access-denied.mdx","keep","SATA режим: показывает отказ в доступе","BIOS и UEFI","4084","541","6","3","3",""
"bios-uefi-sata-rezhim-crash-on-open.mdx","keep","SATA режим: падает при открытии файла или проекта","BIOS и UEFI","4080","540","6","3","3",""
"bios-uefi-sata-rezhim-does-not-start.mdx","keep","SATA режим: не запускается после обновления","BIOS и UEFI","4055","537","6","3","3",""
"bios-uefi-sata-rezhim-settings-reset.mdx","keep","SATA режим: сбрасывает настройки после перезапуска","BIOS и UEFI","4086","536","6","3","3",""
"bios-uefi-sata-rezhim-slow-response.mdx","keep","SATA режим: работает заметно медленнее обычного","BIOS и UEFI","4100","540","6","3","3",""
"bios-uefi-secure-boot-062.mdx","keep","UEFI: ошибка Secure Boot — как исправить","BIOS и UEFI","4237","541","7","4","2",""
"bios-uefi-secure-boot-access-denied.mdx","keep","Secure Boot: показывает отказ в доступе","BIOS и UEFI","4089","541","6","3","3",""
"bios-uefi-secure-boot-crash-on-open.mdx","keep","Secure Boot: падает при открытии файла или проекта","BIOS и UEFI","4085","540","6","3","3",""
"bios-uefi-secure-boot-disconnects-randomly.mdx","keep","Secure Boot: самопроизвольно отключается","BIOS и UEFI","3958","497","6","4","2",""
"bios-uefi-secure-boot-does-not-start.mdx","keep","Secure Boot: не запускается после обновления","BIOS и UEFI","4060","537","6","3","3",""
"bios-uefi-secure-boot-driver-error.mdx","keep","Secure Boot: ошибка драйвера","BIOS и UEFI","3999","506","6","4","2",""
"bios-uefi-secure-boot-firmware-update-failed.mdx","keep","Secure Boot: ошибка обновления прошивки","BIOS и UEFI","3988","508","6","4","2",""
"bios-uefi-secure-boot-low-performance.mdx","keep","Secure Boot: низкая производительность","BIOS и UEFI","3998","507","6","4","2",""
"bios-uefi-secure-boot-not-detected.mdx","keep","Secure Boot: не определяется системой","BIOS и UEFI","3962","512","6","4","2",""
"bios-uefi-secure-boot-settings-reset.mdx","keep","Secure Boot: сбрасывает настройки после перезапуска","BIOS и UEFI","4091","536","6","3","3",""
"bios-uefi-secure-boot-slow-response.mdx","keep","Secure Boot: работает заметно медленнее обычного","BIOS и UEFI","4105","540","6","3","3",""
"bios-uefi-secure-boot-update-loop.mdx","keep","Secure Boot: застревает в цикле обновления","BIOS и UEFI","4103","542","6","3","3",""
"bios-uefi-tpm-2-0-access-denied.mdx","keep","TPM 2.0: показывает отказ в доступе","BIOS и UEFI","4069","541","6","3","3",""
"bios-uefi-tpm-2-0-crash-on-open.mdx","keep","TPM 2.0: падает при открытии файла или проекта","BIOS и UEFI","4065","540","6","3","3",""
"bios-uefi-tpm-2-0-disconnects-randomly.mdx","keep","TPM 2.0: самопроизвольно отключается","BIOS и UEFI","3930","497","6","4","2",""
"bios-uefi-tpm-2-0-does-not-start.mdx","keep","TPM 2.0: не запускается после обновления","BIOS и UEFI","4040","537","6","3","3",""
"bios-uefi-tpm-2-0-driver-error.mdx","keep","TPM 2.0: ошибка драйвера","BIOS и UEFI","3971","506","6","4","2",""
"bios-uefi-tpm-2-0-firmware-update-failed.mdx","keep","TPM 2.0: ошибка обновления прошивки","BIOS и UEFI","3960","508","6","4","2",""
"bios-uefi-tpm-2-0-low-performance.mdx","keep","TPM 2.0: низкая производительность","BIOS и UEFI","3970","507","6","4","2",""
"bios-uefi-tpm-2-0-not-detected.mdx","keep","TPM 2.0: не определяется системой","BIOS и UEFI","3934","512","6","4","2",""
"bios-uefi-tpm-2-0-settings-reset.mdx","keep","TPM 2.0: сбрасывает настройки после перезапуска","BIOS и UEFI","4071","536","6","3","3",""
"bios-uefi-tpm-2-0-slow-response.mdx","keep","TPM 2.0: работает заметно медленнее обычного","BIOS и UEFI","4085","540","6","3","3",""
"bios-uefi-tpm-2-0-update-loop.mdx","keep","TPM 2.0: застревает в цикле обновления","BIOS и UEFI","4083","542","6","3","3",""
"bios-uefi-uefi-boot-manager-access-denied.mdx","keep","UEFI Boot Manager: показывает отказ в доступе","BIOS и UEFI","4119","546","6","3","3",""
"bios-uefi-uefi-boot-manager-crash-on-open.mdx","keep","UEFI Boot Manager: падает при открытии файла или проекта","BIOS и UEFI","4115","545","6","3","3",""
"bios-uefi-uefi-boot-manager-does-not-start.mdx","keep","UEFI Boot Manager: не запускается после обновления","BIOS и UEFI","4090","542","6","3","3",""
"bios-uefi-uefi-boot-manager-settings-reset.mdx","keep","UEFI Boot Manager: сбрасывает настройки после перезапуска","BIOS и UEFI","4121","541","6","3","3",""
"bios-uefi-uefi-boot-manager-slow-response.mdx","keep","UEFI Boot Manager: работает заметно медленнее обычного","BIOS и UEFI","4135","545","6","3","3",""
"bios-uefi-uefi-boot-manager-update-loop.mdx","keep","UEFI Boot Manager: застревает в цикле обновления","BIOS и UEFI","4133","547","6","3","3",""
"bios-uefi-uefi-boot-order-disconnects-randomly.mdx","keep","UEFI Boot Order: самопроизвольно отключается","BIOS и UEFI","3986","504","6","4","2",""
"bios-uefi-uefi-boot-order-driver-error.mdx","keep","UEFI Boot Order: ошибка драйвера","BIOS и UEFI","4027","513","6","4","2",""
"bios-uefi-uefi-boot-order-firmware-update-failed.mdx","keep","UEFI Boot Order: ошибка обновления прошивки","BIOS и UEFI","4016","515","6","4","2",""
"bios-uefi-uefi-boot-order-low-performance.mdx","keep","UEFI Boot Order: низкая производительность","BIOS и UEFI","4026","514","6","4","2",""
"bios-uefi-uefi-boot-order-not-detected.mdx","keep","UEFI Boot Order: не определяется системой","BIOS и UEFI","3990","519","6","4","2",""
"bios-uefi-usb-065.mdx","keep","UEFI: не запускается с USB — как исправить","BIOS и UEFI","4228","541","7","4","2",""
"bios-uefi-usb-boot-access-denied.mdx","keep","USB boot: показывает отказ в доступе","BIOS и UEFI","4074","541","6","3","3",""
"bios-uefi-usb-boot-crash-on-open.mdx","keep","USB boot: падает при открытии файла или проекта","BIOS и UEFI","4070","540","6","3","3",""
"bios-uefi-usb-boot-does-not-start.mdx","keep","USB boot: не запускается после обновления","BIOS и UEFI","4045","537","6","3","3",""
"bios-uefi-usb-boot-settings-reset.mdx","keep","USB boot: сбрасывает настройки после перезапуска","BIOS и UEFI","4076","536","6","3","3",""
"bios-uefi-usb-boot-slow-response.mdx","keep","USB boot: работает заметно медленнее обычного","BIOS и UEFI","4090","540","6","3","3",""
"bios-uefi-virtualizaciya-vt-x-access-denied.mdx","keep","виртуализация VT-x: показывает отказ в доступе","BIOS и UEFI","4124","541","6","3","3",""
"bios-uefi-virtualizaciya-vt-x-crash-on-open.mdx","keep","виртуализация VT-x: падает при открытии файла или проекта","BIOS и UEFI","4120","540","6","3","3",""
"bios-uefi-virtualizaciya-vt-x-does-not-start.mdx","keep","виртуализация VT-x: не запускается после обновления","BIOS и UEFI","4095","537","6","3","3",""
"bios-uefi-virtualizaciya-vt-x-settings-reset.mdx","keep","виртуализация VT-x: сбрасывает настройки после перезапуска","BIOS и UEFI","4126","536","6","3","3",""
"bios-uefi-virtualizaciya-vt-x-slow-response.mdx","keep","виртуализация VT-x: работает заметно медленнее обычного","BIOS и UEFI","4140","540","6","3","3",""
"bios-uefi-virtualizaciya-vt-x-update-loop.mdx","keep","виртуализация VT-x: застревает в цикле обновления","BIOS и UEFI","4138","542","6","3","3",""
"bios-uefi-xmp-profil-pamyati-access-denied.mdx","keep","XMP профиль памяти: показывает отказ в доступе","BIOS и UEFI","4124","546","6","3","3",""
"bios-uefi-xmp-profil-pamyati-crash-on-open.mdx","keep","XMP профиль памяти: падает при открытии файла или проекта","BIOS и UEFI","4120","545","6","3","3",""
"bios-uefi-xmp-profil-pamyati-does-not-start.mdx","keep","XMP профиль памяти: не запускается после обновления","BIOS и UEFI","4095","542","6","3","3",""
"bios-uefi-xmp-profil-pamyati-settings-reset.mdx","keep","XMP профиль памяти: сбрасывает настройки после перезапуска","BIOS и UEFI","4126","541","6","3","3",""
"bios-uefi-xmp-profil-pamyati-slow-response.mdx","keep","XMP профиль памяти: работает заметно медленнее обычного","BIOS и UEFI","4140","545","6","3","3",""
"bios-uefi-xmp-profil-pamyati-update-loop.mdx","keep","XMP профиль памяти: застревает в цикле обновления","BIOS и UEFI","4138","547","6","3","3",""
"bitlocker-recovery-key-loop-fix.mdx","keep","BitLocker постоянно просит recovery key: причины и решение","Безопасность","6636","890","7","4","2",""
"bluetooth-headphones-hripit-zvuk.mdx","keep","Bluetooth headphones: хрипит звук — как исправить","Аудио и видео","4012","501","6","4","3",""
"bluetooth-headphones-mikrofon-ne-rabotaet.mdx","keep","Bluetooth headphones: микрофон не работает — как исправить","Аудио и видео","4021","502","6","4","3",""
"bluetooth-headphones-net-izobrazheniya.mdx","keep","Bluetooth headphones: нет изображения — как исправить","Аудио и видео","4016","501","6","4","3",""
"bluetooth-headphones-net-zvuka.mdx","keep","Bluetooth headphones: нет звука — как исправить","Аудио и видео","4010","501","6","4","3",""
"bluetooth-headphones-oshibka-kodeka.mdx","keep","Bluetooth headphones: ошибка кодека — как исправить","Аудио и видео","4014","501","6","4","3",""
"bluetooth-headphones-rassinhron-audio-i-video.mdx","keep","Bluetooth headphones: рассинхрон аудио и видео — как исправить","Аудио и видео","4025","503","6","4","3",""
"bosch-dishwasher-ne-nabiraet-vodu.mdx","keep","Bosch dishwasher: не набирает воду — как исправить","Посудомоечные машины","3505","449","6","4","3",""
"bosch-dishwasher-ne-rastvoryaet-tabletku.mdx","keep","Bosch dishwasher: не растворяет таблетку — как исправить","Посудомоечные машины","3511","449","6","4","3",""
"bosch-dishwasher-ne-slivaet-vodu.mdx","keep","Bosch dishwasher: не сливает воду — как исправить","Посудомоечные машины","3499","450","6","4","3",""
"bosch-dishwasher-oshibka-nagreva.mdx","keep","Bosch dishwasher: ошибка нагрева — как исправить","Посудомоечные машины","3503","448","6","4","3",""
"bosch-dishwasher-ploho-moet-posudu.mdx","keep","Bosch dishwasher: плохо моет посуду — как исправить","Посудомоечные машины","3506","449","6","4","3",""
"bosch-dishwasher-techet-snizu.mdx","keep","Bosch dishwasher: течет снизу — как исправить","Посудомоечные машины","3500","448","6","4","3",""
"bosch-oven-iskrit-vnutri.mdx","keep","Bosch oven: искрит внутри — как исправить","Микроволновки и духовки","3514","456","6","4","3",""
"bosch-oven-ne-greet.mdx","keep","Bosch oven: не греет — как исправить","Микроволновки и духовки","3485","452","6","4","3",""
"bosch-oven-ne-vklyuchaetsya.mdx","keep","Bosch oven: не включается — как исправить","Микроволновки и духовки","3516","454","6","4","3",""
"bosch-refrigerator-ne-morozit.mdx","keep","Bosch refrigerator: не морозит — как исправить","Холодильники","3561","450","6","4","3",""
"bosch-refrigerator-silno-shumit.mdx","keep","Bosch refrigerator: сильно шумит — как исправить","Холодильники","3542","444","6","4","3",""
"bosch-refrigerator-techet-voda.mdx","keep","Bosch refrigerator: течет вода — как исправить","Холодильники","3561","450","6","4","3",""
"bosch-screwdriver-greetsya-pri-rabote.mdx","keep","Bosch screwdriver: греется при работе — как исправить","Электроинструмент","3535","447","6","4","3",""
"bosch-screwdriver-iskrit-dvigatel.mdx","keep","Bosch screwdriver: искрит двигатель — как исправить","Электроинструмент","3533","446","6","4","3",""
"bosch-screwdriver-ne-vklyuchaetsya.mdx","keep","Bosch screwdriver: не включается — как исправить","Электроинструмент","3532","444","6","4","3",""
"bosch-screwdriver-ne-zaryazhaetsya-akkumulyator.mdx","keep","Bosch screwdriver: не заряжается аккумулятор — как исправить","Электроинструмент","3542","447","6","4","3",""
"bosch-screwdriver-teryaet-oboroty.mdx","keep","Bosch screwdriver: теряет обороты — как исправить","Электроинструмент","3531","446","6","4","3",""
"bosch-screwdriver-zaedaet-patron.mdx","keep","Bosch screwdriver: заедает патрон — как исправить","Электроинструмент","3531","446","6","4","3",""
"bosch-washing-machine-ne-otzhimaet.mdx","keep","Bosch washing machine: не отжимает — как исправить","Стиральные машины","3535","456","6","4","3",""
"bosch-washing-machine-ne-slivaet-vodu.mdx","keep","Bosch washing machine: не сливает воду — как исправить","Стиральные машины","3534","458","6","4","3",""
"bosch-washing-machine-oshibka-dvertsy.mdx","keep","Bosch washing machine: ошибка дверцы — как исправить","Стиральные машины","3537","456","6","4","3",""
"browsers-cookies-sayta-access-denied.mdx","keep","cookies сайта: показывает отказ в доступе","Браузеры","4069","532","6","3","3",""
"browsers-cookies-sayta-crash-on-open.mdx","keep","cookies сайта: падает при открытии файла или проекта","Браузеры","4065","531","6","3","3",""
"browsers-cookies-sayta-does-not-start.mdx","keep","cookies сайта: не запускается после обновления","Браузеры","4040","528","6","3","3",""
"browsers-cookies-sayta-settings-reset.mdx","keep","cookies сайта: сбрасывает настройки после перезапуска","Браузеры","4071","527","6","3","3",""
"browsers-cookies-sayta-slow-response.mdx","keep","cookies сайта: работает заметно медленнее обычного","Браузеры","4085","531","6","3","3",""
"browsers-cookies-sayta-update-loop.mdx","keep","cookies сайта: застревает в цикле обновления","Браузеры","4083","533","6","3","3",""
"browsers-google-chrome-access-denied.mdx","keep","Google Chrome: показывает отказ в доступе","Браузеры","4069","532","6","3","3",""
"browsers-google-chrome-config-error.mdx","keep","Google Chrome: ошибка конфигурации","Браузеры","4083","516","6","4","3",""
"browsers-google-chrome-crash-on-open.mdx","keep","Google Chrome: падает при открытии файла или проекта","Браузеры","4065","531","6","3","3",""
"browsers-google-chrome-crashes-after-update.mdx","keep","Google Chrome: вылетает после обновления","Браузеры","4066","513","6","4","3",""
"browsers-google-chrome-does-not-start.mdx","keep","Google Chrome: не запускается после обновления","Браузеры","4040","528","6","3","3",""
"browsers-google-chrome-high-cpu.mdx","keep","Google Chrome: нагружает процессор","Браузеры","4118","523","6","4","3",""
"browsers-google-chrome-network-timeout.mdx","keep","Google Chrome: ошибка подключения или тайм-аут","Браузеры","3977","504","6","4","3",""
"browsers-google-chrome-permission-denied.mdx","keep","Google Chrome: отказано в доступе","Браузеры","4049","513","6","4","3",""
"browsers-google-chrome-settings-reset.mdx","keep","Google Chrome: сбрасывает настройки после перезапуска","Браузеры","4071","527","6","3","3",""
"browsers-google-chrome-slow-response.mdx","keep","Google Chrome: работает заметно медленнее обычного","Браузеры","4085","531","6","3","3",""
"browsers-google-chrome-sync-failed.mdx","keep","Google Chrome: не синхронизируется","Браузеры","4002","512","6","4","3",""
"browsers-google-chrome-update-failed.mdx","keep","Google Chrome: ошибка обновления","Браузеры","4031","510","6","4","3",""
"browsers-google-chrome-update-loop.mdx","keep","Google Chrome: застревает в цикле обновления","Браузеры","4083","533","6","3","3",""
"browsers-google-chrome-wont-start.mdx","keep","Google Chrome: не запускается","Браузеры","3986","508","6","4","3",""
"browsers-kesh-brauzera-access-denied.mdx","keep","кеш браузера: показывает отказ в доступе","Браузеры","4064","532","6","3","3",""
"browsers-kesh-brauzera-crash-on-open.mdx","keep","кеш браузера: падает при открытии файла или проекта","Браузеры","4060","531","6","3","3",""
"browsers-kesh-brauzera-does-not-start.mdx","keep","кеш браузера: не запускается после обновления","Браузеры","4035","528","6","3","3",""
"browsers-kesh-brauzera-settings-reset.mdx","keep","кеш браузера: сбрасывает настройки после перезапуска","Браузеры","4066","527","6","3","3",""
"browsers-kesh-brauzera-slow-response.mdx","keep","кеш браузера: работает заметно медленнее обычного","Браузеры","4080","531","6","3","3",""
"browsers-kesh-brauzera-update-loop.mdx","keep","кеш браузера: застревает в цикле обновления","Браузеры","4078","533","6","3","3",""
"browsers-microsoft-edge-access-denied.mdx","keep","Microsoft Edge: показывает отказ в доступе","Браузеры","4074","532","6","3","3",""
"browsers-microsoft-edge-crash-on-open.mdx","keep","Microsoft Edge: падает при открытии файла или проекта","Браузеры","4070","531","6","3","3",""
"browsers-microsoft-edge-crashes-after-update.mdx","keep","Microsoft Edge: вылетает после обновления","Браузеры","4073","513","6","4","3",""
"browsers-microsoft-edge-does-not-start.mdx","keep","Microsoft Edge: не запускается после обновления","Браузеры","4045","528","6","3","3",""
"browsers-microsoft-edge-high-cpu.mdx","keep","Microsoft Edge: нагружает процессор","Браузеры","4125","523","6","4","3",""
"browsers-microsoft-edge-network-timeout.mdx","keep","Microsoft Edge: ошибка подключения или тайм-аут","Браузеры","3984","504","6","4","3",""
"browsers-microsoft-edge-permission-denied.mdx","keep","Microsoft Edge: отказано в доступе","Браузеры","4056","513","6","4","3",""
"browsers-microsoft-edge-settings-reset.mdx","keep","Microsoft Edge: сбрасывает настройки после перезапуска","Браузеры","4076","527","6","3","3",""
"browsers-microsoft-edge-slow-response.mdx","keep","Microsoft Edge: работает заметно медленнее обычного","Браузеры","4090","531","6","3","3",""
"browsers-microsoft-edge-sync-failed.mdx","keep","Microsoft Edge: не синхронизируется","Браузеры","4009","512","6","4","3",""
"browsers-microsoft-edge-update-failed.mdx","keep","Microsoft Edge: ошибка обновления","Браузеры","4038","510","6","4","3",""
"browsers-microsoft-edge-update-loop.mdx","keep","Microsoft Edge: застревает в цикле обновления","Браузеры","4088","533","6","3","3",""
"browsers-microsoft-edge-wont-start.mdx","keep","Microsoft Edge: не запускается","Браузеры","3993","508","6","4","3",""
"browsers-mozilla-firefox-access-denied.mdx","keep","Mozilla Firefox: показывает отказ в доступе","Браузеры","4079","532","6","3","3",""
"browsers-mozilla-firefox-config-error.mdx","keep","Mozilla Firefox: ошибка конфигурации","Браузеры","4097","516","6","4","3",""
"browsers-mozilla-firefox-crash-on-open.mdx","keep","Mozilla Firefox: падает при открытии файла или проекта","Браузеры","4075","531","6","3","3",""
"browsers-mozilla-firefox-crashes-after-update.mdx","keep","Mozilla Firefox: вылетает после обновления","Браузеры","4080","513","6","4","3",""
"browsers-mozilla-firefox-does-not-start.mdx","keep","Mozilla Firefox: не запускается после обновления","Браузеры","4050","528","6","3","3",""
"browsers-mozilla-firefox-high-cpu.mdx","keep","Mozilla Firefox: нагружает процессор","Браузеры","4132","523","6","4","3",""
"browsers-mozilla-firefox-network-timeout.mdx","keep","Mozilla Firefox: ошибка подключения или тайм-аут","Браузеры","3991","504","6","4","3",""
"browsers-mozilla-firefox-permission-denied.mdx","keep","Mozilla Firefox: отказано в доступе","Браузеры","4063","513","6","4","3",""
"browsers-mozilla-firefox-settings-reset.mdx","keep","Mozilla Firefox: сбрасывает настройки после перезапуска","Браузеры","4081","527","6","3","3",""
"browsers-mozilla-firefox-slow-response.mdx","keep","Mozilla Firefox: работает заметно медленнее обычного","Браузеры","4095","531","6","3","3",""
"browsers-mozilla-firefox-sync-failed.mdx","keep","Mozilla Firefox: не синхронизируется","Браузеры","4016","512","6","4","3",""
"browsers-mozilla-firefox-update-failed.mdx","keep","Mozilla Firefox: ошибка обновления","Браузеры","4045","510","6","4","3",""
"browsers-mozilla-firefox-update-loop.mdx","keep","Mozilla Firefox: застревает в цикле обновления","Браузеры","4093","533","6","3","3",""
"browsers-mozilla-firefox-wont-start.mdx","keep","Mozilla Firefox: не запускается","Браузеры","4000","508","6","4","3",""
"browsers-profil-brauzera-access-denied.mdx","keep","профиль браузера: показывает отказ в доступе","Браузеры","4084","532","6","3","3",""
"browsers-profil-brauzera-crash-on-open.mdx","keep","профиль браузера: падает при открытии файла или проекта","Браузеры","4080","531","6","3","3",""
"browsers-profil-brauzera-does-not-start.mdx","keep","профиль браузера: не запускается после обновления","Браузеры","4055","528","6","3","3",""
"browsers-profil-brauzera-settings-reset.mdx","keep","профиль браузера: сбрасывает настройки после перезапуска","Браузеры","4086","527","6","3","3",""
"browsers-profil-brauzera-slow-response.mdx","keep","профиль браузера: работает заметно медленнее обычного","Браузеры","4100","531","6","3","3",""
"browsers-profil-brauzera-update-loop.mdx","keep","профиль браузера: застревает в цикле обновления","Браузеры","4098","533","6","3","3",""
"browsers-proksi-brauzera-access-denied.mdx","keep","прокси браузера: показывает отказ в доступе","Браузеры","4079","532","6","3","3",""
"browsers-proksi-brauzera-crash-on-open.mdx","keep","прокси браузера: падает при открытии файла или проекта","Браузеры","4075","531","6","3","3",""
"browsers-proksi-brauzera-does-not-start.mdx","keep","прокси браузера: не запускается после обновления","Браузеры","4050","528","6","3","3",""
"browsers-proksi-brauzera-settings-reset.mdx","keep","прокси браузера: сбрасывает настройки после перезапуска","Браузеры","4081","527","6","3","3",""
"browsers-proksi-brauzera-slow-response.mdx","keep","прокси браузера: работает заметно медленнее обычного","Браузеры","4095","531","6","3","3",""
"browsers-rasshirenie-brauzera-access-denied.mdx","keep","расширение браузера: показывает отказ в доступе","Браузеры","4099","532","6","3","3",""
"browsers-rasshirenie-brauzera-crash-on-open.mdx","keep","расширение браузера: падает при открытии файла или проекта","Браузеры","4095","531","6","3","3",""
"browsers-rasshirenie-brauzera-does-not-start.mdx","keep","расширение браузера: не запускается после обновления","Браузеры","4070","528","6","3","3",""
"browsers-rasshirenie-brauzera-settings-reset.mdx","keep","расширение браузера: сбрасывает настройки после перезапуска","Браузеры","4101","527","6","3","3",""
"browsers-rasshirenie-brauzera-slow-response.mdx","keep","расширение браузера: работает заметно медленнее обычного","Браузеры","4115","531","6","3","3",""
"browsers-rasshirenie-brauzera-update-loop.mdx","keep","расширение браузера: застревает в цикле обновления","Браузеры","4113","533","6","3","3",""
"browsers-sinhronizaciya-chrome-access-denied.mdx","keep","синхронизация Chrome: показывает отказ в доступе","Браузеры","4104","532","6","3","3",""
"browsers-sinhronizaciya-chrome-crash-on-open.mdx","keep","синхронизация Chrome: падает при открытии файла или проекта","Браузеры","4100","531","6","3","3",""
"browsers-sinhronizaciya-chrome-does-not-start.mdx","keep","синхронизация Chrome: не запускается после обновления","Браузеры","4075","528","6","3","3",""
"browsers-sinhronizaciya-chrome-settings-reset.mdx","keep","синхронизация Chrome: сбрасывает настройки после перезапуска","Браузеры","4106","527","6","3","3",""
"browsers-sinhronizaciya-chrome-slow-response.mdx","keep","синхронизация Chrome: работает заметно медленнее обычного","Браузеры","4120","531","6","3","3",""
"browsers-uvedomleniya-sayta-access-denied.mdx","keep","уведомления сайта: показывает отказ в доступе","Браузеры","4089","532","6","3","3",""
"browsers-uvedomleniya-sayta-crash-on-open.mdx","keep","уведомления сайта: падает при открытии файла или проекта","Браузеры","4085","531","6","3","3",""
"browsers-uvedomleniya-sayta-does-not-start.mdx","keep","уведомления сайта: не запускается после обновления","Браузеры","4060","528","6","3","3",""
"browsers-uvedomleniya-sayta-settings-reset.mdx","keep","уведомления сайта: сбрасывает настройки после перезапуска","Браузеры","4091","527","6","3","3",""
"browsers-uvedomleniya-sayta-slow-response.mdx","keep","уведомления сайта: работает заметно медленнее обычного","Браузеры","4105","531","6","3","3",""
"browsers-vkladki-brauzera-access-denied.mdx","keep","вкладки браузера: показывает отказ в доступе","Браузеры","4084","532","6","3","3",""
"browsers-vkladki-brauzera-crash-on-open.mdx","keep","вкладки браузера: падает при открытии файла или проекта","Браузеры","4080","531","6","3","3",""
"browsers-vkladki-brauzera-does-not-start.mdx","keep","вкладки браузера: не запускается после обновления","Браузеры","4055","528","6","3","3",""
"browsers-vkladki-brauzera-settings-reset.mdx","keep","вкладки браузера: сбрасывает настройки после перезапуска","Браузеры","4086","527","6","3","3",""
"browsers-vkladki-brauzera-slow-response.mdx","keep","вкладки браузера: работает заметно медленнее обычного","Браузеры","4100","531","6","3","3",""
"browsers-vkladki-brauzera-update-loop.mdx","keep","вкладки браузера: застревает в цикле обновления","Браузеры","4098","533","6","3","3",""
"browsers-zagruzka-faylov-access-denied.mdx","keep","загрузка файлов: показывает отказ в доступе","Браузеры","4079","532","6","3","3",""
"browsers-zagruzka-faylov-crash-on-open.mdx","keep","загрузка файлов: падает при открытии файла или проекта","Браузеры","4075","531","6","3","3",""
"browsers-zagruzka-faylov-does-not-start.mdx","keep","загрузка файлов: не запускается после обновления","Браузеры","4050","528","6","3","3",""
"browsers-zagruzka-faylov-settings-reset.mdx","keep","загрузка файлов: сбрасывает настройки после перезапуска","Браузеры","4081","527","6","3","3",""
"browsers-zagruzka-faylov-slow-response.mdx","keep","загрузка файлов: работает заметно медленнее обычного","Браузеры","4095","531","6","3","3",""
"browsers-zagruzka-faylov-update-loop.mdx","keep","загрузка файлов: застревает в цикле обновления","Браузеры","4093","533","6","3","3",""
"canon-printer-ne-pechataet.mdx","keep","Canon printer: не печатает — как исправить","Принтеры и сканеры","3960","504","6","3","2",""
"canon-printer-ne-vidit-kartridzh.mdx","keep","Canon printer: не видит картридж — как исправить","Принтеры и сканеры","3966","505","6","3","2",""
"canon-printer-zastryala-ochered.mdx","keep","Canon printer: застряла очередь — как исправить","Принтеры и сканеры","3965","504","6","3","2",""
"chrome-medlenno-zagruzhaet-stranitsy.mdx","keep","Chrome: медленно загружает страницы — как исправить","Браузеры","3900","495","6","4","3",""
"chrome-ne-otkryvaet-sayty.mdx","keep","Chrome: не открывает сайты — как исправить","Браузеры","3891","495","6","4","3",""
"chrome-ne-otkryvaet-stranitsy-oshibka.mdx","keep","Chrome не открывает страницы: как исправить ошибку подключения","Браузеры","4078","514","6","4","3",""
"chrome-ne-rabotayut-rasshireniya.mdx","keep","Chrome: не работают расширения — как исправить","Браузеры","3895","495","6","4","3",""
"chrome-oshibka-sertifikata.mdx","keep","Chrome: ошибка сертификата — как исправить","Браузеры","3891","494","6","4","3",""
"chrome-vyletayut-vkladki.mdx","keep","Chrome: вылетают вкладки — как исправить","Браузеры","3889","494","6","4","3",""
"databases-backup-bazy-dannyh-backup-failed.mdx","keep","backup базы данных: не создает резервную копию","Базы данных","4159","546","6","3","3",""
"databases-backup-bazy-dannyh-connection-refused.mdx","keep","backup базы данных: не принимает подключения","Базы данных","4148","544","6","3","3",""
"databases-backup-bazy-dannyh-deadlocks.mdx","keep","backup базы данных: ловит взаимные блокировки","Базы данных","4121","539","6","3","3",""
"databases-backup-bazy-dannyh-migration-failed.mdx","keep","backup базы данных: не применяет миграцию","Базы данных","4139","543","6","3","3",""
"databases-backup-bazy-dannyh-replication-lag.mdx","keep","backup базы данных: дает отставание репликации","Базы данных","4150","545","6","3","3",""
"databases-backup-bazy-dannyh-slow-query.mdx","keep","backup базы данных: медленно выполняет запросы","Базы данных","4155","546","6","3","3",""
"databases-indeks-sql-connection-refused.mdx","keep","индекс SQL: не принимает подключения","Базы данных","4108","539","6","3","3",""
"databases-indeks-sql-deadlocks.mdx","keep","индекс SQL: ловит взаимные блокировки","Базы данных","4081","534","6","3","3",""
"databases-indeks-sql-migration-failed.mdx","keep","индекс SQL: не применяет миграцию","Базы данных","4099","538","6","3","3",""
"databases-indeks-sql-replication-lag.mdx","keep","индекс SQL: дает отставание репликации","Базы данных","4110","540","6","3","3",""
"databases-indeks-sql-slow-query.mdx","keep","индекс SQL: медленно выполняет запросы","Базы данных","4115","541","6","3","3",""
"databases-mariadb-crashes-after-update.mdx","keep","MariaDB: вылетает после обновления","Базы данных","4002","509","6","4","4",""
"databases-mariadb-permission-denied.mdx","keep","MariaDB: отказано в доступе","Базы данных","3985","509","6","4","4",""
"databases-mariadb-wont-start.mdx","keep","MariaDB: не запускается","Базы данных","3922","504","6","4","4",""
"databases-migraciya-prisma-backup-failed.mdx","keep","миграция Prisma: не создает резервную копию","Базы данных","4144","541","6","3","3",""
"databases-migraciya-prisma-connection-refused.mdx","keep","миграция Prisma: не принимает подключения","Базы данных","4133","539","6","3","3",""
"databases-migraciya-prisma-deadlocks.mdx","keep","миграция Prisma: ловит взаимные блокировки","Базы данных","4106","534","6","3","3",""
"databases-migraciya-prisma-migration-failed.mdx","keep","миграция Prisma: не применяет миграцию","Базы данных","4124","538","6","3","3",""
"databases-migraciya-prisma-replication-lag.mdx","keep","миграция Prisma: дает отставание репликации","Базы данных","4135","540","6","3","3",""
"databases-migraciya-prisma-slow-query.mdx","keep","миграция Prisma: медленно выполняет запросы","Базы данных","4140","541","6","3","3",""
"databases-mongodb-kollekciya-backup-failed.mdx","keep","MongoDB коллекция: не создает резервную копию","Базы данных","4154","541","6","3","3",""
"databases-mongodb-kollekciya-connection-refused.mdx","keep","MongoDB коллекция: не принимает подключения","Базы данных","4143","539","6","3","3",""
"databases-mongodb-kollekciya-deadlocks.mdx","keep","MongoDB коллекция: ловит взаимные блокировки","Базы данных","4116","534","6","3","3",""
"databases-mongodb-kollekciya-migration-failed.mdx","keep","MongoDB коллекция: не применяет миграцию","Базы данных","4134","538","6","3","3",""
"databases-mongodb-kollekciya-replication-lag.mdx","keep","MongoDB коллекция: дает отставание репликации","Базы данных","4145","540","6","3","3",""
"databases-mongodb-kollekciya-slow-query.mdx","keep","MongoDB коллекция: медленно выполняет запросы","Базы данных","4150","541","6","3","3",""
"databases-mysql-baza-backup-failed.mdx","keep","MySQL база: не создает резервную копию","Базы данных","4119","541","6","3","3",""
"databases-mysql-baza-connection-refused.mdx","keep","MySQL база: не принимает подключения","Базы данных","4108","539","6","3","3",""
"databases-mysql-baza-deadlocks.mdx","keep","MySQL база: ловит взаимные блокировки","Базы данных","4081","534","6","3","3",""
"databases-mysql-baza-migration-failed.mdx","keep","MySQL база: не применяет миграцию","Базы данных","4099","538","6","3","3",""
"databases-mysql-baza-replication-lag.mdx","keep","MySQL база: дает отставание репликации","Базы данных","4110","540","6","3","3",""
"databases-mysql-baza-slow-query.mdx","keep","MySQL база: медленно выполняет запросы","Базы данных","4115","541","6","3","3",""
"databases-mysql-config-error.mdx","keep","MySQL: ошибка конфигурации","Базы данных","4005","512","6","4","4",""
"databases-mysql-crashes-after-update.mdx","keep","MySQL: вылетает после обновления","Базы данных","3988","509","6","4","4",""
"databases-mysql-high-cpu.mdx","keep","MySQL: нагружает процессор","Базы данных","4040","519","6","4","4",""
"databases-mysql-network-timeout.mdx","keep","MySQL: ошибка подключения или тайм-аут","Базы данных","3899","500","6","4","4",""
"databases-mysql-permission-denied.mdx","keep","MySQL: отказано в доступе","Базы данных","3971","509","6","4","4",""
"databases-mysql-sync-failed.mdx","keep","MySQL: не синхронизируется","Базы данных","3924","508","6","4","4",""
"databases-mysql-update-failed.mdx","keep","MySQL: ошибка обновления","Базы данных","3953","506","6","4","4",""
"databases-mysql-wont-start.mdx","keep","MySQL: не запускается","Базы данных","3908","504","6","4","4",""
"databases-postgresql-config-error.mdx","keep","PostgreSQL: ошибка конфигурации","Базы данных","4040","512","6","4","4",""
"databases-postgresql-crashes-after-update.mdx","keep","PostgreSQL: вылетает после обновления","Базы данных","4023","509","6","4","4",""
"databases-postgresql-high-cpu.mdx","keep","PostgreSQL: нагружает процессор","Базы данных","4075","519","6","4","4",""
"databases-postgresql-network-timeout.mdx","keep","PostgreSQL: ошибка подключения или тайм-аут","Базы данных","3934","500","6","4","4",""
"databases-postgresql-permission-denied.mdx","keep","PostgreSQL: отказано в доступе","Базы данных","4006","509","6","4","4",""
"databases-postgresql-sync-failed.mdx","keep","PostgreSQL: не синхронизируется","Базы данных","3959","508","6","4","4",""
"databases-postgresql-tablica-backup-failed.mdx","keep","PostgreSQL таблица: не создает резервную копию","Базы данных","4159","541","6","3","3",""
"databases-postgresql-tablica-connection-refused.mdx","keep","PostgreSQL таблица: не принимает подключения","Базы данных","4148","539","6","3","3",""
"databases-postgresql-tablica-deadlocks.mdx","keep","PostgreSQL таблица: ловит взаимные блокировки","Базы данных","4121","534","6","3","3",""
"databases-postgresql-tablica-migration-failed.mdx","keep","PostgreSQL таблица: не применяет миграцию","Базы данных","4139","538","6","3","3",""
"databases-postgresql-tablica-replication-lag.mdx","keep","PostgreSQL таблица: дает отставание репликации","Базы данных","4150","540","6","3","3",""
"databases-postgresql-tablica-slow-query.mdx","keep","PostgreSQL таблица: медленно выполняет запросы","Базы данных","4155","541","6","3","3",""
"databases-postgresql-update-failed.mdx","keep","PostgreSQL: ошибка обновления","Базы данных","3988","506","6","4","4",""
"databases-postgresql-wont-start.mdx","keep","PostgreSQL: не запускается","Базы данных","3943","504","6","4","4",""
"databases-pul-podklyucheniy-backup-failed.mdx","keep","пул подключений: не создает резервную копию","Базы данных","4144","541","6","3","3",""
"databases-pul-podklyucheniy-connection-refused.mdx","keep","пул подключений: не принимает подключения","Базы данных","4133","539","6","3","3",""
"databases-pul-podklyucheniy-deadlocks.mdx","keep","пул подключений: ловит взаимные блокировки","Базы данных","4106","534","6","3","3",""
"databases-pul-podklyucheniy-migration-failed.mdx","keep","пул подключений: не применяет миграцию","Базы данных","4124","538","6","3","3",""
"databases-pul-podklyucheniy-replication-lag.mdx","keep","пул подключений: дает отставание репликации","Базы данных","4135","540","6","3","3",""
"databases-pul-podklyucheniy-slow-query.mdx","keep","пул подключений: медленно выполняет запросы","Базы данных","4140","541","6","3","3",""
"databases-redis-kesh-backup-failed.mdx","keep","Redis кеш: не создает резервную копию","Базы данных","4114","541","6","3","3",""
"databases-redis-kesh-connection-refused.mdx","keep","Redis кеш: не принимает подключения","Базы данных","4103","539","6","3","3",""
"databases-redis-kesh-deadlocks.mdx","keep","Redis кеш: ловит взаимные блокировки","Базы данных","4076","534","6","3","3",""
"databases-redis-kesh-migration-failed.mdx","keep","Redis кеш: не применяет миграцию","Базы данных","4094","538","6","3","3",""
"databases-redis-kesh-replication-lag.mdx","keep","Redis кеш: дает отставание репликации","Базы данных","4105","540","6","3","3",""
"databases-redis-kesh-slow-query.mdx","keep","Redis кеш: медленно выполняет запросы","Базы данных","4110","541","6","3","3",""
"databases-replika-postgresql-connection-refused.mdx","keep","реплика PostgreSQL: не принимает подключения","Базы данных","4148","539","6","3","3",""
"databases-replika-postgresql-deadlocks.mdx","keep","реплика PostgreSQL: ловит взаимные блокировки","Базы данных","4121","534","6","3","3",""
"databases-replika-postgresql-migration-failed.mdx","keep","реплика PostgreSQL: не применяет миграцию","Базы данных","4139","538","6","3","3",""
"databases-replika-postgresql-replication-lag.mdx","keep","реплика PostgreSQL: дает отставание репликации","Базы данных","4150","540","6","3","3",""
"databases-replika-postgresql-slow-query.mdx","keep","реплика PostgreSQL: медленно выполняет запросы","Базы данных","4155","541","6","3","3",""
"databases-sql-server-baza-backup-failed.mdx","keep","SQL Server база: не создает резервную копию","Базы данных","4144","546","6","3","3",""
"databases-sql-server-baza-connection-refused.mdx","keep","SQL Server база: не принимает подключения","Базы данных","4133","544","6","3","3",""
"databases-sql-server-baza-deadlocks.mdx","keep","SQL Server база: ловит взаимные блокировки","Базы данных","4106","539","6","3","3",""
"databases-sql-server-baza-migration-failed.mdx","keep","SQL Server база: не применяет миграцию","Базы данных","4124","543","6","3","3",""
"databases-sql-server-baza-replication-lag.mdx","keep","SQL Server база: дает отставание репликации","Базы данных","4135","545","6","3","3",""
"databases-sql-server-baza-slow-query.mdx","keep","SQL Server база: медленно выполняет запросы","Базы данных","4140","546","6","3","3",""
"databases-sqlite-fayl-backup-failed.mdx","keep","SQLite файл: не создает резервную копию","Базы данных","4124","541","6","3","3",""
"databases-sqlite-fayl-connection-refused.mdx","keep","SQLite файл: не принимает подключения","Базы данных","4113","539","6","3","3",""
"databases-sqlite-fayl-deadlocks.mdx","keep","SQLite файл: ловит взаимные блокировки","Базы данных","4086","534","6","3","3",""
"databases-sqlite-fayl-migration-failed.mdx","keep","SQLite файл: не применяет миграцию","Базы данных","4104","538","6","3","3",""
"databases-sqlite-fayl-replication-lag.mdx","keep","SQLite файл: дает отставание репликации","Базы данных","4115","540","6","3","3",""
"databases-sqlite-fayl-slow-query.mdx","keep","SQLite файл: медленно выполняет запросы","Базы данных","4120","541","6","3","3",""
"databases-tranzakciya-bazy-connection-refused.mdx","keep","транзакция базы: не принимает подключения","Базы данных","4133","539","6","3","3",""
"databases-tranzakciya-bazy-deadlocks.mdx","keep","транзакция базы: ловит взаимные блокировки","Базы данных","4106","534","6","3","3",""
"databases-tranzakciya-bazy-migration-failed.mdx","keep","транзакция базы: не применяет миграцию","Базы данных","4124","538","6","3","3",""
"databases-tranzakciya-bazy-replication-lag.mdx","keep","транзакция базы: дает отставание репликации","Базы данных","4135","540","6","3","3",""
"databases-tranzakciya-bazy-slow-query.mdx","keep","транзакция базы: медленно выполняет запросы","Базы данных","4140","541","6","3","3",""
"design-3d-render-access-denied.mdx","keep","3D рендер: показывает отказ в доступе","Дизайн и графика","4071","539","6","3","3",""
"design-3d-render-crash-on-open.mdx","keep","3D рендер: падает при открытии файла или проекта","Дизайн и графика","4067","538","6","3","3",""
"design-3d-render-does-not-start.mdx","keep","3D рендер: не запускается после обновления","Дизайн и графика","4042","535","6","3","3",""
"design-3d-render-settings-reset.mdx","keep","3D рендер: сбрасывает настройки после перезапуска","Дизайн и графика","4073","534","6","3","3",""
"design-3d-render-slow-response.mdx","keep","3D рендер: работает заметно медленнее обычного","Дизайн и графика","4087","538","6","3","3",""
"design-adobe-illustrator-config-error.mdx","keep","Adobe Illustrator: ошибка конфигурации","Дизайн и графика","4139","527","6","4","3",""
"design-adobe-illustrator-crashes-after-update.mdx","keep","Adobe Illustrator: вылетает после обновления","Дизайн и графика","4122","524","6","4","3",""
"design-adobe-illustrator-high-cpu.mdx","keep","Adobe Illustrator: нагружает процессор","Дизайн и графика","4174","534","6","4","3",""
"design-adobe-illustrator-network-timeout.mdx","keep","Adobe Illustrator: ошибка подключения или тайм-аут","Дизайн и графика","4033","515","6","4","3",""
"design-adobe-illustrator-permission-denied.mdx","keep","Adobe Illustrator: отказано в доступе","Дизайн и графика","4105","524","6","4","3",""
"design-adobe-illustrator-sync-failed.mdx","keep","Adobe Illustrator: не синхронизируется","Дизайн и графика","4058","523","6","4","3",""
"design-adobe-illustrator-update-failed.mdx","keep","Adobe Illustrator: ошибка обновления","Дизайн и графика","4087","521","6","4","3",""
"design-adobe-illustrator-wont-start.mdx","keep","Adobe Illustrator: не запускается","Дизайн и графика","4042","519","6","4","3",""
"design-adobe-photoshop-config-error.mdx","keep","Adobe Photoshop: ошибка конфигурации","Дизайн и графика","4125","527","6","4","3",""
"design-adobe-photoshop-crashes-after-update.mdx","keep","Adobe Photoshop: вылетает после обновления","Дизайн и графика","4108","524","6","4","3",""
"design-adobe-photoshop-high-cpu.mdx","keep","Adobe Photoshop: нагружает процессор","Дизайн и графика","4160","534","6","4","3",""
"design-adobe-photoshop-network-timeout.mdx","keep","Adobe Photoshop: ошибка подключения или тайм-аут","Дизайн и графика","4019","515","6","4","3",""
"design-adobe-photoshop-permission-denied.mdx","keep","Adobe Photoshop: отказано в доступе","Дизайн и графика","4091","524","6","4","3",""
"design-adobe-photoshop-proekt-access-denied.mdx","keep","Adobe Photoshop проект: показывает отказ в доступе","Дизайн и графика","4136","544","6","3","3",""
"design-adobe-photoshop-proekt-crash-on-open.mdx","keep","Adobe Photoshop проект: падает при открытии файла или проекта","Дизайн и графика","4132","543","6","3","3",""
"design-adobe-photoshop-proekt-does-not-start.mdx","keep","Adobe Photoshop проект: не запускается после обновления","Дизайн и графика","4107","540","6","3","3",""
"design-adobe-photoshop-proekt-settings-reset.mdx","keep","Adobe Photoshop проект: сбрасывает настройки после перезапуска","Дизайн и графика","4138","539","6","3","3",""
"design-adobe-photoshop-proekt-slow-response.mdx","keep","Adobe Photoshop проект: работает заметно медленнее обычного","Дизайн и графика","4152","543","6","3","3",""
"design-adobe-photoshop-proekt-update-loop.mdx","keep","Adobe Photoshop проект: застревает в цикле обновления","Дизайн и графика","4150","545","6","3","3",""
"design-adobe-photoshop-sync-failed.mdx","keep","Adobe Photoshop: не синхронизируется","Дизайн и графика","4044","523","6","4","3",""
"design-adobe-photoshop-update-failed.mdx","keep","Adobe Photoshop: ошибка обновления","Дизайн и графика","4073","521","6","4","3",""
"design-adobe-photoshop-wont-start.mdx","keep","Adobe Photoshop: не запускается","Дизайн и графика","4028","519","6","4","3",""
"design-blender-scena-access-denied.mdx","keep","Blender сцена: показывает отказ в доступе","Дизайн и графика","4091","539","6","3","3",""
"design-blender-scena-crash-on-open.mdx","keep","Blender сцена: падает при открытии файла или проекта","Дизайн и графика","4087","538","6","3","3",""
"design-blender-scena-does-not-start.mdx","keep","Blender сцена: не запускается после обновления","Дизайн и графика","4062","535","6","3","3",""
"design-blender-scena-settings-reset.mdx","keep","Blender сцена: сбрасывает настройки после перезапуска","Дизайн и графика","4093","534","6","3","3",""
"design-blender-scena-slow-response.mdx","keep","Blender сцена: работает заметно медленнее обычного","Дизайн и графика","4107","538","6","3","3",""
"design-blender-scena-update-loop.mdx","keep","Blender сцена: застревает в цикле обновления","Дизайн и графика","4105","540","6","3","3",""
"design-cvetovoy-profil-access-denied.mdx","keep","цветовой профиль: показывает отказ в доступе","Дизайн и графика","4106","539","6","3","3",""
"design-cvetovoy-profil-crash-on-open.mdx","keep","цветовой профиль: падает при открытии файла или проекта","Дизайн и графика","4102","538","6","3","3",""
"design-cvetovoy-profil-does-not-start.mdx","keep","цветовой профиль: не запускается после обновления","Дизайн и графика","4077","535","6","3","3",""
"design-cvetovoy-profil-settings-reset.mdx","keep","цветовой профиль: сбрасывает настройки после перезапуска","Дизайн и графика","4108","534","6","3","3",""
"design-cvetovoy-profil-slow-response.mdx","keep","цветовой профиль: работает заметно медленнее обычного","Дизайн и графика","4122","538","6","3","3",""
"design-cvetovoy-profil-update-loop.mdx","keep","цветовой профиль: застревает в цикле обновления","Дизайн и графика","4120","540","6","3","3",""
"design-eksport-png-access-denied.mdx","keep","экспорт PNG: показывает отказ в доступе","Дизайн и графика","4081","539","6","3","3",""
"design-eksport-png-crash-on-open.mdx","keep","экспорт PNG: падает при открытии файла или проекта","Дизайн и графика","4077","538","6","3","3",""
"design-eksport-png-does-not-start.mdx","keep","экспорт PNG: не запускается после обновления","Дизайн и графика","4052","535","6","3","3",""
"design-eksport-png-settings-reset.mdx","keep","экспорт PNG: сбрасывает настройки после перезапуска","Дизайн и графика","4083","534","6","3","3",""
"design-eksport-png-slow-response.mdx","keep","экспорт PNG: работает заметно медленнее обычного","Дизайн и графика","4097","538","6","3","3",""
"design-eksport-png-update-loop.mdx","keep","экспорт PNG: застревает в цикле обновления","Дизайн и графика","4095","540","6","3","3",""
"design-eksport-svg-access-denied.mdx","keep","экспорт SVG: показывает отказ в доступе","Дизайн и графика","4081","539","6","3","3",""
"design-eksport-svg-crash-on-open.mdx","keep","экспорт SVG: падает при открытии файла или проекта","Дизайн и графика","4077","538","6","3","3",""
"design-eksport-svg-does-not-start.mdx","keep","экспорт SVG: не запускается после обновления","Дизайн и графика","4052","535","6","3","3",""
"design-eksport-svg-settings-reset.mdx","keep","экспорт SVG: сбрасывает настройки после перезапуска","Дизайн и графика","4083","534","6","3","3",""
"design-eksport-svg-slow-response.mdx","keep","экспорт SVG: работает заметно медленнее обычного","Дизайн и графика","4097","538","6","3","3",""
"design-eksport-svg-update-loop.mdx","keep","экспорт SVG: застревает в цикле обновления","Дизайн и графика","4095","540","6","3","3",""
"design-figma-fayl-access-denied.mdx","keep","Figma файл: показывает отказ в доступе","Дизайн и графика","4076","539","6","3","3",""
"design-figma-fayl-crash-on-open.mdx","keep","Figma файл: падает при открытии файла или проекта","Дизайн и графика","4072","538","6","3","3",""
"design-figma-fayl-does-not-start.mdx","keep","Figma файл: не запускается после обновления","Дизайн и графика","4047","535","6","3","3",""
"design-figma-fayl-settings-reset.mdx","keep","Figma файл: сбрасывает настройки после перезапуска","Дизайн и графика","4078","534","6","3","3",""
"design-figma-fayl-slow-response.mdx","keep","Figma файл: работает заметно медленнее обычного","Дизайн и графика","4092","538","6","3","3",""
"design-figma-fayl-update-loop.mdx","keep","Figma файл: застревает в цикле обновления","Дизайн и графика","4090","540","6","3","3",""
"design-illustrator-dokument-access-denied.mdx","keep","Illustrator документ: показывает отказ в доступе","Дизайн и графика","4126","539","6","3","3",""
"design-illustrator-dokument-crash-on-open.mdx","keep","Illustrator документ: падает при открытии файла или проекта","Дизайн и графика","4122","538","6","3","3",""
"design-illustrator-dokument-does-not-start.mdx","keep","Illustrator документ: не запускается после обновления","Дизайн и графика","4097","535","6","3","3",""
"design-illustrator-dokument-settings-reset.mdx","keep","Illustrator документ: сбрасывает настройки после перезапуска","Дизайн и графика","4128","534","6","3","3",""
"design-illustrator-dokument-slow-response.mdx","keep","Illustrator документ: работает заметно медленнее обычного","Дизайн и графика","4142","538","6","3","3",""
"design-illustrator-dokument-update-loop.mdx","keep","Illustrator документ: застревает в цикле обновления","Дизайн и графика","4140","540","6","3","3",""
"design-illustrator-gpu-116.mdx","keep","Illustrator: ошибка GPU — как исправить","Дизайн и графика","4276","544","7","4","2",""
"design-photoshop-gpu-110.mdx","keep","Photoshop: ошибка GPU — как исправить","Дизайн и графика","4266","544","7","4","2",""
"design-plagin-dizayna-access-denied.mdx","keep","плагин дизайна: показывает отказ в доступе","Дизайн и графика","4096","539","6","3","3",""
"design-plagin-dizayna-crash-on-open.mdx","keep","плагин дизайна: падает при открытии файла или проекта","Дизайн и графика","4092","538","6","3","3",""
"design-plagin-dizayna-does-not-start.mdx","keep","плагин дизайна: не запускается после обновления","Дизайн и графика","4067","535","6","3","3",""
"design-plagin-dizayna-settings-reset.mdx","keep","плагин дизайна: сбрасывает настройки после перезапуска","Дизайн и графика","4098","534","6","3","3",""
"design-plagin-dizayna-slow-response.mdx","keep","плагин дизайна: работает заметно медленнее обычного","Дизайн и графика","4112","538","6","3","3",""
"design-prototip-figma-access-denied.mdx","keep","прототип Figma: показывает отказ в доступе","Дизайн и графика","4096","539","6","3","3",""
"design-prototip-figma-crash-on-open.mdx","keep","прототип Figma: падает при открытии файла или проекта","Дизайн и графика","4092","538","6","3","3",""
"design-prototip-figma-does-not-start.mdx","keep","прототип Figma: не запускается после обновления","Дизайн и графика","4067","535","6","3","3",""
"design-prototip-figma-settings-reset.mdx","keep","прототип Figma: сбрасывает настройки после перезапуска","Дизайн и графика","4098","534","6","3","3",""
"design-prototip-figma-slow-response.mdx","keep","прототип Figma: работает заметно медленнее обычного","Дизайн и графика","4112","538","6","3","3",""
"design-shrifty-v-makete-access-denied.mdx","keep","шрифты в макете: показывает отказ в доступе","Дизайн и графика","4101","544","6","3","3",""
"design-shrifty-v-makete-crash-on-open.mdx","keep","шрифты в макете: падает при открытии файла или проекта","Дизайн и графика","4097","543","6","3","3",""
"design-shrifty-v-makete-does-not-start.mdx","keep","шрифты в макете: не запускается после обновления","Дизайн и графика","4072","540","6","3","3",""
"design-shrifty-v-makete-settings-reset.mdx","keep","шрифты в макете: сбрасывает настройки после перезапуска","Дизайн и графика","4103","539","6","3","3",""
"design-shrifty-v-makete-slow-response.mdx","keep","шрифты в макете: работает заметно медленнее обычного","Дизайн и графика","4117","543","6","3","3",""
"design-shrifty-v-makete-update-loop.mdx","keep","шрифты в макете: застревает в цикле обновления","Дизайн и графика","4115","545","6","3","3",""
"design-sloi-dizayna-access-denied.mdx","keep","слои дизайна: показывает отказ в доступе","Дизайн и графика","4086","539","6","3","3",""
"design-sloi-dizayna-crash-on-open.mdx","keep","слои дизайна: падает при открытии файла или проекта","Дизайн и графика","4082","538","6","3","3",""
"design-sloi-dizayna-does-not-start.mdx","keep","слои дизайна: не запускается после обновления","Дизайн и графика","4057","535","6","3","3",""
"design-sloi-dizayna-settings-reset.mdx","keep","слои дизайна: сбрасывает настройки после перезапуска","Дизайн и графика","4088","534","6","3","3",""
"design-sloi-dizayna-slow-response.mdx","keep","слои дизайна: работает заметно медленнее обычного","Дизайн и графика","4102","538","6","3","3",""
"design-sloi-dizayna-update-loop.mdx","keep","слои дизайна: застревает в цикле обновления","Дизайн и графика","4100","540","6","3","3",""
"devops-blue-green-deploy-access-denied.mdx","keep","blue-green deploy: показывает отказ в доступе","DevOps и облака","4143","541","6","3","3",""
"devops-blue-green-deploy-crash-on-open.mdx","keep","blue-green deploy: падает при открытии файла или проекта","DevOps и облака","4139","540","6","3","3",""
"devops-blue-green-deploy-does-not-start.mdx","keep","blue-green deploy: не запускается после обновления","DevOps и облака","4114","537","6","3","3",""
"devops-blue-green-deploy-settings-reset.mdx","keep","blue-green deploy: сбрасывает настройки после перезапуска","DevOps и облака","4145","536","6","3","3",""
"devops-blue-green-deploy-slow-response.mdx","keep","blue-green deploy: работает заметно медленнее обычного","DevOps и облака","4159","540","6","3","3",""
"devops-cron-job-access-denied.mdx","keep","cron job: показывает отказ в доступе","DevOps и облака","4098","541","6","3","3",""
"devops-cron-job-crash-on-open.mdx","keep","cron job: падает при открытии файла или проекта","DevOps и облака","4094","540","6","3","3",""
"devops-cron-job-does-not-start.mdx","keep","cron job: не запускается после обновления","DevOps и облака","4069","537","6","3","3",""
"devops-cron-job-settings-reset.mdx","keep","cron job: сбрасывает настройки после перезапуска","DevOps и облака","4100","536","6","3","3",""
"devops-cron-job-slow-response.mdx","keep","cron job: работает заметно медленнее обычного","DevOps и облака","4114","540","6","3","3",""
"devops-cron-job-update-loop.mdx","keep","cron job: застревает в цикле обновления","DevOps и облака","4112","542","6","3","3",""
"devops-docker-registry-access-denied.mdx","keep","Docker registry: показывает отказ в доступе","DevOps и облака","4133","541","6","3","3",""
"devops-docker-registry-crash-on-open.mdx","keep","Docker registry: падает при открытии файла или проекта","DevOps и облака","4129","540","6","3","3",""
"devops-docker-registry-does-not-start.mdx","keep","Docker registry: не запускается после обновления","DevOps и облака","4104","537","6","3","3",""
"devops-docker-registry-settings-reset.mdx","keep","Docker registry: сбрасывает настройки после перезапуска","DevOps и облака","4135","536","6","3","3",""
"devops-docker-registry-slow-response.mdx","keep","Docker registry: работает заметно медленнее обычного","DevOps и облака","4149","540","6","3","3",""
"devops-github-actions-config-error.mdx","keep","GitHub Actions: ошибка конфигурации","DevOps и облака","4013","515","6","4","4",""
"devops-github-actions-crashes-after-update.mdx","keep","GitHub Actions: вылетает после обновления","DevOps и облака","3996","512","6","4","4",""
"devops-github-actions-deployment-257.mdx","keep","GitHub Actions: ошибка deployment — как исправить","DevOps и облака","4248","548","7","4","3",""
"devops-github-actions-high-cpu.mdx","keep","GitHub Actions: нагружает процессор","DevOps и облака","4048","522","6","4","4",""
"devops-github-actions-network-timeout.mdx","keep","GitHub Actions: ошибка подключения или тайм-аут","DevOps и облака","3907","503","6","4","4",""
"devops-github-actions-permission-denied.mdx","keep","GitHub Actions: отказано в доступе","DevOps и облака","3979","512","6","4","4",""
"devops-github-actions-pipeline-access-denied.mdx","keep","GitHub Actions pipeline: показывает отказ в доступе","DevOps и облака","4173","546","6","3","3",""
"devops-github-actions-pipeline-crash-on-open.mdx","keep","GitHub Actions pipeline: падает при открытии файла или проекта","DevOps и облака","4169","545","6","3","3",""
"devops-github-actions-pipeline-does-not-start.mdx","keep","GitHub Actions pipeline: не запускается после обновления","DevOps и облака","4144","542","6","3","3",""
"devops-github-actions-pipeline-failed-256.mdx","keep","GitHub Actions: pipeline failed — как исправить","DevOps и облака","4246","548","7","4","3",""
"devops-github-actions-pipeline-settings-reset.mdx","keep","GitHub Actions pipeline: сбрасывает настройки после перезапуска","DevOps и облака","4175","541","6","3","3",""
"devops-github-actions-pipeline-slow-response.mdx","keep","GitHub Actions pipeline: работает заметно медленнее обычного","DevOps и облака","4189","545","6","3","3",""
"devops-github-actions-pipeline-update-loop.mdx","keep","GitHub Actions pipeline: застревает в цикле обновления","DevOps и облака","4187","547","6","3","3",""
"devops-github-actions-sync-failed.mdx","keep","GitHub Actions: не синхронизируется","DevOps и облака","3932","511","6","4","4",""
"devops-github-actions-timeout-259.mdx","keep","GitHub Actions: timeout задачи — как исправить","DevOps и облака","4245","548","7","4","3",""
"devops-github-actions-update-failed.mdx","keep","GitHub Actions: ошибка обновления","DevOps и облака","3961","509","6","4","4",""
"devops-github-actions-wont-start.mdx","keep","GitHub Actions: не запускается","DevOps и облака","3916","507","6","4","4",""
"devops-gitlab-ci-config-error.mdx","keep","GitLab CI: ошибка конфигурации","DevOps и облака","3971","509","6","4","4",""
"devops-gitlab-ci-crashes-after-update.mdx","keep","GitLab CI: вылетает после обновления","DevOps и облака","3954","506","6","4","4",""
"devops-gitlab-ci-deployment-262.mdx","keep","GitLab CI: ошибка deployment — как исправить","DevOps и облака","4216","542","7","4","3",""
"devops-gitlab-ci-high-cpu.mdx","keep","GitLab CI: нагружает процессор","DevOps и облака","4006","516","6","4","4",""
"devops-gitlab-ci-network-timeout.mdx","keep","GitLab CI: ошибка подключения или тайм-аут","DevOps и облака","3865","497","6","4","4",""
"devops-gitlab-ci-permission-denied.mdx","keep","GitLab CI: отказано в доступе","DevOps и облака","3937","506","6","4","4",""
"devops-gitlab-ci-pipeline-failed-261.mdx","keep","GitLab CI: pipeline failed — как исправить","DevOps и облака","4214","542","7","4","3",""
"devops-gitlab-ci-sync-failed.mdx","keep","GitLab CI: не синхронизируется","DevOps и облака","3890","505","6","4","4",""
"devops-gitlab-ci-timeout-264.mdx","keep","GitLab CI: timeout задачи — как исправить","DevOps и облака","4213","542","7","4","3",""
"devops-gitlab-ci-update-failed.mdx","keep","GitLab CI: ошибка обновления","DevOps и облака","3919","503","6","4","4",""
"devops-gitlab-ci-wont-start.mdx","keep","GitLab CI: не запускается","DevOps и облака","3874","501","6","4","4",""
"devops-kubernetes-crashes-after-update.mdx","keep","Kubernetes: вылетает после обновления","DevOps и облака","3981","505","6","4","4",""
"devops-kubernetes-deployment-access-denied.mdx","keep","Kubernetes deployment: показывает отказ в доступе","DevOps и облака","4163","541","6","3","3",""
"devops-kubernetes-deployment-crash-on-open.mdx","keep","Kubernetes deployment: падает при открытии файла или проекта","DevOps и облака","4159","540","6","3","3",""
"devops-kubernetes-deployment-does-not-start.mdx","keep","Kubernetes deployment: не запускается после обновления","DevOps и облака","4134","537","6","3","3",""
"devops-kubernetes-deployment-settings-reset.mdx","keep","Kubernetes deployment: сбрасывает настройки после перезапуска","DevOps и облака","4165","536","6","3","3",""
"devops-kubernetes-deployment-slow-response.mdx","keep","Kubernetes deployment: работает заметно медленнее обычного","DevOps и облака","4179","540","6","3","3",""
"devops-kubernetes-deployment-update-loop.mdx","keep","Kubernetes deployment: застревает в цикле обновления","DevOps и облака","4177","542","6","3","3",""
"devops-kubernetes-wont-start.mdx","keep","Kubernetes: не запускается","DevOps и облака","3901","500","6","4","4",""
"devops-linux-service-healthcheck-access-denied.mdx","keep","Linux service healthcheck: показывает отказ в доступе","DevOps и облака","4183","546","6","3","3",""
"devops-linux-service-healthcheck-crash-on-open.mdx","keep","Linux service healthcheck: падает при открытии файла или проекта","DevOps и облака","4179","545","6","3","3",""
"devops-linux-service-healthcheck-does-not-start.mdx","keep","Linux service healthcheck: не запускается после обновления","DevOps и облака","4154","542","6","3","3",""
"devops-linux-service-healthcheck-settings-reset.mdx","keep","Linux service healthcheck: сбрасывает настройки после перезапуска","DevOps и облака","4185","541","6","3","3",""
"devops-linux-service-healthcheck-slow-response.mdx","keep","Linux service healthcheck: работает заметно медленнее обычного","DevOps и облака","4199","545","6","3","3",""
"devops-load-balancer-access-denied.mdx","keep","load balancer: показывает отказ в доступе","DevOps и облака","4123","541","6","3","3",""
"devops-load-balancer-crash-on-open.mdx","keep","load balancer: падает при открытии файла или проекта","DevOps и облака","4119","540","6","3","3",""
"devops-load-balancer-does-not-start.mdx","keep","load balancer: не запускается после обновления","DevOps и облака","4094","537","6","3","3",""
"devops-load-balancer-settings-reset.mdx","keep","load balancer: сбрасывает настройки после перезапуска","DevOps и облака","4125","536","6","3","3",""
"devops-load-balancer-slow-response.mdx","keep","load balancer: работает заметно медленнее обычного","DevOps и облака","4139","540","6","3","3",""
"devops-load-balancer-update-loop.mdx","keep","load balancer: застревает в цикле обновления","DevOps и облака","4137","542","6","3","3",""
"devops-nginx-reverse-proxy-access-denied.mdx","keep","NGINX reverse proxy: показывает отказ в доступе","DevOps и облака","4153","546","6","3","3",""
"devops-nginx-reverse-proxy-crash-on-open.mdx","keep","NGINX reverse proxy: падает при открытии файла или проекта","DevOps и облака","4149","545","6","3","3",""
"devops-nginx-reverse-proxy-does-not-start.mdx","keep","NGINX reverse proxy: не запускается после обновления","DevOps и облака","4124","542","6","3","3",""
"devops-nginx-reverse-proxy-settings-reset.mdx","keep","NGINX reverse proxy: сбрасывает настройки после перезапуска","DevOps и облака","4155","541","6","3","3",""
"devops-nginx-reverse-proxy-slow-response.mdx","keep","NGINX reverse proxy: работает заметно медленнее обычного","DevOps и облака","4169","545","6","3","3",""
"devops-nginx-reverse-proxy-update-loop.mdx","keep","NGINX reverse proxy: застревает в цикле обновления","DevOps и облака","4167","547","6","3","3",""
"devops-prometheus-alert-access-denied.mdx","keep","Prometheus alert: показывает отказ в доступе","DevOps и облака","4138","541","6","3","3",""
"devops-prometheus-alert-crash-on-open.mdx","keep","Prometheus alert: падает при открытии файла или проекта","DevOps и облака","4134","540","6","3","3",""
"devops-prometheus-alert-does-not-start.mdx","keep","Prometheus alert: не запускается после обновления","DevOps и облака","4109","537","6","3","3",""
"devops-prometheus-alert-settings-reset.mdx","keep","Prometheus alert: сбрасывает настройки после перезапуска","DevOps и облака","4140","536","6","3","3",""
"devops-prometheus-alert-slow-response.mdx","keep","Prometheus alert: работает заметно медленнее обычного","DevOps и облака","4154","540","6","3","3",""
"devops-prometheus-alert-update-loop.mdx","keep","Prometheus alert: застревает в цикле обновления","DevOps и облака","4152","542","6","3","3",""
"devops-ssh-deploy-access-denied.mdx","keep","SSH deploy: показывает отказ в доступе","DevOps и облака","4108","541","6","3","3",""
"devops-ssh-deploy-crash-on-open.mdx","keep","SSH deploy: падает при открытии файла или проекта","DevOps и облака","4104","540","6","3","3",""
"devops-ssh-deploy-does-not-start.mdx","keep","SSH deploy: не запускается после обновления","DevOps и облака","4079","537","6","3","3",""
"devops-ssh-deploy-settings-reset.mdx","keep","SSH deploy: сбрасывает настройки после перезапуска","DevOps и облака","4110","536","6","3","3",""
"devops-ssh-deploy-slow-response.mdx","keep","SSH deploy: работает заметно медленнее обычного","DevOps и облака","4124","540","6","3","3",""
"devops-ssh-deploy-update-loop.mdx","keep","SSH deploy: застревает в цикле обновления","DevOps и облака","4122","542","6","3","3",""
"devops-systemd-servis-access-denied.mdx","keep","systemd сервис: показывает отказ в доступе","DevOps и облака","4128","541","6","3","3",""
"devops-systemd-servis-crash-on-open.mdx","keep","systemd сервис: падает при открытии файла или проекта","DevOps и облака","4124","540","6","3","3",""
"devops-systemd-servis-does-not-start.mdx","keep","systemd сервис: не запускается после обновления","DevOps и облака","4099","537","6","3","3",""
"devops-systemd-servis-settings-reset.mdx","keep","systemd сервис: сбрасывает настройки после перезапуска","DevOps и облака","4130","536","6","3","3",""
"devops-systemd-servis-slow-response.mdx","keep","systemd сервис: работает заметно медленнее обычного","DevOps и облака","4144","540","6","3","3",""
"devops-systemd-servis-update-loop.mdx","keep","systemd сервис: застревает в цикле обновления","DevOps и облака","4142","542","6","3","3",""
"devops-tls-sertifikat-servera-access-denied.mdx","keep","TLS сертификат сервера: показывает отказ в доступе","DevOps и облака","4168","546","6","3","3",""
"devops-tls-sertifikat-servera-crash-on-open.mdx","keep","TLS сертификат сервера: падает при открытии файла или проекта","DevOps и облака","4164","545","6","3","3",""
"devops-tls-sertifikat-servera-does-not-start.mdx","keep","TLS сертификат сервера: не запускается после обновления","DevOps и облака","4139","542","6","3","3",""
"devops-tls-sertifikat-servera-settings-reset.mdx","keep","TLS сертификат сервера: сбрасывает настройки после перезапуска","DevOps и облака","4170","541","6","3","3",""
"devops-tls-sertifikat-servera-slow-response.mdx","keep","TLS сертификат сервера: работает заметно медленнее обычного","DevOps и облака","4184","545","6","3","3",""
"devops-tls-sertifikat-servera-update-loop.mdx","keep","TLS сертификат сервера: застревает в цикле обновления","DevOps и облака","4182","547","6","3","3",""
"dewalt-grinder-iskrit-dvigatel.mdx","keep","DeWalt grinder: искрит двигатель — как исправить","Электроинструмент","3518","446","6","4","4",""
"dewalt-grinder-ne-vklyuchaetsya.mdx","keep","DeWalt grinder: не включается — как исправить","Электроинструмент","3517","444","6","4","4",""
"dewalt-grinder-ne-zaryazhaetsya-akkumulyator.mdx","keep","DeWalt grinder: не заряжается аккумулятор — как исправить","Электроинструмент","3527","447","6","4","4",""
"dhcp-ne-otkryvayutsya-sayty.mdx","keep","DHCP: не открываются сайты — как исправить","Сеть","3841","496","6","4","4",""
"dhcp-ne-rezolvit-domeny.mdx","keep","DHCP: не резолвит домены — как исправить","Сеть","3839","496","6","4","4",""
"dhcp-obryvaet-podklyuchenie.mdx","keep","DHCP: обрывает подключение — как исправить","Сеть","3841","495","6","4","4",""
"dishwashers-bosch-dishwasher-bad-smell.mdx","keep","Bosch dishwasher: появился запах или гарь","Посудомоечные машины","3500","445","6","4","3",""
"dishwashers-bosch-dishwasher-does-not-drain.mdx","keep","Bosch dishwasher: не сливает воду","Посудомоечные машины","3484","448","6","4","3",""
"dishwashers-bosch-dishwasher-does-not-heat.mdx","keep","Bosch dishwasher: не греет","Посудомоечные машины","3466","444","6","4","3",""
"dishwashers-bosch-dishwasher-error-code.mdx","keep","Bosch dishwasher: показывает код ошибки","Посудомоечные машины","3511","448","6","4","3",""
"dishwashers-bosch-dishwasher-leaks-water.mdx","keep","Bosch dishwasher: протекает","Посудомоечные машины","3481","439","6","4","3",""
"dishwashers-bosch-dishwasher-makes-noise.mdx","keep","Bosch dishwasher: шумит или вибрирует","Посудомоечные машины","3465","441","6","4","3",""
"dishwashers-bosch-dishwasher-stops-mid-cycle.mdx","keep","Bosch dishwasher: останавливается во время работы","Посудомоечные машины","3551","451","6","4","3",""
"dishwashers-bosch-dishwasher-wont-turn-on.mdx","keep","Bosch dishwasher: не включается","Посудомоечные машины","3508","448","6","4","3",""
"dishwashers-bosch-posudomoechnaya-mashina-bad-smell.mdx","keep","Bosch посудомоечная машина: появился запах при работе","Посудомоечные машины","4180","536","6","4","4",""
"dishwashers-bosch-posudomoechnaya-mashina-does-not-start.mdx","keep","Bosch посудомоечная машина: не запускается","Посудомоечные машины","4175","537","6","4","4",""
"dishwashers-bosch-posudomoechnaya-mashina-error-code.mdx","keep","Bosch посудомоечная машина: показывает код ошибки","Посудомоечные машины","4172","536","6","4","4",""
"dishwashers-bosch-posudomoechnaya-mashina-leaks-water.mdx","keep","Bosch посудомоечная машина: подтекает снизу или у двери","Посудомоечные машины","4192","539","6","4","4",""
"dishwashers-bosch-posudomoechnaya-mashina-noise-vibration.mdx","keep","Bosch посудомоечная машина: шумит или вибрирует сильнее обычного","Посудомоечные машины","4185","537","6","4","4",""
"dishwashers-bosch-posudomoechnaya-mashina-stops-mid-cycle.mdx","keep","Bosch посудомоечная машина: останавливается в середине цикла","Посудомоечные машины","4186","536","6","4","4",""
"dishwashers-dverca-posudomoyki-bad-smell.mdx","keep","дверца посудомойки: появился запах при работе","Посудомоечные машины","4140","531","6","3","3",""
"dishwashers-dverca-posudomoyki-does-not-start.mdx","keep","дверца посудомойки: не запускается","Посудомоечные машины","4135","532","6","3","3",""
"dishwashers-dverca-posudomoyki-leaks-water.mdx","keep","дверца посудомойки: подтекает снизу или у двери","Посудомоечные машины","4152","534","6","3","3",""
"dishwashers-dverca-posudomoyki-noise-vibration.mdx","keep","дверца посудомойки: шумит или вибрирует сильнее обычного","Посудомоечные машины","4145","532","6","3","3",""
"dishwashers-dverca-posudomoyki-stops-mid-cycle.mdx","keep","дверца посудомойки: останавливается в середине цикла","Посудомоечные машины","4146","531","6","3","3",""
"dishwashers-electrolux-posudomoechnaya-mashina-bad-smell.mdx","keep","Electrolux посудомоечная машина: появился запах при работе","Посудомоечные машины","4205","536","6","4","4",""
"dishwashers-electrolux-posudomoechnaya-mashina-does-not-start.mdx","keep","Electrolux посудомоечная машина: не запускается","Посудомоечные машины","4200","537","6","4","4",""
"dishwashers-electrolux-posudomoechnaya-mashina-error-code.mdx","keep","Electrolux посудомоечная машина: показывает код ошибки","Посудомоечные машины","4197","536","6","4","4",""
"dishwashers-electrolux-posudomoechnaya-mashina-leaks-water.mdx","keep","Electrolux посудомоечная машина: подтекает снизу или у двери","Посудомоечные машины","4217","539","6","4","4",""
"dishwashers-electrolux-posudomoechnaya-mashina-noise-vibration.mdx","keep","Electrolux посудомоечная машина: шумит или вибрирует сильнее обычного","Посудомоечные машины","4210","537","6","4","4",""
"dishwashers-electrolux-posudomoechnaya-mashina-stops-mid-cycle.mdx","keep","Electrolux посудомоечная машина: останавливается в середине цикла","Посудомоечные машины","4211","536","6","4","4",""
"dishwashers-filtr-posudomoyki-bad-smell.mdx","keep","фильтр посудомойки: появился запах при работе","Посудомоечные машины","4140","531","6","3","3",""
"dishwashers-filtr-posudomoyki-does-not-start.mdx","keep","фильтр посудомойки: не запускается","Посудомоечные машины","4135","532","6","3","3",""
"dishwashers-filtr-posudomoyki-error-code.mdx","keep","фильтр посудомойки: показывает код ошибки","Посудомоечные машины","4132","531","6","3","3",""
"dishwashers-filtr-posudomoyki-leaks-water.mdx","keep","фильтр посудомойки: подтекает снизу или у двери","Посудомоечные машины","4152","534","6","3","3",""
"dishwashers-filtr-posudomoyki-noise-vibration.mdx","keep","фильтр посудомойки: шумит или вибрирует сильнее обычного","Посудомоечные машины","4145","532","6","3","3",""
"dishwashers-filtr-posudomoyki-stops-mid-cycle.mdx","keep","фильтр посудомойки: останавливается в середине цикла","Посудомоечные машины","4146","531","6","3","3",""
"dishwashers-lg-posudomoechnaya-mashina-bad-smell.mdx","keep","LG посудомоечная машина: появился запах при работе","Посудомоечные машины","4165","536","6","4","4",""
"dishwashers-lg-posudomoechnaya-mashina-does-not-start.mdx","keep","LG посудомоечная машина: не запускается","Посудомоечные машины","4160","537","6","4","4",""
"dishwashers-lg-posudomoechnaya-mashina-error-code.mdx","keep","LG посудомоечная машина: показывает код ошибки","Посудомоечные машины","4157","536","6","4","4",""
"dishwashers-lg-posudomoechnaya-mashina-leaks-water.mdx","keep","LG посудомоечная машина: подтекает снизу или у двери","Посудомоечные машины","4177","539","6","4","4",""
"dishwashers-lg-posudomoechnaya-mashina-noise-vibration.mdx","keep","LG посудомоечная машина: шумит или вибрирует сильнее обычного","Посудомоечные машины","4170","537","6","4","4",""
"dishwashers-lg-posudomoechnaya-mashina-stops-mid-cycle.mdx","keep","LG посудомоечная машина: останавливается в середине цикла","Посудомоечные машины","4171","536","6","4","4",""
"dishwashers-nastolnaya-posudomoechnaya-mashina-bad-smell.mdx","keep","настольная посудомоечная машина: появился запах при работе","Посудомоечные машины","4205","536","6","3","3",""
"dishwashers-nastolnaya-posudomoechnaya-mashina-does-not-start.mdx","keep","настольная посудомоечная машина: не запускается","Посудомоечные машины","4200","537","6","3","3",""
"dishwashers-nastolnaya-posudomoechnaya-mashina-error-code.mdx","keep","настольная посудомоечная машина: показывает код ошибки","Посудомоечные машины","4197","536","6","3","3",""
"dishwashers-nastolnaya-posudomoechnaya-mashina-leaks-water.mdx","keep","настольная посудомоечная машина: подтекает снизу или у двери","Посудомоечные машины","4217","539","6","3","3",""
"dishwashers-nastolnaya-posudomoechnaya-mashina-noise-vibration.mdx","keep","настольная посудомоечная машина: шумит или вибрирует сильнее обычного","Посудомоечные машины","4210","537","6","3","3",""
"dishwashers-nastolnaya-posudomoechnaya-mashina-stops-mid-cycle.mdx","keep","настольная посудомоечная машина: останавливается в середине цикла","Посудомоечные машины","4211","536","6","3","3",""
"dishwashers-razbryzgivatel-posudomoyki-bad-smell.mdx","keep","разбрызгиватель посудомойки: появился запах при работе","Посудомоечные машины","4185","531","6","3","3",""
"dishwashers-razbryzgivatel-posudomoyki-does-not-start.mdx","keep","разбрызгиватель посудомойки: не запускается","Посудомоечные машины","4180","532","6","3","3",""
"dishwashers-razbryzgivatel-posudomoyki-leaks-water.mdx","keep","разбрызгиватель посудомойки: подтекает снизу или у двери","Посудомоечные машины","4197","534","6","3","3",""
"dishwashers-razbryzgivatel-posudomoyki-noise-vibration.mdx","keep","разбрызгиватель посудомойки: шумит или вибрирует сильнее обычного","Посудомоечные машины","4190","532","6","3","3",""
"dishwashers-razbryzgivatel-posudomoyki-stops-mid-cycle.mdx","keep","разбрызгиватель посудомойки: останавливается в середине цикла","Посудомоечные машины","4191","531","6","3","3",""
"dishwashers-samsung-posudomoechnaya-mashina-bad-smell.mdx","keep","Samsung посудомоечная машина: появился запах при работе","Посудомоечные машины","4190","536","6","4","4",""
"dishwashers-samsung-posudomoechnaya-mashina-does-not-start.mdx","keep","Samsung посудомоечная машина: не запускается","Посудомоечные машины","4185","537","6","4","4",""
"dishwashers-samsung-posudomoechnaya-mashina-error-code.mdx","keep","Samsung посудомоечная машина: показывает код ошибки","Посудомоечные машины","4182","536","6","4","4",""
"dishwashers-samsung-posudomoechnaya-mashina-leaks-water.mdx","keep","Samsung посудомоечная машина: подтекает снизу или у двери","Посудомоечные машины","4202","539","6","4","4",""
"dishwashers-samsung-posudomoechnaya-mashina-noise-vibration.mdx","keep","Samsung посудомоечная машина: шумит или вибрирует сильнее обычного","Посудомоечные машины","4195","537","6","4","4",""
"dishwashers-samsung-posudomoechnaya-mashina-stops-mid-cycle.mdx","keep","Samsung посудомоечная машина: останавливается в середине цикла","Посудомоечные машины","4196","536","6","4","4",""
"dishwashers-siemens-dishwasher-bad-smell.mdx","keep","Siemens dishwasher: появился запах или гарь","Посудомоечные машины","3508","445","6","4","3",""
"dishwashers-siemens-dishwasher-does-not-drain.mdx","keep","Siemens dishwasher: не сливает воду","Посудомоечные машины","3492","448","6","4","3",""
"dishwashers-siemens-dishwasher-does-not-heat.mdx","keep","Siemens dishwasher: не греет","Посудомоечные машины","3474","444","6","4","3",""
"dishwashers-siemens-dishwasher-error-code.mdx","keep","Siemens dishwasher: показывает код ошибки","Посудомоечные машины","3519","448","6","4","3",""
"dishwashers-siemens-dishwasher-leaks-water.mdx","keep","Siemens dishwasher: протекает","Посудомоечные машины","3489","439","6","4","3",""
"dishwashers-siemens-dishwasher-makes-noise.mdx","keep","Siemens dishwasher: шумит или вибрирует","Посудомоечные машины","3473","441","6","4","3",""
"dishwashers-siemens-dishwasher-stops-mid-cycle.mdx","keep","Siemens dishwasher: останавливается во время работы","Посудомоечные машины","3559","451","6","4","3",""
"dishwashers-siemens-dishwasher-wont-turn-on.mdx","keep","Siemens dishwasher: не включается","Посудомоечные машины","3516","448","6","4","3",""
"dishwashers-siemens-posudomoechnaya-mashina-bad-smell.mdx","keep","Siemens посудомоечная машина: появился запах при работе","Посудомоечные машины","4190","536","6","4","4",""
"dishwashers-siemens-posudomoechnaya-mashina-does-not-start.mdx","keep","Siemens посудомоечная машина: не запускается","Посудомоечные машины","4185","537","6","4","4",""
"dishwashers-siemens-posudomoechnaya-mashina-error-code.mdx","keep","Siemens посудомоечная машина: показывает код ошибки","Посудомоечные машины","4182","536","6","4","4",""
"dishwashers-siemens-posudomoechnaya-mashina-leaks-water.mdx","keep","Siemens посудомоечная машина: подтекает снизу или у двери","Посудомоечные машины","4202","539","6","4","4",""
"dishwashers-siemens-posudomoechnaya-mashina-noise-vibration.mdx","keep","Siemens посудомоечная машина: шумит или вибрирует сильнее обычного","Посудомоечные машины","4195","537","6","4","4",""
"dishwashers-siemens-posudomoechnaya-mashina-stops-mid-cycle.mdx","keep","Siemens посудомоечная машина: останавливается в середине цикла","Посудомоечные машины","4196","536","6","4","4",""
"dishwashers-sliv-posudomoyki-bad-smell.mdx","keep","слив посудомойки: появился запах при работе","Посудомоечные машины","4130","531","6","3","3",""
"dishwashers-sliv-posudomoyki-does-not-start.mdx","keep","слив посудомойки: не запускается","Посудомоечные машины","4125","532","6","3","3",""
"dishwashers-sliv-posudomoyki-leaks-water.mdx","keep","слив посудомойки: подтекает снизу или у двери","Посудомоечные машины","4142","534","6","3","3",""
"dishwashers-sliv-posudomoyki-noise-vibration.mdx","keep","слив посудомойки: шумит или вибрирует сильнее обычного","Посудомоечные машины","4135","532","6","3","3",""
"dishwashers-sliv-posudomoyki-stops-mid-cycle.mdx","keep","слив посудомойки: останавливается в середине цикла","Посудомоечные машины","4136","531","6","3","3",""
"dishwashers-uzkaya-posudomoechnaya-mashina-bad-smell.mdx","keep","узкая посудомоечная машина: появился запах при работе","Посудомоечные машины","4180","536","6","3","3",""
"dishwashers-uzkaya-posudomoechnaya-mashina-does-not-start.mdx","keep","узкая посудомоечная машина: не запускается","Посудомоечные машины","4175","537","6","3","3",""
"dishwashers-uzkaya-posudomoechnaya-mashina-error-code.mdx","keep","узкая посудомоечная машина: показывает код ошибки","Посудомоечные машины","4172","536","6","3","3",""
"dishwashers-uzkaya-posudomoechnaya-mashina-leaks-water.mdx","keep","узкая посудомоечная машина: подтекает снизу или у двери","Посудомоечные машины","4192","539","6","3","3",""
"dishwashers-uzkaya-posudomoechnaya-mashina-noise-vibration.mdx","keep","узкая посудомоечная машина: шумит или вибрирует сильнее обычного","Посудомоечные машины","4185","537","6","3","3",""
"dishwashers-uzkaya-posudomoechnaya-mashina-stops-mid-cycle.mdx","keep","узкая посудомоечная машина: останавливается в середине цикла","Посудомоечные машины","4186","536","6","3","3",""
"dishwashers-vstraivaemaya-posudomoechnaya-mashina-bad-smell.mdx","keep","встраиваемая посудомоечная машина: появился запах при работе","Посудомоечные машины","4215","536","6","3","3",""
"dishwashers-vstraivaemaya-posudomoechnaya-mashina-does-not-start.mdx","keep","встраиваемая посудомоечная машина: не запускается","Посудомоечные машины","4210","537","6","3","3",""
"dishwashers-vstraivaemaya-posudomoechnaya-mashina-error-code.mdx","keep","встраиваемая посудомоечная машина: показывает код ошибки","Посудомоечные машины","4207","536","6","3","3",""
"dishwashers-vstraivaemaya-posudomoechnaya-mashina-leaks-water.mdx","keep","встраиваемая посудомоечная машина: подтекает снизу или у двери","Посудомоечные машины","4227","539","6","3","3",""
"dishwashers-vstraivaemaya-posudomoechnaya-mashina-noise-vibration.mdx","keep","встраиваемая посудомоечная машина: шумит или вибрирует сильнее обычного","Посудомоечные машины","4220","537","6","3","3",""
"dishwashers-vstraivaemaya-posudomoechnaya-mashina-stops-mid-cycle.mdx","keep","встраиваемая посудомоечная машина: останавливается в середине цикла","Посудомоечные машины","4221","536","6","3","3",""
"dns-ne-otkryvayutsya-sayty.mdx","keep","DNS: не открываются сайты — как исправить","Сеть","3831","496","6","4","4",""
"dns-ne-rezolvit-domeny.mdx","keep","DNS: не резолвит домены — как исправить","Сеть","3829","496","6","4","4",""
"dns-obryvaet-podklyuchenie.mdx","keep","DNS: обрывает подключение — как исправить","Сеть","3831","495","6","4","4",""
"docker-compose-env-fayl-access-denied.mdx","keep","compose env файл: показывает отказ в доступе","Docker и контейнеры","4193","550","6","3","2",""
"docker-compose-env-fayl-crash-on-open.mdx","keep","compose env файл: падает при открытии файла или проекта","Docker и контейнеры","4189","549","6","3","2",""
"docker-compose-env-fayl-does-not-start.mdx","keep","compose env файл: не запускается после обновления","Docker и контейнеры","4164","546","6","3","2",""
"docker-compose-env-fayl-settings-reset.mdx","keep","compose env файл: сбрасывает настройки после перезапуска","Docker и контейнеры","4195","545","6","3","2",""
"docker-compose-env-fayl-slow-response.mdx","keep","compose env файл: работает заметно медленнее обычного","Docker и контейнеры","4209","549","6","3","2",""
"docker-compose-ne-startuet-servis.mdx","keep","Docker Compose: не стартует сервис — как исправить","Docker и контейнеры","3822","508","6","4","2",""
"docker-compose-net-seti-mezhdu-konteynerami.mdx","keep","Docker Compose: нет сети между контейнерами — как исправить","Docker и контейнеры","3831","509","6","4","2",""
"docker-compose-port-uzhe-zanyat.mdx","keep","Docker Compose: порт уже занят — как исправить","Docker и контейнеры","3792","506","6","4","2",""
"docker-container-crash-fix.mdx","keep","Docker контейнер падает: исправление crash loop","DevOps и облака","3918","500","6","4","3",""
"docker-container-restart-loop.mdx","keep","Docker контейнер перезапускается бесконечно: причины и решение","DevOps и облака","4074","507","6","4","2",""
"docker-desktop-ne-startuet-servis.mdx","keep","Docker Desktop: не стартует сервис — как исправить","Docker и контейнеры","3822","508","6","4","2",""
"docker-desktop-ne-zapuskaetsya-oshibka-windows.mdx","keep","Docker Desktop не запускается в Windows: исправление ошибок WSL","Docker и контейнеры","3987","534","6","3","2",""
"docker-desktop-net-seti-mezhdu-konteynerami.mdx","keep","Docker Desktop: нет сети между контейнерами — как исправить","Docker и контейнеры","3831","509","6","4","2",""
"docker-desktop-port-uzhe-zanyat.mdx","keep","Docker Desktop: порт уже занят — как исправить","Docker и контейнеры","3792","506","6","4","2",""
"docker-docker-buildkit-crashes-after-update.mdx","keep","Docker BuildKit: вылетает после обновления","Docker и контейнеры","3847","506","6","4","2",""
"docker-docker-buildkit-permission-denied.mdx","keep","Docker BuildKit: отказано в доступе","Docker и контейнеры","3829","505","6","4","2",""
"docker-docker-buildkit-wont-start.mdx","keep","Docker BuildKit: не запускается","Docker и контейнеры","3810","504","6","4","2",""
"docker-docker-compose-config-error.mdx","keep","Docker Compose: ошибка конфигурации","Docker и контейнеры","3836","507","6","4","2",""
"docker-docker-compose-crashes-after-update.mdx","keep","Docker Compose: вылетает после обновления","Docker и контейнеры","3839","506","6","4","2",""
"docker-docker-compose-healthcheck-027.mdx","keep","Docker Compose: не проходит healthcheck — как исправить","Docker и контейнеры","4225","545","7","4","2",""
"docker-docker-compose-high-cpu.mdx","keep","Docker Compose: нагружает процессор","Docker и контейнеры","3864","511","6","4","2",""
"docker-docker-compose-network-timeout.mdx","keep","Docker Compose: ошибка подключения или тайм-аут","Docker и контейнеры","3819","504","6","4","2",""
"docker-docker-compose-permission-denied-026.mdx","keep","Docker Compose: ошибка permission denied — как исправить","Docker и контейнеры","4224","541","7","4","2",""
"docker-docker-compose-permission-denied.mdx","keep","Docker Compose: отказано в доступе","Docker и контейнеры","3821","505","6","4","2",""
"docker-docker-compose-pull-image-022.mdx","keep","Docker Compose: ошибка pull image — как исправить","Docker и контейнеры","4220","544","7","4","2",""
"docker-docker-compose-servis-access-denied.mdx","keep","Docker Compose сервис: показывает отказ в доступе","Docker и контейнеры","4218","550","6","3","2",""
"docker-docker-compose-servis-crash-on-open.mdx","keep","Docker Compose сервис: падает при открытии файла или проекта","Docker и контейнеры","4214","549","6","3","2",""
"docker-docker-compose-servis-does-not-start.mdx","keep","Docker Compose сервис: не запускается после обновления","Docker и контейнеры","4189","546","6","3","2",""
"docker-docker-compose-servis-settings-reset.mdx","keep","Docker Compose сервис: сбрасывает настройки после перезапуска","Docker и контейнеры","4220","545","6","3","2",""
"docker-docker-compose-servis-slow-response.mdx","keep","Docker Compose сервис: работает заметно медленнее обычного","Docker и контейнеры","4234","549","6","3","2",""
"docker-docker-compose-servis-update-loop.mdx","keep","Docker Compose сервис: застревает в цикле обновления","Docker и контейнеры","4232","551","6","3","2",""
"docker-docker-compose-sync-failed.mdx","keep","Docker Compose: не синхронизируется","Docker и контейнеры","3815","505","6","4","2",""
"docker-docker-compose-update-failed.mdx","keep","Docker Compose: ошибка обновления","Docker и контейнеры","3825","507","6","4","2",""
"docker-docker-compose-volume-024.mdx","keep","Docker Compose: не монтируется volume — как исправить","Docker и контейнеры","4228","544","7","4","2",""
"docker-docker-compose-wont-start.mdx","keep","Docker Compose: не запускается","Docker и контейнеры","3802","504","6","4","2",""
"docker-docker-desktop-access-denied.mdx","keep","Docker Desktop: показывает отказ в доступе","Docker и контейнеры","4183","545","6","3","2",""
"docker-docker-desktop-crash-on-open.mdx","keep","Docker Desktop: падает при открытии файла или проекта","Docker и контейнеры","4179","544","6","3","2",""
"docker-docker-desktop-does-not-start.mdx","keep","Docker Desktop: не запускается после обновления","Docker и контейнеры","4154","541","6","3","2",""
"docker-docker-desktop-permission-denied-040.mdx","keep","Docker Desktop: ошибка permission denied — как исправить","Docker и контейнеры","4224","541","7","4","2",""
"docker-docker-desktop-pull-image-036.mdx","keep","Docker Desktop: ошибка pull image — как исправить","Docker и контейнеры","4220","544","7","4","2",""
"docker-docker-desktop-settings-reset.mdx","keep","Docker Desktop: сбрасывает настройки после перезапуска","Docker и контейнеры","4185","540","6","3","2",""
"docker-docker-desktop-slow-response.mdx","keep","Docker Desktop: работает заметно медленнее обычного","Docker и контейнеры","4199","544","6","3","2",""
"docker-docker-desktop-volume-038.mdx","keep","Docker Desktop: не монтируется volume — как исправить","Docker и контейнеры","4228","544","7","4","2",""
"docker-docker-engine-healthcheck-034.mdx","keep","Docker Engine: не проходит healthcheck — как исправить","Docker и контейнеры","4220","545","7","4","2",""
"docker-docker-engine-permission-denied-033.mdx","keep","Docker Engine: ошибка permission denied — как исправить","Docker и контейнеры","4219","541","7","4","2",""
"docker-docker-engine-pull-image-029.mdx","keep","Docker Engine: ошибка pull image — как исправить","Docker и контейнеры","4215","544","7","4","2",""
"docker-docker-engine-volume-031.mdx","keep","Docker Engine: не монтируется volume — как исправить","Docker и контейнеры","4223","544","7","4","2",""
"docker-docker-image-build-access-denied.mdx","keep","Docker image build: показывает отказ в доступе","Docker и контейнеры","4203","550","6","3","2",""
"docker-docker-image-build-crash-on-open.mdx","keep","Docker image build: падает при открытии файла или проекта","Docker и контейнеры","4199","549","6","3","2",""
"docker-docker-image-build-does-not-start.mdx","keep","Docker image build: не запускается после обновления","Docker и контейнеры","4174","546","6","3","2",""
"docker-docker-image-build-settings-reset.mdx","keep","Docker image build: сбрасывает настройки после перезапуска","Docker и контейнеры","4205","545","6","3","2",""
"docker-docker-image-build-slow-response.mdx","keep","Docker image build: работает заметно медленнее обычного","Docker и контейнеры","4219","549","6","3","2",""
"docker-docker-image-build-update-loop.mdx","keep","Docker image build: застревает в цикле обновления","Docker и контейнеры","4217","551","6","3","2",""
"docker-docker-network-access-denied.mdx","keep","Docker network: показывает отказ в доступе","Docker и контейнеры","4183","545","6","3","2",""
"docker-docker-network-crash-on-open.mdx","keep","Docker network: падает при открытии файла или проекта","Docker и контейнеры","4179","544","6","3","2",""
"docker-docker-network-does-not-start.mdx","keep","Docker network: не запускается после обновления","Docker и контейнеры","4154","541","6","3","2",""
"docker-docker-network-settings-reset.mdx","keep","Docker network: сбрасывает настройки после перезапуска","Docker и контейнеры","4185","540","6","3","2",""
"docker-docker-network-slow-response.mdx","keep","Docker network: работает заметно медленнее обычного","Docker и контейнеры","4199","544","6","3","2",""
"docker-docker-network-update-loop.mdx","keep","Docker network: застревает в цикле обновления","Docker и контейнеры","4197","546","6","3","2",""
"docker-docker-registry-login-access-denied.mdx","keep","Docker registry login: показывает отказ в доступе","Docker и контейнеры","4218","550","6","3","2",""
"docker-docker-registry-login-crash-on-open.mdx","keep","Docker registry login: падает при открытии файла или проекта","Docker и контейнеры","4214","549","6","3","2",""
"docker-docker-registry-login-does-not-start.mdx","keep","Docker registry login: не запускается после обновления","Docker и контейнеры","4189","546","6","3","2",""
"docker-docker-registry-login-settings-reset.mdx","keep","Docker registry login: сбрасывает настройки после перезапуска","Docker и контейнеры","4220","545","6","3","2",""
"docker-docker-registry-login-slow-response.mdx","keep","Docker registry login: работает заметно медленнее обычного","Docker и контейнеры","4234","549","6","3","2",""
"docker-docker-registry-login-update-loop.mdx","keep","Docker registry login: застревает в цикле обновления","Docker и контейнеры","4232","551","6","3","2",""
"docker-docker-volume-access-denied.mdx","keep","Docker volume: показывает отказ в доступе","Docker и контейнеры","4178","545","6","3","2",""
"docker-docker-volume-crash-on-open.mdx","keep","Docker volume: падает при открытии файла или проекта","Docker и контейнеры","4174","544","6","3","2",""
"docker-docker-volume-does-not-start.mdx","keep","Docker volume: не запускается после обновления","Docker и контейнеры","4149","541","6","3","2",""
"docker-docker-volume-settings-reset.mdx","keep","Docker volume: сбрасывает настройки после перезапуска","Docker и контейнеры","4180","540","6","3","2",""
"docker-docker-volume-slow-response.mdx","keep","Docker volume: работает заметно медленнее обычного","Docker и контейнеры","4194","544","6","3","2",""
"docker-docker-volume-update-loop.mdx","keep","Docker volume: застревает в цикле обновления","Docker и контейнеры","4192","546","6","3","2",""
"docker-engine-ne-startuet-servis.mdx","keep","Docker Engine: не стартует сервис — как исправить","Docker и контейнеры","3813","508","6","4","2",""
"docker-engine-net-seti-mezhdu-konteynerami.mdx","keep","Docker Engine: нет сети между контейнерами — как исправить","Docker и контейнеры","3822","509","6","4","2",""
"docker-engine-port-uzhe-zanyat.mdx","keep","Docker Engine: порт уже занят — как исправить","Docker и контейнеры","3783","506","6","4","2",""
"docker-healthcheck-konteynera-access-denied.mdx","keep","healthcheck контейнера: показывает отказ в доступе","Docker и контейнеры","4223","545","6","3","2",""
"docker-healthcheck-konteynera-crash-on-open.mdx","keep","healthcheck контейнера: падает при открытии файла или проекта","Docker и контейнеры","4219","544","6","3","2",""
"docker-healthcheck-konteynera-does-not-start.mdx","keep","healthcheck контейнера: не запускается после обновления","Docker и контейнеры","4194","541","6","3","2",""
"docker-healthcheck-konteynera-settings-reset.mdx","keep","healthcheck контейнера: сбрасывает настройки после перезапуска","Docker и контейнеры","4225","540","6","3","2",""
"docker-healthcheck-konteynera-slow-response.mdx","keep","healthcheck контейнера: работает заметно медленнее обычного","Docker и контейнеры","4239","544","6","3","2",""
"docker-konteyner-nginx-access-denied.mdx","keep","контейнер NGINX: показывает отказ в доступе","Docker и контейнеры","4188","545","6","3","2",""
"docker-konteyner-nginx-crash-on-open.mdx","keep","контейнер NGINX: падает при открытии файла или проекта","Docker и контейнеры","4184","544","6","3","2",""
"docker-konteyner-nginx-does-not-start.mdx","keep","контейнер NGINX: не запускается после обновления","Docker и контейнеры","4159","541","6","3","2",""
"docker-konteyner-nginx-settings-reset.mdx","keep","контейнер NGINX: сбрасывает настройки после перезапуска","Docker и контейнеры","4190","540","6","3","2",""
"docker-konteyner-nginx-slow-response.mdx","keep","контейнер NGINX: работает заметно медленнее обычного","Docker и контейнеры","4204","544","6","3","2",""
"docker-konteyner-nginx-update-loop.mdx","keep","контейнер NGINX: застревает в цикле обновления","Docker и контейнеры","4202","546","6","3","2",""
"docker-konteyner-node-js-access-denied.mdx","keep","контейнер Node.js: показывает отказ в доступе","Docker и контейнеры","4198","545","6","3","2",""
"docker-konteyner-node-js-crash-on-open.mdx","keep","контейнер Node.js: падает при открытии файла или проекта","Docker и контейнеры","4194","544","6","3","2",""
"docker-konteyner-node-js-does-not-start.mdx","keep","контейнер Node.js: не запускается после обновления","Docker и контейнеры","4169","541","6","3","2",""
"docker-konteyner-node-js-settings-reset.mdx","keep","контейнер Node.js: сбрасывает настройки после перезапуска","Docker и контейнеры","4200","540","6","3","2",""
"docker-konteyner-node-js-slow-response.mdx","keep","контейнер Node.js: работает заметно медленнее обычного","Docker и контейнеры","4214","544","6","3","2",""
"docker-konteyner-postgresql-access-denied.mdx","keep","контейнер PostgreSQL: показывает отказ в доступе","Docker и контейнеры","4213","545","6","3","2",""
"docker-konteyner-postgresql-crash-on-open.mdx","keep","контейнер PostgreSQL: падает при открытии файла или проекта","Docker и контейнеры","4209","544","6","3","2",""
"docker-konteyner-postgresql-does-not-start.mdx","keep","контейнер PostgreSQL: не запускается после обновления","Docker и контейнеры","4184","541","6","3","2",""
"docker-konteyner-postgresql-settings-reset.mdx","keep","контейнер PostgreSQL: сбрасывает настройки после перезапуска","Docker и контейнеры","4215","540","6","3","2",""
"docker-konteyner-postgresql-slow-response.mdx","keep","контейнер PostgreSQL: работает заметно медленнее обычного","Docker и контейнеры","4229","544","6","3","2",""
"docker-konteyner-postgresql-update-loop.mdx","keep","контейнер PostgreSQL: застревает в цикле обновления","Docker и контейнеры","4227","546","6","3","2",""
"docker-multi-stage-dockerfile-access-denied.mdx","keep","multi-stage Dockerfile: показывает отказ в доступе","Docker и контейнеры","4223","545","6","3","2",""
"docker-multi-stage-dockerfile-crash-on-open.mdx","keep","multi-stage Dockerfile: падает при открытии файла или проекта","Docker и контейнеры","4219","544","6","3","2",""
"docker-multi-stage-dockerfile-does-not-start.mdx","keep","multi-stage Dockerfile: не запускается после обновления","Docker и контейнеры","4194","541","6","3","2",""
"docker-multi-stage-dockerfile-settings-reset.mdx","keep","multi-stage Dockerfile: сбрасывает настройки после перезапуска","Docker и контейнеры","4225","540","6","3","2",""
"docker-multi-stage-dockerfile-slow-response.mdx","keep","multi-stage Dockerfile: работает заметно медленнее обычного","Docker и контейнеры","4239","544","6","3","2",""
"docker-multi-stage-dockerfile-update-loop.mdx","keep","multi-stage Dockerfile: застревает в цикле обновления","Docker и контейнеры","4237","546","6","3","2",""
"dreame-robot-vacuum-ne-stroit-kartu.mdx","keep","Dreame robot vacuum: не строит карту — как исправить","Пылесосы и роботы-пылесосы","3586","461","6","4","3",""
"dreame-robot-vacuum-ne-vozvraschaetsya-na-bazu.mdx","keep","Dreame robot vacuum: не возвращается на базу — как исправить","Пылесосы и роботы-пылесосы","3594","462","6","4","3",""
"dreame-robot-vacuum-ne-zaryazhaetsya.mdx","keep","Dreame robot vacuum: не заряжается — как исправить","Пылесосы и роботы-пылесосы","3584","460","6","4","3",""
"electrolux-dishwasher-ne-nabiraet-vodu.mdx","keep","Electrolux dishwasher: не набирает воду — как исправить","Посудомоечные машины","3530","449","6","4","4",""
"electrolux-dishwasher-ne-slivaet-vodu.mdx","keep","Electrolux dishwasher: не сливает воду — как исправить","Посудомоечные машины","3524","450","6","4","4",""
"electrolux-dishwasher-ploho-moet-posudu.mdx","keep","Electrolux dishwasher: плохо моет посуду — как исправить","Посудомоечные машины","3531","449","6","4","4",""
"email-arhiv-outlook-access-denied.mdx","keep","архив Outlook: показывает отказ в доступе","Электронная почта","4111","537","6","3","3",""
"email-arhiv-outlook-crash-on-open.mdx","keep","архив Outlook: падает при открытии файла или проекта","Электронная почта","4107","536","6","3","3",""
"email-arhiv-outlook-does-not-start.mdx","keep","архив Outlook: не запускается после обновления","Электронная почта","4082","533","6","3","3",""
"email-arhiv-outlook-settings-reset.mdx","keep","архив Outlook: сбрасывает настройки после перезапуска","Электронная почта","4113","532","6","3","3",""
"email-arhiv-outlook-slow-response.mdx","keep","архив Outlook: работает заметно медленнее обычного","Электронная почта","4127","536","6","3","3",""
"email-dkim-domena-access-denied.mdx","keep","DKIM домена: показывает отказ в доступе","Электронная почта","4101","537","6","3","3",""
"email-dkim-domena-crash-on-open.mdx","keep","DKIM домена: падает при открытии файла или проекта","Электронная почта","4097","536","6","3","3",""
"email-dkim-domena-does-not-start.mdx","keep","DKIM домена: не запускается после обновления","Электронная почта","4072","533","6","3","3",""
"email-dkim-domena-settings-reset.mdx","keep","DKIM домена: сбрасывает настройки после перезапуска","Электронная почта","4103","532","6","3","3",""
"email-dkim-domena-slow-response.mdx","keep","DKIM домена: работает заметно медленнее обычного","Электронная почта","4117","536","6","3","3",""
"email-exchange-yaschik-access-denied.mdx","keep","Exchange ящик: показывает отказ в доступе","Электронная почта","4111","537","6","3","3",""
"email-exchange-yaschik-crash-on-open.mdx","keep","Exchange ящик: падает при открытии файла или проекта","Электронная почта","4107","536","6","3","3",""
"email-exchange-yaschik-does-not-start.mdx","keep","Exchange ящик: не запускается после обновления","Электронная почта","4082","533","6","3","3",""
"email-exchange-yaschik-settings-reset.mdx","keep","Exchange ящик: сбрасывает настройки после перезапуска","Электронная почта","4113","532","6","3","3",""
"email-exchange-yaschik-slow-response.mdx","keep","Exchange ящик: работает заметно медленнее обычного","Электронная почта","4127","536","6","3","3",""
"email-exchange-yaschik-update-loop.mdx","keep","Exchange ящик: застревает в цикле обновления","Электронная почта","4125","538","6","3","3",""
"email-filtr-pochty-access-denied.mdx","keep","фильтр почты: показывает отказ в доступе","Электронная почта","4106","537","6","3","3",""
"email-filtr-pochty-crash-on-open.mdx","keep","фильтр почты: падает при открытии файла или проекта","Электронная почта","4102","536","6","3","3",""
"email-filtr-pochty-does-not-start.mdx","keep","фильтр почты: не запускается после обновления","Электронная почта","4077","533","6","3","3",""
"email-filtr-pochty-settings-reset.mdx","keep","фильтр почты: сбрасывает настройки после перезапуска","Электронная почта","4108","532","6","3","3",""
"email-filtr-pochty-slow-response.mdx","keep","фильтр почты: работает заметно медленнее обычного","Электронная почта","4122","536","6","3","3",""
"email-filtr-pochty-update-loop.mdx","keep","фильтр почты: застревает в цикле обновления","Электронная почта","4120","538","6","3","3",""
"email-gmail-akkaunt-access-denied.mdx","keep","Gmail аккаунт: показывает отказ в доступе","Электронная почта","4111","537","6","3","3",""
"email-gmail-akkaunt-crash-on-open.mdx","keep","Gmail аккаунт: падает при открытии файла или проекта","Электронная почта","4107","536","6","3","3",""
"email-gmail-akkaunt-does-not-start.mdx","keep","Gmail аккаунт: не запускается после обновления","Электронная почта","4082","533","6","3","3",""
"email-gmail-akkaunt-settings-reset.mdx","keep","Gmail аккаунт: сбрасывает настройки после перезапуска","Электронная почта","4113","532","6","3","3",""
"email-gmail-akkaunt-slow-response.mdx","keep","Gmail аккаунт: работает заметно медленнее обычного","Электронная почта","4127","536","6","3","3",""
"email-gmail-akkaunt-update-loop.mdx","keep","Gmail аккаунт: застревает в цикле обновления","Электронная почта","4125","538","6","3","3",""
"email-gmail-smtp-config-error.mdx","keep","Gmail SMTP: ошибка конфигурации","Электронная почта","4038","513","6","3","3",""
"email-gmail-smtp-crashes-after-update.mdx","keep","Gmail SMTP: вылетает после обновления","Электронная почта","4021","510","6","3","3",""
"email-gmail-smtp-high-cpu.mdx","keep","Gmail SMTP: нагружает процессор","Электронная почта","4073","520","6","3","3",""
"email-gmail-smtp-network-timeout.mdx","keep","Gmail SMTP: ошибка подключения или тайм-аут","Электронная почта","3932","501","6","3","3",""
"email-gmail-smtp-permission-denied.mdx","keep","Gmail SMTP: отказано в доступе","Электронная почта","4004","510","6","3","3",""
"email-gmail-smtp-sync-failed.mdx","keep","Gmail SMTP: не синхронизируется","Электронная почта","3957","509","6","3","3",""
"email-gmail-smtp-update-failed.mdx","keep","Gmail SMTP: ошибка обновления","Электронная почта","3986","507","6","3","3",""
"email-gmail-smtp-wont-start.mdx","keep","Gmail SMTP: не запускается","Электронная почта","3941","505","6","3","3",""
"email-imap-podklyuchenie-access-denied.mdx","keep","IMAP подключение: показывает отказ в доступе","Электронная почта","4126","537","6","3","3",""
"email-imap-podklyuchenie-crash-on-open.mdx","keep","IMAP подключение: падает при открытии файла или проекта","Электронная почта","4122","536","6","3","3",""
"email-imap-podklyuchenie-does-not-start.mdx","keep","IMAP подключение: не запускается после обновления","Электронная почта","4097","533","6","3","3",""
"email-imap-podklyuchenie-settings-reset.mdx","keep","IMAP подключение: сбрасывает настройки после перезапуска","Электронная почта","4128","532","6","3","3",""
"email-imap-podklyuchenie-slow-response.mdx","keep","IMAP подключение: работает заметно медленнее обычного","Электронная почта","4142","536","6","3","3",""
"email-imap-podklyuchenie-update-loop.mdx","keep","IMAP подключение: застревает в цикле обновления","Электронная почта","4140","538","6","3","3",""
"email-obschiy-pochtovyy-yaschik-access-denied.mdx","keep","общий почтовый ящик: показывает отказ в доступе","Электронная почта","4141","542","6","3","3",""
"email-obschiy-pochtovyy-yaschik-crash-on-open.mdx","keep","общий почтовый ящик: падает при открытии файла или проекта","Электронная почта","4137","541","6","3","3",""
"email-obschiy-pochtovyy-yaschik-does-not-start.mdx","keep","общий почтовый ящик: не запускается после обновления","Электронная почта","4112","538","6","3","3",""
"email-obschiy-pochtovyy-yaschik-settings-reset.mdx","keep","общий почтовый ящик: сбрасывает настройки после перезапуска","Электронная почта","4143","537","6","3","3",""
"email-obschiy-pochtovyy-yaschik-slow-response.mdx","keep","общий почтовый ящик: работает заметно медленнее обычного","Электронная почта","4157","541","6","3","3",""
"email-outlook-imap-config-error.mdx","keep","Outlook IMAP: ошибка конфигурации","Электронная почта","4052","513","6","3","3",""
"email-outlook-imap-crashes-after-update.mdx","keep","Outlook IMAP: вылетает после обновления","Электронная почта","4035","510","6","3","3",""
"email-outlook-imap-high-cpu.mdx","keep","Outlook IMAP: нагружает процессор","Электронная почта","4087","520","6","3","3",""
"email-outlook-imap-network-timeout.mdx","keep","Outlook IMAP: ошибка подключения или тайм-аут","Электронная почта","3946","501","6","3","3",""
"email-outlook-imap-permission-denied.mdx","keep","Outlook IMAP: отказано в доступе","Электронная почта","4018","510","6","3","3",""
"email-outlook-imap-sync-failed.mdx","keep","Outlook IMAP: не синхронизируется","Электронная почта","3971","509","6","3","3",""
"email-outlook-imap-update-failed.mdx","keep","Outlook IMAP: ошибка обновления","Электронная почта","4000","507","6","3","3",""
"email-outlook-imap-wont-start.mdx","keep","Outlook IMAP: не запускается","Электронная почта","3955","505","6","3","3",""
"email-outlook-pochta-access-denied.mdx","keep","Outlook почта: показывает отказ в доступе","Электронная почта","4111","537","6","3","3",""
"email-outlook-pochta-crash-on-open.mdx","keep","Outlook почта: падает при открытии файла или проекта","Электронная почта","4107","536","6","3","3",""
"email-outlook-pochta-does-not-start.mdx","keep","Outlook почта: не запускается после обновления","Электронная почта","4082","533","6","3","3",""
"email-outlook-pochta-settings-reset.mdx","keep","Outlook почта: сбрасывает настройки после перезапуска","Электронная почта","4113","532","6","3","3",""
"email-outlook-pochta-slow-response.mdx","keep","Outlook почта: работает заметно медленнее обычного","Электронная почта","4127","536","6","3","3",""
"email-outlook-pochta-update-loop.mdx","keep","Outlook почта: застревает в цикле обновления","Электронная почта","4125","538","6","3","3",""
"email-pochta-na-telefone-access-denied.mdx","keep","почта на телефоне: показывает отказ в доступе","Электронная почта","4131","542","6","3","3",""
"email-pochta-na-telefone-crash-on-open.mdx","keep","почта на телефоне: падает при открытии файла или проекта","Электронная почта","4127","541","6","3","3",""
"email-pochta-na-telefone-does-not-start.mdx","keep","почта на телефоне: не запускается после обновления","Электронная почта","4102","538","6","3","3",""
"email-pochta-na-telefone-settings-reset.mdx","keep","почта на телефоне: сбрасывает настройки после перезапуска","Электронная почта","4133","537","6","3","3",""
"email-pochta-na-telefone-slow-response.mdx","keep","почта на телефоне: работает заметно медленнее обычного","Электронная почта","4147","541","6","3","3",""
"email-pochtovye-vlozheniya-access-denied.mdx","keep","почтовые вложения: показывает отказ в доступе","Электронная почта","4131","537","6","3","3",""
"email-pochtovye-vlozheniya-crash-on-open.mdx","keep","почтовые вложения: падает при открытии файла или проекта","Электронная почта","4127","536","6","3","3",""
"email-pochtovye-vlozheniya-does-not-start.mdx","keep","почтовые вложения: не запускается после обновления","Электронная почта","4102","533","6","3","3",""
"email-pochtovye-vlozheniya-settings-reset.mdx","keep","почтовые вложения: сбрасывает настройки после перезапуска","Электронная почта","4133","532","6","3","3",""
"email-pochtovye-vlozheniya-slow-response.mdx","keep","почтовые вложения: работает заметно медленнее обычного","Электронная почта","4147","536","6","3","3",""
"email-pochtovye-vlozheniya-update-loop.mdx","keep","почтовые вложения: застревает в цикле обновления","Электронная почта","4145","538","6","3","3",""
"email-podpis-pisma-access-denied.mdx","keep","подпись письма: показывает отказ в доступе","Электронная почта","4116","537","6","3","3",""
"email-podpis-pisma-crash-on-open.mdx","keep","подпись письма: падает при открытии файла или проекта","Электронная почта","4112","536","6","3","3",""
"email-podpis-pisma-does-not-start.mdx","keep","подпись письма: не запускается после обновления","Электронная почта","4087","533","6","3","3",""
"email-podpis-pisma-settings-reset.mdx","keep","подпись письма: сбрасывает настройки после перезапуска","Электронная почта","4118","532","6","3","3",""
"email-podpis-pisma-slow-response.mdx","keep","подпись письма: работает заметно медленнее обычного","Электронная почта","4132","536","6","3","3",""
"email-podpis-pisma-update-loop.mdx","keep","подпись письма: застревает в цикле обновления","Электронная почта","4130","538","6","3","3",""
"email-smtp-otpravka-access-denied.mdx","keep","SMTP отправка: показывает отказ в доступе","Электронная почта","4111","537","6","3","3",""
"email-smtp-otpravka-crash-on-open.mdx","keep","SMTP отправка: падает при открытии файла или проекта","Электронная почта","4107","536","6","3","3",""
"email-smtp-otpravka-does-not-start.mdx","keep","SMTP отправка: не запускается после обновления","Электронная почта","4082","533","6","3","3",""
"email-smtp-otpravka-settings-reset.mdx","keep","SMTP отправка: сбрасывает настройки после перезапуска","Электронная почта","4113","532","6","3","3",""
"email-smtp-otpravka-slow-response.mdx","keep","SMTP отправка: работает заметно медленнее обычного","Электронная почта","4127","536","6","3","3",""
"email-smtp-otpravka-update-loop.mdx","keep","SMTP отправка: застревает в цикле обновления","Электронная почта","4125","538","6","3","3",""
"excel-file-recovery.mdx","keep","Восстановление повреждённого файла Excel","Офисные программы","3961","503","6","4","3",""
"excel-ne-otkryvaet-fayl.mdx","keep","Excel: не открывает файл — как исправить","Офисные программы","3850","493","6","4","2",""
"excel-povrezhden-dokument.mdx","keep","Excel: поврежден документ — как исправить","Офисные программы","3851","492","6","4","2",""
"figma-ne-otobrazhayutsya-shrifty.mdx","keep","Figma: не отображаются шрифты — как исправить","Дизайн и графика","3913","506","6","4","2",""
"figma-ne-zapuskaetsya.mdx","keep","Figma: не запускается — как исправить","Дизайн и графика","3895","503","6","4","2",""
"figma-vyletaet-pri-eksporte.mdx","keep","Figma: вылетает при экспорте — как исправить","Дизайн и графика","3886","504","6","4","2",""
"firefox-ne-otkryvaet-sayty.mdx","keep","Firefox: не открывает сайты — как исправить","Браузеры","3901","495","6","4","3",""
"firefox-oshibka-sertifikata.mdx","keep","Firefox: ошибка сертификата — как исправить","Браузеры","3901","494","6","4","3",""
"games-antichit-igry-access-denied.mdx","keep","античит игры: показывает отказ в доступе","Игры","4088","537","6","3","3",""
"games-antichit-igry-crash-on-open.mdx","keep","античит игры: падает при открытии файла или проекта","Игры","4084","536","6","3","3",""
"games-antichit-igry-does-not-start.mdx","keep","античит игры: не запускается после обновления","Игры","4059","533","6","3","3",""
"games-antichit-igry-settings-reset.mdx","keep","античит игры: сбрасывает настройки после перезапуска","Игры","4090","532","6","3","3",""
"games-antichit-igry-slow-response.mdx","keep","античит игры: работает заметно медленнее обычного","Игры","4104","536","6","3","3",""
"games-antichit-igry-update-loop.mdx","keep","античит игры: застревает в цикле обновления","Игры","4102","538","6","3","3",""
"games-directx-12-igra-access-denied.mdx","keep","DirectX 12 игра: показывает отказ в доступе","Игры","4103","542","6","3","3",""
"games-directx-12-igra-crash-on-open.mdx","keep","DirectX 12 игра: падает при открытии файла или проекта","Игры","4099","541","6","3","3",""
"games-directx-12-igra-does-not-start.mdx","keep","DirectX 12 игра: не запускается после обновления","Игры","4074","538","6","3","3",""
"games-directx-12-igra-settings-reset.mdx","keep","DirectX 12 игра: сбрасывает настройки после перезапуска","Игры","4105","537","6","3","3",""
"games-directx-12-igra-slow-response.mdx","keep","DirectX 12 игра: работает заметно медленнее обычного","Игры","4119","541","6","3","3",""
"games-directx-12-igra-update-loop.mdx","keep","DirectX 12 игра: застревает в цикле обновления","Игры","4117","543","6","3","3",""
"games-epic-games-launcher-access-denied.mdx","keep","Epic Games Launcher: показывает отказ в доступе","Игры","4123","542","6","3","3",""
"games-epic-games-launcher-crash-on-open.mdx","keep","Epic Games Launcher: падает при открытии файла или проекта","Игры","4119","541","6","3","3",""
"games-epic-games-launcher-crashes-after-update.mdx","keep","Epic Games Launcher: вылетает после обновления","Игры","4044","518","6","4","4",""
"games-epic-games-launcher-does-not-start.mdx","keep","Epic Games Launcher: не запускается после обновления","Игры","4094","538","6","3","3",""
"games-epic-games-launcher-permission-denied.mdx","keep","Epic Games Launcher: отказано в доступе","Игры","4027","518","6","4","4",""
"games-epic-games-launcher-settings-reset.mdx","keep","Epic Games Launcher: сбрасывает настройки после перезапуска","Игры","4125","537","6","3","3",""
"games-epic-games-launcher-slow-response.mdx","keep","Epic Games Launcher: работает заметно медленнее обычного","Игры","4139","541","6","3","3",""
"games-epic-games-launcher-update-loop.mdx","keep","Epic Games Launcher: застревает в цикле обновления","Игры","4137","543","6","3","3",""
"games-epic-games-launcher-wont-start.mdx","keep","Epic Games Launcher: не запускается","Игры","3964","513","6","4","4",""
"games-geympad-v-igre-access-denied.mdx","keep","геймпад в игре: показывает отказ в доступе","Игры","4098","542","6","3","3",""
"games-geympad-v-igre-crash-on-open.mdx","keep","геймпад в игре: падает при открытии файла или проекта","Игры","4094","541","6","3","3",""
"games-geympad-v-igre-does-not-start.mdx","keep","геймпад в игре: не запускается после обновления","Игры","4069","538","6","3","3",""
"games-geympad-v-igre-settings-reset.mdx","keep","геймпад в игре: сбрасывает настройки после перезапуска","Игры","4100","537","6","3","3",""
"games-geympad-v-igre-slow-response.mdx","keep","геймпад в игре: работает заметно медленнее обычного","Игры","4114","541","6","3","3",""
"games-igrovoy-launcher-access-denied.mdx","keep","игровой лаунчер: показывает отказ в доступе","Игры","4103","537","6","3","3",""
"games-igrovoy-launcher-crash-on-open.mdx","keep","игровой лаунчер: падает при открытии файла или проекта","Игры","4099","536","6","3","3",""
"games-igrovoy-launcher-does-not-start.mdx","keep","игровой лаунчер: не запускается после обновления","Игры","4074","533","6","3","3",""
"games-igrovoy-launcher-settings-reset.mdx","keep","игровой лаунчер: сбрасывает настройки после перезапуска","Игры","4105","532","6","3","3",""
"games-igrovoy-launcher-slow-response.mdx","keep","игровой лаунчер: работает заметно медленнее обычного","Игры","4119","536","6","3","3",""
"games-igrovoy-launcher-update-loop.mdx","keep","игровой лаунчер: застревает в цикле обновления","Игры","4117","538","6","3","3",""
"games-oblachnye-sohraneniya-steam-access-denied.mdx","keep","облачные сохранения Steam: показывает отказ в доступе","Игры","4153","542","6","3","3",""
"games-oblachnye-sohraneniya-steam-crash-on-open.mdx","keep","облачные сохранения Steam: падает при открытии файла или проекта","Игры","4149","541","6","3","3",""
"games-oblachnye-sohraneniya-steam-does-not-start.mdx","keep","облачные сохранения Steam: не запускается после обновления","Игры","4124","538","6","3","3",""
"games-oblachnye-sohraneniya-steam-settings-reset.mdx","keep","облачные сохранения Steam: сбрасывает настройки после перезапуска","Игры","4155","537","6","3","3",""
"games-oblachnye-sohraneniya-steam-slow-response.mdx","keep","облачные сохранения Steam: работает заметно медленнее обычного","Игры","4169","541","6","3","3",""
"games-onlayn-matchmeyking-access-denied.mdx","keep","онлайн матчмейкинг: показывает отказ в доступе","Игры","4118","537","6","3","3",""
"games-onlayn-matchmeyking-crash-on-open.mdx","keep","онлайн матчмейкинг: падает при открытии файла или проекта","Игры","4114","536","6","3","3",""
"games-onlayn-matchmeyking-does-not-start.mdx","keep","онлайн матчмейкинг: не запускается после обновления","Игры","4089","533","6","3","3",""
"games-onlayn-matchmeyking-settings-reset.mdx","keep","онлайн матчмейкинг: сбрасывает настройки после перезапуска","Игры","4120","532","6","3","3",""
"games-onlayn-matchmeyking-slow-response.mdx","keep","онлайн матчмейкинг: работает заметно медленнее обычного","Игры","4134","536","6","3","3",""
"games-onlayn-matchmeyking-update-loop.mdx","keep","онлайн матчмейкинг: застревает в цикле обновления","Игры","4132","538","6","3","3",""
"games-overley-discord-v-igre-access-denied.mdx","keep","оверлей Discord в игре: показывает отказ в доступе","Игры","4138","547","6","3","3",""
"games-overley-discord-v-igre-crash-on-open.mdx","keep","оверлей Discord в игре: падает при открытии файла или проекта","Игры","4134","546","6","3","3",""
"games-overley-discord-v-igre-does-not-start.mdx","keep","оверлей Discord в игре: не запускается после обновления","Игры","4109","543","6","3","3",""
"games-overley-discord-v-igre-settings-reset.mdx","keep","оверлей Discord в игре: сбрасывает настройки после перезапуска","Игры","4140","542","6","3","3",""
"games-overley-discord-v-igre-slow-response.mdx","keep","оверлей Discord в игре: работает заметно медленнее обычного","Игры","4154","546","6","3","3",""
"games-sheydernyy-kesh-access-denied.mdx","keep","шейдерный кеш: показывает отказ в доступе","Игры","4093","537","6","3","3",""
"games-sheydernyy-kesh-crash-on-open.mdx","keep","шейдерный кеш: падает при открытии файла или проекта","Игры","4089","536","6","3","3",""
"games-sheydernyy-kesh-does-not-start.mdx","keep","шейдерный кеш: не запускается после обновления","Игры","4064","533","6","3","3",""
"games-sheydernyy-kesh-settings-reset.mdx","keep","шейдерный кеш: сбрасывает настройки после перезапуска","Игры","4095","532","6","3","3",""
"games-sheydernyy-kesh-slow-response.mdx","keep","шейдерный кеш: работает заметно медленнее обычного","Игры","4109","536","6","3","3",""
"games-sheydernyy-kesh-update-loop.mdx","keep","шейдерный кеш: застревает в цикле обновления","Игры","4107","538","6","3","3",""
"games-sohraneniya-igry-access-denied.mdx","keep","сохранения игры: показывает отказ в доступе","Игры","4103","537","6","3","3",""
"games-sohraneniya-igry-crash-on-open.mdx","keep","сохранения игры: падает при открытии файла или проекта","Игры","4099","536","6","3","3",""
"games-sohraneniya-igry-does-not-start.mdx","keep","сохранения игры: не запускается после обновления","Игры","4074","533","6","3","3",""
"games-sohraneniya-igry-settings-reset.mdx","keep","сохранения игры: сбрасывает настройки после перезапуска","Игры","4105","532","6","3","3",""
"games-sohraneniya-igry-slow-response.mdx","keep","сохранения игры: работает заметно медленнее обычного","Игры","4119","536","6","3","3",""
"games-sohraneniya-igry-update-loop.mdx","keep","сохранения игры: застревает в цикле обновления","Игры","4117","538","6","3","3",""
"games-steam-config-error.mdx","keep","Steam: ошибка конфигурации","Игры","3963","507","6","4","4",""
"games-steam-crashes-after-update.mdx","keep","Steam: вылетает после обновления","Игры","3946","504","6","4","4",""
"games-steam-high-cpu.mdx","keep","Steam: нагружает процессор","Игры","3998","514","6","4","4",""
"games-steam-igra-access-denied.mdx","keep","Steam игра: показывает отказ в доступе","Игры","4078","537","6","3","3",""
"games-steam-igra-crash-on-open.mdx","keep","Steam игра: падает при открытии файла или проекта","Игры","4074","536","6","3","3",""
"games-steam-igra-does-not-start.mdx","keep","Steam игра: не запускается после обновления","Игры","4049","533","6","3","3",""
"games-steam-igra-settings-reset.mdx","keep","Steam игра: сбрасывает настройки после перезапуска","Игры","4080","532","6","3","3",""
"games-steam-igra-slow-response.mdx","keep","Steam игра: работает заметно медленнее обычного","Игры","4094","536","6","3","3",""
"games-steam-igra-update-loop.mdx","keep","Steam игра: застревает в цикле обновления","Игры","4092","538","6","3","3",""
"games-steam-network-timeout.mdx","keep","Steam: ошибка подключения или тайм-аут","Игры","3857","495","6","4","4",""
"games-steam-permission-denied.mdx","keep","Steam: отказано в доступе","Игры","3929","504","6","4","4",""
"games-steam-sync-failed.mdx","keep","Steam: не синхронизируется","Игры","3882","503","6","4","4",""
"games-steam-update-failed.mdx","keep","Steam: ошибка обновления","Игры","3911","501","6","4","4",""
"games-steam-wont-start.mdx","keep","Steam: не запускается","Игры","3866","499","6","4","4",""
"games-vulkan-igra-access-denied.mdx","keep","Vulkan игра: показывает отказ в доступе","Игры","4083","537","6","3","3",""
"games-vulkan-igra-crash-on-open.mdx","keep","Vulkan игра: падает при открытии файла или проекта","Игры","4079","536","6","3","3",""
"games-vulkan-igra-does-not-start.mdx","keep","Vulkan игра: не запускается после обновления","Игры","4054","533","6","3","3",""
"games-vulkan-igra-settings-reset.mdx","keep","Vulkan игра: сбрасывает настройки после перезапуска","Игры","4085","532","6","3","3",""
"games-vulkan-igra-slow-response.mdx","keep","Vulkan игра: работает заметно медленнее обычного","Игры","4099","536","6","3","3",""
"games-vulkan-igra-update-loop.mdx","keep","Vulkan игра: застревает в цикле обновления","Игры","4097","538","6","3","3",""
"git-merge-conflict-resolve.mdx","keep","Git merge conflict: как разрешить конфликт слияния","Программирование","3966","518","6","4","3",""
"git-push-rejected.mdx","keep","git push rejected: как исправить ошибку отклонения отправки","Программирование","3941","509","6","4","3",""
"git-stash-conflict-resolve.mdx","keep","Git stash conflict: как разрешить конфликт при извлечении stash","Программирование","3963","521","6","4","3",""
"github-actions-ne-primenyayutsya-sekrety.mdx","keep","GitHub Actions: не применяются секреты — как исправить","DevOps и облака","3898","504","6","4","3",""
"github-actions-oshibka-dostupa.mdx","keep","GitHub Actions: ошибка доступа — как исправить","DevOps и облака","3890","503","6","4","3",""
"gitlab-ci-ne-primenyayutsya-sekrety.mdx","keep","GitLab CI: не применяются секреты — как исправить","DevOps и облака","3841","498","6","4","3",""
"gitlab-ci-oshibka-dostupa.mdx","keep","GitLab CI: ошибка доступа — как исправить","DevOps и облака","3833","497","6","4","3",""
"gmail-ne-otpravlyaet-pisma.mdx","keep","Gmail: не отправляет письма — как исправить","Электронная почта","3859","492","6","4","3",""
"gmail-ne-prinimaet-pisma.mdx","keep","Gmail: не принимает письма — как исправить","Электронная почта","3858","492","6","4","3",""
"gmail-oshibka-parolya.mdx","keep","Gmail: ошибка пароля — как исправить","Электронная почта","3852","491","6","4","3",""
"hardware-amd-radeon-disconnects-randomly.mdx","keep","AMD Radeon: самопроизвольно отключается","Оборудование","4005","495","6","4","4",""
"hardware-amd-radeon-driver-error.mdx","keep","AMD Radeon: ошибка драйвера","Оборудование","4046","504","6","4","4",""
"hardware-amd-radeon-firmware-update-failed.mdx","keep","AMD Radeon: ошибка обновления прошивки","Оборудование","4035","506","6","4","4",""
"hardware-amd-radeon-low-performance.mdx","keep","AMD Radeon: низкая производительность","Оборудование","4045","505","6","4","4",""
"hardware-amd-radeon-not-detected.mdx","keep","AMD Radeon: не определяется системой","Оборудование","4009","510","6","4","4",""
"hardware-bluetooth-adapter-access-denied.mdx","keep","Bluetooth адаптер: показывает отказ в доступе","Оборудование","4133","534","6","3","3",""
"hardware-bluetooth-adapter-crash-on-open.mdx","keep","Bluetooth адаптер: падает при открытии файла или проекта","Оборудование","4129","533","6","3","3",""
"hardware-bluetooth-adapter-does-not-start.mdx","keep","Bluetooth адаптер: не запускается после обновления","Оборудование","4104","530","6","3","3",""
"hardware-bluetooth-adapter-settings-reset.mdx","keep","Bluetooth адаптер: сбрасывает настройки после перезапуска","Оборудование","4135","529","6","3","3",""
"hardware-bluetooth-adapter-slow-response.mdx","keep","Bluetooth адаптер: работает заметно медленнее обычного","Оборудование","4149","533","6","3","3",""
"hardware-bluetooth-adapter-update-loop.mdx","keep","Bluetooth адаптер: застревает в цикле обновления","Оборудование","4147","535","6","3","3",""
"hardware-intel-wi-fi-adapter-disconnects-randomly.mdx","keep","Intel Wi-Fi Adapter: самопроизвольно отключается","Оборудование","4068","502","6","4","4",""
"hardware-intel-wi-fi-adapter-driver-error.mdx","keep","Intel Wi-Fi Adapter: ошибка драйвера","Оборудование","4109","511","6","4","4",""
"hardware-intel-wi-fi-adapter-firmware-update-failed.mdx","keep","Intel Wi-Fi Adapter: ошибка обновления прошивки","Оборудование","4098","513","6","4","4",""
"hardware-intel-wi-fi-adapter-low-performance.mdx","keep","Intel Wi-Fi Adapter: низкая производительность","Оборудование","4108","512","6","4","4",""
"hardware-intel-wi-fi-adapter-not-detected.mdx","keep","Intel Wi-Fi Adapter: не определяется системой","Оборудование","4072","517","6","4","4",""
"hardware-kuler-processora-access-denied.mdx","keep","кулер процессора: показывает отказ в доступе","Оборудование","4128","534","6","3","3",""
"hardware-kuler-processora-crash-on-open.mdx","keep","кулер процессора: падает при открытии файла или проекта","Оборудование","4124","533","6","3","3",""
"hardware-kuler-processora-does-not-start.mdx","keep","кулер процессора: не запускается после обновления","Оборудование","4099","530","6","3","3",""
"hardware-kuler-processora-settings-reset.mdx","keep","кулер процессора: сбрасывает настройки после перезапуска","Оборудование","4130","529","6","3","3",""
"hardware-kuler-processora-slow-response.mdx","keep","кулер процессора: работает заметно медленнее обычного","Оборудование","4144","533","6","3","3",""
"hardware-monitor-cherez-hdmi-access-denied.mdx","keep","монитор через HDMI: показывает отказ в доступе","Оборудование","4138","539","6","3","3",""
"hardware-monitor-cherez-hdmi-crash-on-open.mdx","keep","монитор через HDMI: падает при открытии файла или проекта","Оборудование","4134","538","6","3","3",""
"hardware-monitor-cherez-hdmi-does-not-start.mdx","keep","монитор через HDMI: не запускается после обновления","Оборудование","4109","535","6","3","3",""
"hardware-monitor-cherez-hdmi-settings-reset.mdx","keep","монитор через HDMI: сбрасывает настройки после перезапуска","Оборудование","4140","534","6","3","3",""
"hardware-monitor-cherez-hdmi-slow-response.mdx","keep","монитор через HDMI: работает заметно медленнее обычного","Оборудование","4154","538","6","3","3",""
"hardware-noutbuk-posle-sna-access-denied.mdx","keep","ноутбук после сна: показывает отказ в доступе","Оборудование","4133","539","6","3","3",""
"hardware-noutbuk-posle-sna-crash-on-open.mdx","keep","ноутбук после сна: падает при открытии файла или проекта","Оборудование","4129","538","6","3","3",""
"hardware-noutbuk-posle-sna-does-not-start.mdx","keep","ноутбук после сна: не запускается после обновления","Оборудование","4104","535","6","3","3",""
"hardware-noutbuk-posle-sna-settings-reset.mdx","keep","ноутбук после сна: сбрасывает настройки после перезапуска","Оборудование","4135","534","6","3","3",""
"hardware-noutbuk-posle-sna-slow-response.mdx","keep","ноутбук после сна: работает заметно медленнее обычного","Оборудование","4149","538","6","3","3",""
"hardware-noutbuk-posle-sna-update-loop.mdx","keep","ноутбук после сна: застревает в цикле обновления","Оборудование","4147","540","6","3","3",""
"hardware-nvidia-gpu-disconnects-randomly.mdx","keep","NVIDIA GPU: самопроизвольно отключается","Оборудование","4005","495","6","4","4",""
"hardware-nvidia-gpu-driver-error.mdx","keep","NVIDIA GPU: ошибка драйвера","Оборудование","4046","504","6","4","4",""
"hardware-nvidia-gpu-firmware-update-failed.mdx","keep","NVIDIA GPU: ошибка обновления прошивки","Оборудование","4035","506","6","4","4",""
"hardware-nvidia-gpu-low-performance.mdx","keep","NVIDIA GPU: низкая производительность","Оборудование","4045","505","6","4","4",""
"hardware-nvidia-gpu-not-detected.mdx","keep","NVIDIA GPU: не определяется системой","Оборудование","4009","510","6","4","4",""
"hardware-nvme-ssd-disconnects-randomly.mdx","keep","NVMe SSD: самопроизвольно отключается","Оборудование","3991","495","6","4","4",""
"hardware-nvme-ssd-driver-error.mdx","keep","NVMe SSD: ошибка драйвера","Оборудование","4032","504","6","4","4",""
"hardware-nvme-ssd-firmware-update-failed.mdx","keep","NVMe SSD: ошибка обновления прошивки","Оборудование","4021","506","6","4","4",""
"hardware-nvme-ssd-low-performance.mdx","keep","NVMe SSD: низкая производительность","Оборудование","4031","505","6","4","4",""
"hardware-nvme-ssd-not-detected.mdx","keep","NVMe SSD: не определяется системой","Оборудование","3995","510","6","4","4",""
"hardware-operativnaya-pamyat-access-denied.mdx","keep","оперативная память: показывает отказ в доступе","Оборудование","4138","534","6","3","3",""
"hardware-operativnaya-pamyat-crash-on-open.mdx","keep","оперативная память: падает при открытии файла или проекта","Оборудование","4134","533","6","3","3",""
"hardware-operativnaya-pamyat-does-not-start.mdx","keep","оперативная память: не запускается после обновления","Оборудование","4109","530","6","3","3",""
"hardware-operativnaya-pamyat-settings-reset.mdx","keep","оперативная память: сбрасывает настройки после перезапуска","Оборудование","4140","529","6","3","3",""
"hardware-operativnaya-pamyat-slow-response.mdx","keep","оперативная память: работает заметно медленнее обычного","Оборудование","4154","533","6","3","3",""
"hardware-operativnaya-pamyat-update-loop.mdx","keep","оперативная память: застревает в цикле обновления","Оборудование","4152","535","6","3","3",""
"hardware-setevoy-adapter-access-denied.mdx","keep","сетевой адаптер: показывает отказ в доступе","Оборудование","4123","534","6","3","3",""
"hardware-setevoy-adapter-crash-on-open.mdx","keep","сетевой адаптер: падает при открытии файла или проекта","Оборудование","4119","533","6","3","3",""
"hardware-setevoy-adapter-does-not-start.mdx","keep","сетевой адаптер: не запускается после обновления","Оборудование","4094","530","6","3","3",""
"hardware-setevoy-adapter-settings-reset.mdx","keep","сетевой адаптер: сбрасывает настройки после перезапуска","Оборудование","4125","529","6","3","3",""
"hardware-setevoy-adapter-slow-response.mdx","keep","сетевой адаптер: работает заметно медленнее обычного","Оборудование","4139","533","6","3","3",""
"hardware-setevoy-adapter-update-loop.mdx","keep","сетевой адаптер: застревает в цикле обновления","Оборудование","4137","535","6","3","3",""
"hardware-ssd-nakopitel-access-denied.mdx","keep","SSD накопитель: показывает отказ в доступе","Оборудование","4118","534","6","3","3",""
"hardware-ssd-nakopitel-crash-on-open.mdx","keep","SSD накопитель: падает при открытии файла или проекта","Оборудование","4114","533","6","3","3",""
"hardware-ssd-nakopitel-does-not-start.mdx","keep","SSD накопитель: не запускается после обновления","Оборудование","4089","530","6","3","3",""
"hardware-ssd-nakopitel-settings-reset.mdx","keep","SSD накопитель: сбрасывает настройки после перезапуска","Оборудование","4120","529","6","3","3",""
"hardware-ssd-nakopitel-slow-response.mdx","keep","SSD накопитель: работает заметно медленнее обычного","Оборудование","4134","533","6","3","3",""
"hardware-ssd-nakopitel-update-loop.mdx","keep","SSD накопитель: застревает в цикле обновления","Оборудование","4132","535","6","3","3",""
"hardware-tachpad-noutbuka-access-denied.mdx","keep","тачпад ноутбука: показывает отказ в доступе","Оборудование","4123","534","6","3","3",""
"hardware-tachpad-noutbuka-crash-on-open.mdx","keep","тачпад ноутбука: падает при открытии файла или проекта","Оборудование","4119","533","6","3","3",""
"hardware-tachpad-noutbuka-does-not-start.mdx","keep","тачпад ноутбука: не запускается после обновления","Оборудование","4094","530","6","3","3",""
"hardware-tachpad-noutbuka-settings-reset.mdx","keep","тачпад ноутбука: сбрасывает настройки после перезапуска","Оборудование","4125","529","6","3","3",""
"hardware-tachpad-noutbuka-slow-response.mdx","keep","тачпад ноутбука: работает заметно медленнее обычного","Оборудование","4139","533","6","3","3",""
"hardware-usb-c-dock-disconnects-randomly.mdx","keep","USB-C Dock: самопроизвольно отключается","Оборудование","4005","495","6","4","4",""
"hardware-usb-c-dock-driver-error.mdx","keep","USB-C Dock: ошибка драйвера","Оборудование","4046","504","6","4","4",""
"hardware-usb-c-dock-low-performance.mdx","keep","USB-C Dock: низкая производительность","Оборудование","4045","505","6","4","4",""
"hardware-usb-c-dock-not-detected.mdx","keep","USB-C Dock: не определяется системой","Оборудование","4009","510","6","4","4",""
"hardware-usb-ustroystvo-access-denied.mdx","keep","USB устройство: показывает отказ в доступе","Оборудование","4118","534","6","3","3",""
"hardware-usb-ustroystvo-crash-on-open.mdx","keep","USB устройство: падает при открытии файла или проекта","Оборудование","4114","533","6","3","3",""
"hardware-usb-ustroystvo-does-not-start.mdx","keep","USB устройство: не запускается после обновления","Оборудование","4089","530","6","3","3",""
"hardware-usb-ustroystvo-settings-reset.mdx","keep","USB устройство: сбрасывает настройки после перезапуска","Оборудование","4120","529","6","3","3",""
"hardware-usb-ustroystvo-slow-response.mdx","keep","USB устройство: работает заметно медленнее обычного","Оборудование","4134","533","6","3","3",""
"hardware-usb-ustroystvo-update-loop.mdx","keep","USB устройство: застревает в цикле обновления","Оборудование","4132","535","6","3","3",""
"hardware-veb-kamera-access-denied.mdx","keep","веб-камера: показывает отказ в доступе","Оборудование","4098","529","6","3","3",""
"hardware-veb-kamera-crash-on-open.mdx","keep","веб-камера: падает при открытии файла или проекта","Оборудование","4094","528","6","3","3",""
"hardware-veb-kamera-does-not-start.mdx","keep","веб-камера: не запускается после обновления","Оборудование","4069","525","6","3","3",""
"hardware-veb-kamera-settings-reset.mdx","keep","веб-камера: сбрасывает настройки после перезапуска","Оборудование","4100","524","6","3","3",""
"hardware-veb-kamera-slow-response.mdx","keep","веб-камера: работает заметно медленнее обычного","Оборудование","4114","528","6","3","3",""
"hardware-veb-kamera-update-loop.mdx","keep","веб-камера: застревает в цикле обновления","Оборудование","4112","530","6","3","3",""
"hardware-videokarta-pk-access-denied.mdx","keep","видеокарта ПК: показывает отказ в доступе","Оборудование","4113","534","6","3","3",""
"hardware-videokarta-pk-crash-on-open.mdx","keep","видеокарта ПК: падает при открытии файла или проекта","Оборудование","4109","533","6","3","3",""
"hardware-videokarta-pk-does-not-start.mdx","keep","видеокарта ПК: не запускается после обновления","Оборудование","4084","530","6","3","3",""
"hardware-videokarta-pk-settings-reset.mdx","keep","видеокарта ПК: сбрасывает настройки после перезапуска","Оборудование","4115","529","6","3","3",""
"hardware-videokarta-pk-slow-response.mdx","keep","видеокарта ПК: работает заметно медленнее обычного","Оборудование","4129","533","6","3","3",""
"hardware-videokarta-pk-update-loop.mdx","keep","видеокарта ПК: застревает в цикле обновления","Оборудование","4127","535","6","3","3",""
"hardware-zvukovaya-karta-access-denied.mdx","keep","звуковая карта: показывает отказ в доступе","Оборудование","4118","534","6","3","3",""
"hardware-zvukovaya-karta-crash-on-open.mdx","keep","звуковая карта: падает при открытии файла или проекта","Оборудование","4114","533","6","3","3",""
"hardware-zvukovaya-karta-does-not-start.mdx","keep","звуковая карта: не запускается после обновления","Оборудование","4089","530","6","3","3",""
"hardware-zvukovaya-karta-settings-reset.mdx","keep","звуковая карта: сбрасывает настройки после перезапуска","Оборудование","4120","529","6","3","3",""
"hardware-zvukovaya-karta-slow-response.mdx","keep","звуковая карта: работает заметно медленнее обычного","Оборудование","4134","533","6","3","3",""
"hardware-zvukovaya-karta-update-loop.mdx","keep","звуковая карта: застревает в цикле обновления","Оборудование","4132","535","6","3","3",""
"hdd-medlenno-kopiruet-fayly.mdx","keep","HDD: медленно копирует файлы — как исправить","Хранилища и файлы","3818","491","6","4","4",""
"hdd-ne-montiruetsya.mdx","keep","HDD: не монтируется — как исправить","Хранилища и файлы","3809","490","6","4","4",""
"hdd-ne-opredelyaetsya.mdx","keep","HDD: не определяется — как исправить","Хранилища и файлы","3810","490","6","4","4",""
"hdd-net-dostupa-k-papke.mdx","keep","HDD: нет доступа к папке — как исправить","Хранилища и файлы","3814","492","6","4","4",""
"hdd-oshibka-vvoda-vyvoda.mdx","keep","HDD: ошибка ввода вывода — как исправить","Хранилища и файлы","3814","491","6","4","4",""
"hdd-povrezhdena-faylovaya-sistema.mdx","keep","HDD: повреждена файловая система — как исправить","Хранилища и файлы","3822","491","6","4","4",""
"hdd-prosit-formatirovat.mdx","keep","HDD: просит форматировать — как исправить","Хранилища и файлы","3815","490","6","4","4",""
"hdmi-audio-hripit-zvuk.mdx","keep","HDMI audio: хрипит звук — как исправить","Аудио и видео","3912","501","6","4","3",""
"hdmi-audio-mikrofon-ne-rabotaet.mdx","keep","HDMI audio: микрофон не работает — как исправить","Аудио и видео","3921","502","6","4","3",""
"hdmi-audio-net-zvuka.mdx","keep","HDMI audio: нет звука — как исправить","Аудио и видео","3910","501","6","4","3",""
"hp-printer-ne-pechataet.mdx","keep","HP printer: не печатает — как исправить","Принтеры и сканеры","3930","504","6","4","2",""
"hp-printer-ne-skaniruet.mdx","keep","HP printer: не сканирует — как исправить","Принтеры и сканеры","3931","504","6","4","2",""
"hp-printer-ne-vidit-kartridzh.mdx","keep","HP printer: не видит картридж — как исправить","Принтеры и сканеры","3936","505","6","4","2",""
"hp-printer-pechataet-pustye-listy.mdx","keep","HP printer: печатает пустые листы — как исправить","Принтеры и сканеры","3940","505","6","4","2",""
"hp-printer-zastryala-ochered.mdx","keep","HP printer: застряла очередь — как исправить","Принтеры и сканеры","3935","504","6","4","2",""
"hyper-v-ne-rabotaet-obschiy-bufer.mdx","keep","Hyper-V: не работает общий буфер — как исправить","Виртуализация","3927","498","6","4","3",""
"hyper-v-ne-zapuskaet-virtualnuyu-mashinu.mdx","keep","Hyper-V: не запускает виртуальную машину — как исправить","Виртуализация","3935","498","6","4","3",""
"hyper-v-net-apparatnoy-virtualizatsii.mdx","keep","Hyper-V: нет аппаратной виртуализации — как исправить","Виртуализация","3932","497","6","4","3",""
"hyper-v-nizkaya-proizvoditelnost.mdx","keep","Hyper-V: низкая производительность — как исправить","Виртуализация","3938","494","6","4","3",""
"igry-black-screen-reshenie-problemy-chernogo-ekrana-logitech-klaviatury.mdx","keep","Решение проблемы черного экрана Logitech клавиатуры","Игры","4061","522","6","4","3",""
"igry-cod-crash-pc-kak-ispravit-vylety-call-of-duty-warzone-i-drugih-igr-serii-na-pk.mdx","keep","Как исправить вылеты Call of Duty: Warzone и других игр серии на ПК","Игры","10428","1388","8","4","4",""
"igry-cod-launch-fail-001-chto-delat-esli-call-of-duty-ne-zapuskaetsya-na-pk.mdx","keep","Что делать, если Call of Duty не запускается на ПК","Игры","7988","1039","6","3","3",""
"igry-exception-access-violation-d3d12rhi-reshenie-problemy-s-chernym-ekranom-pri-zapuske-satisfa.mdx","keep","Решение проблемы с черным экраном при запуске Satisfactory","Игры","12481","1648","7","4","4",""
"igry-geimpad-ne-rabotaet-v-igre-na-pk-polnoe-rukovodstvo-po-resheniyu-problem.mdx","keep","Геймпад не работает в игре на ПК: полное руководство по решению проблем","Игры","4590","610","6","4","4",""
"igry-gfx-opengl-001-kak-ispravit-problemu-s-nerabotayuschei-grafikoi-opengl-v-igrah.mdx","keep","Как исправить проблему с неработающей графикой OpenGL в играх","Игры","4173","543","6","4","2",""
"igry-nvidia-driver-init-failed-nvapi-access-denied-kak-ispravit-oshibku-initsializatsii-draivera.mdx","keep","Как исправить ошибку инициализации драйвера NVIDIA и проблемы с играми","Игры","6888","910","6","4","4",""
"igry-nvidia-game-error-generic-reshenie-problem-s-igrami-svyazannyh-s-videokartami-nvidia-i-tehn.mdx","keep","Решение проблем с играми, связанных с видеокартами NVIDIA и техническими ошибками","Игры","4472","576","6","3","3",""
"igry-nvidia-vram-out-of-memory-kak-ispravit-oshibku-nedostatochno-videopamyati-dlya-videokart-nv.mdx","keep","Как исправить ошибку «Недостаточно видеопамяти» для видеокарт NVIDIA","Игры","9642","1275","6","4","4",""
"igry-opengl-controller-error-game-ustranenie-problem-s-opengl-v-igrah-reshenie-dlya-videokart-i.mdx","keep","Устранение проблем с OpenGL в играх: решение для видеокарт и эмуляторов","Игры","4357","563","6","3","3",""
"igry-opengl-fps-low-old-games-kak-uluchshit-proizvoditelnost-opengl-v-staryh-igrah-s-pomoschyu-p.mdx","keep","Как улучшить производительность OpenGL в старых играх с помощью патчей","Игры","4773","623","6","4","2",""
"igry-rimworld-crash-fix-latest-kak-ustranit-vylety-rimworld-poshagovoe-rukovodstvo.mdx","keep","Как устранить вылеты RimWorld: пошаговое руководство","Игры","3977","510","6","4","3",""
"igry-rimworld-crash-on-startup-rimworld-zavisaet-na-etape-initsializatsii-ili-vydaet-chernyi-ekr.mdx","keep","RimWorld зависает на этапе инициализации или выдает черный экран при запуске: решение проблемы","Игры","4274","558","6","4","4",""
"igry-rimworld-failed-to-start-ispravlenie-oshibki-zapuska-rimworld.mdx","keep","Исправление ошибки запуска RimWorld","Игры","4168","534","6","4","3",""
"igry-rimworld-mod-errors-ustranenie-oshibok-i-sboev-v-rimworld-svyazannyh-s-modami.mdx","keep","Устранение ошибок и сбоев в RimWorld, связанных с модами","Игры","4060","532","6","4","4",""
"igry-satisfactory-crash-1-1-ustranenie-sboev-i-vyletov-v-igre-satisfactory-posle-obnovleniya-1-1.mdx","keep","Устранение сбоев и вылетов в игре Satisfactory после обновления 1.1","Игры","4189","548","6","4","4",""
"igry-satisfactory-launch-crash-error-satisfactory-vyletaet-ili-ne-zapuskaetsya-kak-ispravit-oshi.mdx","keep","Satisfactory вылетает или не запускается: как исправить ошибки запуска","Игры","4019","517","6","4","3",""
"igry-satisfactory-launch-error-after-update-satisfactory-ne-zapuskaetsya-posle-obnovleniya-kak-i.mdx","keep","Satisfactory не запускается после обновления: как исправить ошибку","Игры","4092","519","6","4","3",""
"igry-ustranenie-obschih-tehnicheskih-problem-v-igrah-s-pomoschyu-patchei.mdx","keep","Устранение общих технических проблем в играх с помощью патчей","Игры","4049","531","6","4","3",""
"illustrator-chernyy-ekran.mdx","keep","Illustrator: черный экран — как исправить","Дизайн и графика","3963","505","6","4","2",""
"illustrator-ne-otobrazhayutsya-shrifty.mdx","keep","Illustrator: не отображаются шрифты — как исправить","Дизайн и графика","3973","506","6","4","2",""
"illustrator-ne-sohranyaet-fayl.mdx","keep","Illustrator: не сохраняет файл — как исправить","Дизайн и графика","3968","506","6","4","2",""
"illustrator-ne-zapuskaetsya.mdx","keep","Illustrator: не запускается — как исправить","Дизайн и графика","3955","503","6","4","2",""
"illustrator-vyletaet-pri-eksporte.mdx","keep","Illustrator: вылетает при экспорте — как исправить","Дизайн и графика","3946","504","6","4","2",""
"ipad-ne-prihodyat-uvedomleniya.mdx","keep","iPad: не приходят уведомления — как исправить","Мобильные устройства","3891","492","6","4","3",""
"ipad-ne-rabotaet-sinhronizatsiya.mdx","keep","iPad: не работает синхронизация — как исправить","Мобильные устройства","3893","492","6","4","3",""
"ipad-ne-ustanavlivaetsya-prilozhenie.mdx","keep","iPad: не устанавливается приложение — как исправить","Мобильные устройства","3897","492","6","4","3",""
"ipad-oshibka-avtorizatsii.mdx","keep","iPad: ошибка авторизации — как исправить","Мобильные устройства","3886","491","6","4","3",""
"iphone-bystro-razryazhaetsya-batareya.mdx","keep","iPhone: быстро разряжается батарея — как исправить","Мобильные устройства","3914","492","6","4","3",""
"iphone-ne-prihodyat-uvedomleniya.mdx","keep","iPhone: не приходят уведомления — как исправить","Мобильные устройства","3911","492","6","4","3",""
"iphone-ne-rabotaet-kamera.mdx","keep","iPhone: не работает камера — как исправить","Мобильные устройства","3906","492","6","4","3",""
"iphone-ne-rabotaet-sinhronizatsiya.mdx","keep","iPhone: не работает синхронизация — как исправить","Мобильные устройства","3913","492","6","4","3",""
"iphone-ne-ustanavlivaetsya-prilozhenie.mdx","keep","iPhone: не устанавливается приложение — как исправить","Мобильные устройства","3917","492","6","4","3",""
"iphone-oshibka-avtorizatsii.mdx","keep","iPhone: ошибка авторизации — как исправить","Мобильные устройства","3906","491","6","4","3",""
"iphone-zavisaet-obnovlenie.mdx","keep","iPhone: зависает обновление — как исправить","Мобильные устройства","3907","491","6","4","3",""
"java-jdk-not-found-fix.mdx","keep","Java/JDK не найдена: настройка JAVA_HOME","Программирование","3847","500","6","4","4",""
"konditsioner-ne-holodit-prichiny-i-kak-ispravit.mdx","keep","Кондиционер не холодит: причины и способы устранения","Кондиционеры и обогрев","3564","457","6","4","4",""
"kubernetes-crashloopbackoff-fix.mdx","keep","Kubernetes Pod CrashLoopBackOff: как исправить бесконечный перезапуск","DevOps и облака","3931","500","6","4","3",""
"lg-microwave-iskrit-vnutri.mdx","keep","LG microwave: искрит внутри — как исправить","Микроволновки и духовки","3524","456","6","4","3",""
"lg-microwave-ne-greet.mdx","keep","LG microwave: не греет — как исправить","Микроволновки и духовки","3495","452","6","4","3",""
"lg-microwave-ne-krutitsya-tarelka.mdx","keep","LG microwave: не крутится тарелка — как исправить","Микроволновки и духовки","3530","457","6","4","3",""
"lg-microwave-ne-rabotaet-gril.mdx","keep","LG microwave: не работает гриль — как исправить","Микроволновки и духовки","3528","457","6","4","3",""
"lg-microwave-ne-vklyuchaetsya.mdx","keep","LG microwave: не включается — как исправить","Микроволновки и духовки","3526","454","6","4","3",""
"lg-microwave-pokazyvaet-kod-oshibki.mdx","keep","LG microwave: показывает код ошибки — как исправить","Микроволновки и духовки","3544","457","6","4","3",""
"lg-refrigerator-ne-morozit.mdx","keep","LG refrigerator: не морозит — как исправить","Холодильники","3546","450","6","4","3",""
"lg-refrigerator-ne-otklyuchaetsya-kompressor.mdx","keep","LG refrigerator: не отключается компрессор — как исправить","Холодильники","3561","451","6","4","3",""
"lg-refrigerator-pischit-signal.mdx","keep","LG refrigerator: пищит сигнал — как исправить","Холодильники","3548","450","6","4","3",""
"lg-refrigerator-pokazyvaet-oshibku-datchika.mdx","keep","LG refrigerator: показывает ошибку датчика — как исправить","Холодильники","3561","451","6","4","3",""
"lg-refrigerator-silno-shumit.mdx","keep","LG refrigerator: сильно шумит — как исправить","Холодильники","3527","444","6","4","3",""
"lg-refrigerator-techet-voda.mdx","keep","LG refrigerator: течет вода — как исправить","Холодильники","3546","450","6","4","3",""
"lg-tv-ne-rabotaet-pult.mdx","keep","LG TV: не работает пульт — как исправить","Телевизоры и аудио","3540","460","6","4","3",""
"lg-tv-net-izobrazheniya.mdx","keep","LG TV: нет изображения — как исправить","Телевизоры и аудио","3538","459","6","4","3",""
"lg-tv-net-zvuka.mdx","keep","LG TV: нет звука — как исправить","Телевизоры и аудио","3532","459","6","4","3",""
"lg-washing-machine-ne-nabiraet-vodu.mdx","keep","LG washing machine: не набирает воду — как исправить","Стиральные машины","3525","457","6","4","3",""
"lg-washing-machine-ne-otzhimaet.mdx","keep","LG washing machine: не отжимает — как исправить","Стиральные машины","3520","456","6","4","3",""
"lg-washing-machine-ne-slivaet-vodu.mdx","keep","LG washing machine: не сливает воду — как исправить","Стиральные машины","3519","458","6","4","3",""
"lg-washing-machine-oshibka-dvertsy.mdx","keep","LG washing machine: ошибка дверцы — как исправить","Стиральные машины","3522","456","6","4","3",""
"lg-washing-machine-pokazyvaet-kod-oshibki.mdx","keep","LG washing machine: показывает код ошибки — как исправить","Стиральные машины","3542","457","6","4","3",""
"lg-washing-machine-silno-vibriruet.mdx","keep","LG washing machine: сильно вибрирует — как исправить","Стиральные машины","3525","456","6","4","3",""
"linux-app-damaged-fix-ustranenie-oshibki-povrezhdennogo-prilozheniya-v-fedora-linux.mdx","keep","Устранение ошибки поврежденного приложения в Fedora Linux","Linux","4018","514","6","4","3",""
"linux-application-damaged-fedora-kak-ispravit-oshibku-prilozhenie-povrezhdeno-v-fedora-linux.mdx","keep","Устранение ошибки «Приложение повреждено» в Fedora Linux","Linux","4279","549","6","4","3",""
"linux-apt-package-error-kak-ispravit-oshibki-pri-rabote-s-paketami-v-debian-i-linux-sistemah.mdx","keep","Как исправить ошибки при работе с пакетами в Debian и Linux-системах","Linux","4089","543","6","4","2",""
"linux-arch-boot-failure-diagnostika-i-ustranenie-problem-pri-zagruzke-arch-linux.mdx","keep","Как устранить ошибки загрузки в Arch Linux","Linux","3925","515","6","4","3",""
"linux-arch-cmd-not-found-ispravlenie-oshibki-command-not-found-v-arch-linux.mdx","keep","Исправление ошибки «command not found» в Manjaro Linux","Linux","4130","542","6","4","3",""
"linux-arch-generic-troubleshooting-osnovy-raboty-s-arch-linux-podhod-k-resheniyu-potentsialnyh-s.mdx","keep","Основы работы с Arch Linux: Подход к решению потенциальных сложностей","Linux","4109","536","6","3","2",""
"linux-arch-generic-troubleshooting-ustranenie-tipichnyh-problem-i-oshibok-v-arch-linux.mdx","keep","Устранение типичных проблем и ошибок в Arch Linux","Linux","3956","521","6","4","3",""
"linux-arch-linux-boot-failure-post-update-chto-delat-esli-arch-linux-perestal-zagruzhatsya-posle.mdx","keep","Что делать, если Arch Linux перестал загружаться после обновления","Linux","4075","529","6","4","3",""
"linux-arch-linux-boot-failure-ustranenie-oshibok-zagruzki-v-arch-linux.mdx","keep","Устранение ошибок загрузки в Arch Linux","Linux","3926","512","6","4","3",""
"linux-arch-linux-package-error-ustranenie-oshibok-raboty-s-paketami-v-arch-linux.mdx","keep","Устранение ошибок работы с пакетами в Arch Linux","Linux","3981","525","6","4","3",""
"linux-arch-linux-system-errors-kak-ustranit-oshibki-v-rabote-arch-linux.mdx","keep","Как самостоятельно диагностировать и исправить ошибки в Arch Linux","Linux","4057","526","6","4","3",""
"linux-arch-linux-update-instability-osobennosti-obnovlenii-v-distributivah-na-baze-arch-linux-i.mdx","keep","Особенности обновлений в дистрибутивах на базе Arch Linux и потенциальные причины проблем","Linux","4386","569","6","3","2",""
"linux-arch-package-error-ustranenie-oshibok-paketov-v-arch-linux.mdx","keep","Устранение ошибок пакетов в Arch Linux","Linux","3908","512","6","4","3",""
"linux-arch-service-start-issue-001-ponimanie-raboty-sluzhb-v-arch-linux-obzor-bazovyh-komponento.mdx","keep","Понимание работы служб в Arch Linux: обзор базовых компонентов системы","Linux","4033","532","6","3","2",""
"linux-archlinuxbooterror-diagnostika-problem-s-operativnoi-pamyatyu-pri-oshibkah-zagruzki-arch-l.mdx","keep","Диагностика проблем с оперативной памятью при ошибках загрузки Arch Linux","Linux","4779","630","6","4","3",""
"linux-boot-and-env-path-error-ustranenie-oshibki-zagruzki-manjaro-i-problem-s-peremennymi-okruzh.mdx","keep","Устранение ошибки загрузки Manjaro и проблем с переменными окружения","Linux","4398","574","6","4","4",""
"linux-boot-error-debian-kak-ispravit-oshibki-zagruzki-v-debian-i-osnovannyh-na-nem-distributivah.mdx","keep","Как исправить ошибки загрузки в Debian и основанных на нем дистрибутивах","Linux","4116","540","6","4","2",""
"linux-boot-failure-debian-ustranenie-problem-s-zagruzkoi-v-debian-i-osnovannyh-na-nem-distributi.mdx","keep","Устранение проблем с загрузкой в Debian и основанных на нем дистрибутивах","Linux","4146","543","6","4","2",""
"linux-boot-failure-ustranenie-problem-s-zagruzkoi-v-arch-linux.mdx","keep","Устранение проблем с загрузкой в Arch Linux","Linux","4001","524","6","4","2",""
"linux-brew-debian-compatibility-error-ustranenie-oshibok-homebrew-v-debian-podobnyh-sistemah.mdx","keep","Устранение ошибок Homebrew в Debian-подобных системах","Linux","4000","513","6","4","4",""
"linux-brew-error-arch-ustranenie-problem-s-homebrew-v-arch-linux.mdx","keep","Устранение проблем с Homebrew в Arch Linux","Linux","3953","520","6","4","3",""
"linux-brew-error-ubuntu-kak-ispravit-oshibki-homebrew-brew-na-ubuntu.mdx","keep","Как исправить ошибки Homebrew (Brew) на Ubuntu","Linux","4162","543","6","4","4",""
"linux-cargo-binstall-dns-manjaro-ustranenie-problem-s-setevymi-zaprosami-cargo-binstall-v-manjar.mdx","keep","Устранение проблем с сетевыми запросами cargo-binstall в Manjaro Linux из-за ошибок DNS","Linux","4346","564","6","4","2",""
"linux-command-not-found-kak-ispravit-oshibku-command-not-found-v-debian.mdx","keep","Исправление ошибки «command not found» в Fedora Linux","Linux","4147","545","6","4","3",""
"linux-command-not-found-kak-ispravit-oshibku-command-not-found-v-manjaro-linux.mdx","keep","Как исправить ошибку «command not found» в Fedora","Linux","4123","545","6","4","3",""
"linux-command-not-found-ubuntu-ispravlenie-oshibki-command-not-found-v-ubuntu.mdx","keep","Как исправить ошибку 'command not found' в Ubuntu","Linux","4022","529","6","4","3",""
"linux-deb-pkg-err-ustranenie-oshibok-ustanovki-i-obnovleniya-paketov-v-debian.mdx","keep","Устранение ошибок установки и обновления пакетов в Debian","Linux","4033","526","6","4","2",""
"linux-deb-pkg-error-kak-ispravit-oshibki-pri-rabote-s-paketami-v-debian.mdx","keep","Как исправить ошибки при работе с пакетами в Debian","Linux","3983","528","6","4","3",""
"linux-debian-acpi-sata-boot-errors-ispravlenie-oshibok-acpi-i-sata-pri-zagruzke-debian-13.mdx","keep","Исправление ошибок ACPI и SATA при загрузке Debian 13","Linux","4330","574","6","4","4",""
"linux-debian-boot-error-fix-ispravlenie-oshibki-zagruzki-debian-posle-zameny-diska-ili-sboya-uef.mdx","keep","Исправление ошибки загрузки Debian после замены диска или сбоя UEFI","Linux","4315","567","6","4","3",""
"linux-debian-boot-error-fix-ispravlenie-oshibki-zagruzki-debian.mdx","keep","Исправление ошибки загрузки Debian","Linux","3901","500","6","3","2",""
"linux-debian-boot-error-ustranenie-oshibok-zagruzki-debian.mdx","keep","Устранение ошибок загрузки Debian","Linux","3929","504","6","3","2",""
"linux-debian-build-packaging-error-001-ustranenie-tipichnyh-oshibok-pri-sborke-i-ustanovke-progr.mdx","keep","Устранение типичных ошибок при сборке и установке программ на Debian (проблемы сборки и Homebrew-подобных систем)","Linux","4420","573","6","4","2",""
"linux-debian-command-not-found-kak-ispravit-oshibku-command-not-found-v-debian.mdx","keep","Как исправить ошибку ""command not found"" в Debian","Linux","4083","533","6","3","3",""
"linux-debian-config-001-kak-ispravit-oshibki-konfiguratsii-paketov-v-debian-s-pomoschyu-debconf.mdx","keep","Как исправить ошибки конфигурации пакетов в Debian с помощью debconf","Linux","4191","542","6","3","3",""
"linux-debian-package-error-ispravlenie-oshibok-pri-rabote-s-paketami-v-debian.mdx","keep","Как исправить ошибки пакетов в Debian и производных дистрибутивах Linux","Linux","4200","544","6","3","3",""
"linux-debian-systemd-issue-reshenie-problem-s-systemd-v-debian.mdx","keep","Решение проблем с systemd в Debian","Linux","3985","521","6","4","2",""
"linux-debian-update-fail-ustranenie-problem-s-debian-posle-obnovleniya.mdx","keep","Устранение проблем с Debian после обновления","Linux","4001","517","6","3","3",""
"linux-debian-update-failure-reshenie-problem-s-debian-posle-obnovleniya.mdx","keep","Что делать, если Debian перестал работать после обновления","Linux","4111","534","6","3","3",""
"linux-dnf-package-error-ustranenie-problem-s-paketami-v-fedora-linux.mdx","keep","Устранение проблем с установкой и обновлением пакетов в Fedora","Linux","4083","535","6","4","2",""
"linux-failed-start-gdm-service-ispravlyaem-oshibku-failed-to-start-gdm-service-pri-zagruzke-ubun.mdx","keep","Исправляем ошибку «Failed to start gdm.service» при загрузке Ubuntu","Linux","4206","543","6","4","4",""
"linux-fedora-boot-error-kak-ispravit-oshibku-zagruzki-fedora.mdx","keep","Как исправить ошибку загрузки Fedora","Linux","3964","511","6","4","3",""
"linux-fedora-boot-failure-after-update-chto-delat-esli-fedora-linux-ne-zagruzhaetsya-posle-obnov.mdx","keep","Что делать, если Fedora Linux не загружается после обновления","Linux","4049","530","6","4","2",""
"linux-fedora-boot-failure-kak-ispravit-oshibki-zagruzki-v-fedora-linux.mdx","keep","Как исправить ошибки загрузки в Fedora Linux","Linux","4003","523","6","4","3",""
"linux-fedora-boot-failure-post-update-chto-delat-esli-fedora-linux-ne-zapuskaetsya-posle-obnovle.mdx","keep","Что делать, если Fedora Linux не запускается после обновления","Linux","4069","531","6","4","3",""
"linux-fedora-brew-error-ispravlenie-oshibok-homebrew-brew-v-fedora-linux.mdx","keep","Исправление ошибок Homebrew (Brew) в Fedora Linux","Linux","4003","522","6","3","2",""
"linux-fedora-failed-to-start-service-ustranenie-oshibki-fedora-ne-mozhet-zapustit-sluzhbu.mdx","keep","Устранение ошибки: Fedora не может запустить службу","Linux","3864","498","6","4","3",""
"linux-fedora-gui-wayland-issues-ustranenie-nepoladok-s-graficheskim-interfeisom-v-fedora.mdx","keep","Устранение неполадок с графическим интерфейсом в Fedora","Linux","4066","520","6","4","3",""
"linux-fedora-kernel-crash-ustranenie-oshibok-yadra-kernel-error-v-fedora-linux.mdx","keep","Устранение ошибок ядра (Kernel Error) в Fedora Linux","Linux","4017","525","6","4","2",""
"linux-fedora-kernel-error-ustranenie-problem-s-yadrom-v-fedora-linux.mdx","keep","Устранение проблем с ядром в Fedora Linux","Linux","3961","521","6","4","2",""
"linux-fedora-package-error-ustranenie-oshibok-pri-ustanovke-i-obnovlenii-paketov-v-fedora.mdx","keep","Устранение ошибок при установке и обновлении пакетов в Fedora","Linux","4111","537","6","3","2",""
"linux-fedora-package-error-ustranenie-problem-s-paketami-v-fedora.mdx","keep","Устранение проблем с пакетами в Fedora","Linux","3907","511","6","4","2",""
"linux-fedora-package-manager-error-ustranenie-oshibok-raboty-s-repozitoriyami-v-fedora.mdx","keep","Устранение ошибок работы с репозиториями в Fedora","Linux","4006","523","6","4","3",""
"linux-fedora-selinux-app-damaged-ispravlenie-oshibki-povrezhdennogo-prilozheniya-na-fedora-svyaz.mdx","keep","Исправление ошибки 'поврежденного' приложения на Fedora, связанной с SELinux (MAC)","Linux","4268","547","6","4","3",""
"linux-fedora-wayland-issue-ustranenie-problem-s-graficheskim-serverom-wayland-v-fedora.mdx","keep","Устранение проблем с графическим сервером Wayland в Fedora","Linux","4073","523","6","4","3",""
"linux-fedora-wayland-issues-ustranenie-problem-s-graficheskim-interfeisom-v-fedora-wayland.mdx","keep","Устранение проблем с графическим интерфейсом в Fedora (Wayland)","Linux","4088","528","6","4","3",""
"linux-kak-ispravit-oshibki-ili-izmenit-nastroiki-paketov-v-debian-s-pomoschyu-debconf.mdx","keep","Как исправить ошибки или изменить настройки пакетов в Debian с помощью Debconf","Linux","4260","556","6","4","2",""
"linux-kernel-crash-ubuntu-ustranenie-oshibok-yadra-v-ubuntu-diagnostika-i-ispravlenie.mdx","keep","Устранение ошибок ядра в Ubuntu: диагностика и исправление","Linux","3943","514","6","3","2",""
"linux-kernel-error-debian-ustranenie-oshibok-yadra-linux-v-debian.mdx","keep","Устранение ошибок ядра Linux в Debian","Linux","3951","516","6","3","2",""
"linux-kernel-panic-arch-linux-ustranenie-kriticheskih-oshibok-yadra-v-arch-linux.mdx","keep","Устранение критических ошибок ядра в Arch Linux","Linux","3943","515","6","4","2",""
"linux-kernel-panic-arch-ustranenie-oshibok-yadra-v-arch-linux.mdx","keep","Устранение ошибок ядра Linux в Arch Linux","Linux","4032","528","6","3","2",""
"linux-kernel-panic-debian-ustranenie-oshibok-yadra-kernel-v-debian-i-proizvodnyh-distributivah.mdx","keep","Устранение ошибок ядра (Kernel) в Debian и производных дистрибутивах","Linux","4124","533","6","4","2",""
"linux-kernel-panic-fedora-kak-ustranit-oshibki-yadra-linux-v-fedora.mdx","keep","Устранение ошибок ядра в Fedora Linux","Linux","3907","513","6","4","2",""
"linux-kernel-panic-not-syncing-vfs-unable-to-mount-root-fs-on-unknown-block-0-0-kak-ispravit-osh.mdx","keep","Исправление ошибки Kernel Panic при загрузке Ubuntu после обновления ядра","Linux","4279","555","6","4","4",""
"linux-kernel-panic-vfs-unable-to-mount-root-fs-ispravlenie-oshibki-kernel-panic-not-syncing-vfs.mdx","keep","Исправление ошибки ""Kernel Panic - not syncing: VFS: Unable to mount root fs on unknown-block(0,0)"" в Ubuntu","Linux","5815","776","6","3","2",""
"linux-linux-boot-failure-ustranenie-problem-s-zagruzkoi-debian-i-linux-sistem.mdx","keep","Устранение проблем с загрузкой Debian и Linux-систем","Linux","4003","517","6","4","2",""
"linux-linux-kernel-drm-error-kak-ustranit-oshibki-yadra-i-graficheskogo-podsistemy-drm-v-ubuntu.mdx","keep","Как устранить ошибки ядра и графического подсистемы (DRM) в Ubuntu","Linux","4077","534","6","4","2",""
"linux-mac-app-damaged-fix-debian-ispravlenie-oshibki-mac-app-damaged-v-debian.mdx","keep","Исправление ошибки ""mac app damaged"" в Debian","Linux","4090","533","6","4","3",""
"linux-manjaro-boot-env-error-ustranenie-problem-s-zagruzkoi-i-okruzheniem-v-manjaro-linux.mdx","keep","Исправление ошибки запуска Manjaro: проблемы с загрузкой и окружением","Linux","4092","519","6","4","4",""
"linux-manjaro-service-network-fail-ustranenie-problem-s-zapuskom-sluzhb-i-setevymi-oshibkami-v-m.mdx","keep","Устранение проблем с запуском служб и сетевыми ошибками в Manjaro Linux","Linux","4162","547","6","4","4",""
"linux-manjaro-service-start-failure-kak-ispravit-problemu-s-zapuskom-sluzhb-v-manjaro-linux.mdx","keep","Как исправить проблему с запуском служб в Manjaro Linux","Linux","4021","527","6","4","4",""
"linux-manjarocommandnotfound-kak-ispravit-oshibku-command-not-found-v-manjaro.mdx","keep","Как исправить ошибку 'command not found' в Manjaro","Linux","4140","544","6","3","2",""
"linux-manjarogeneraltroubleshooting-obschie-rekomendatsii-po-ustraneniyu-nepoladok-v-manjaro-lin.mdx","keep","Общие рекомендации по устранению неполадок в Manjaro Linux","Linux","4030","520","6","3","2",""
"linux-missing-required-command-ustranenie-oshibki-missing-required-command-pri-ustanovke-po-v-li.mdx","keep","Устранение ошибки «Missing required command» при установке ПО в Linux и macOS","Linux","4282","561","6","4","3",""
"linux-obsluzhivanie-i-obnovlenie-yadra-linux-v-debian-podobnyh-sistemah-dlya-predotvrascheniya-o.mdx","keep","Обслуживание и обновление ядра Linux в Debian-подобных системах для предотвращения ошибок","Linux","4216","539","6","3","3",""
"linux-permission-denied-kak-ispravit-oshibku-permission-denied-v-debian.mdx","keep","Как исправить ошибку «Permission denied» в Debian","Linux","4139","533","6","4","3",""
"linux-permission-denied-ubuntu-ispravlenie-oshibki-permission-denied-v-ubuntu.mdx","keep","Исправление ошибки «Permission denied» в Ubuntu","Linux","4129","528","6","4","2",""
"linux-service-fail-to-start-on-boot-ispravlenie-zapuska-servisov-v-debian-pri-zagruzke-sistemy.mdx","keep","Исправление запуска сервисов в Debian при загрузке системы","Linux","4205","545","6","4","4",""
"linux-service-start-failure-ustranenie-oshibok-zapuska-sluzhb-v-arch-linux.mdx","keep","Устранение ошибок запуска служб в Arch Linux","Linux","3969","521","6","4","3",""
"linux-service-start-failure-ustranenie-oshibok-zapuska-sluzhb-v-debian.mdx","keep","Устранение ошибок запуска служб в Debian","Linux","3958","518","6","4","3",""
"linux-service-start-failure-ustranenie-oshibok-zapuska-sluzhb-v-ubuntu.mdx","keep","Устранение ошибок запуска служб в Ubuntu","Linux","3966","518","6","4","3",""
"linux-system-program-error-kak-ispravit-oshibku-obnaruzhena-oshibka-v-sistemnoi-programme-v-ubun.mdx","keep","Как исправить ошибку «Обнаружена ошибка в системной программе» в Ubuntu","Linux","4234","550","6","4","4",""
"linux-systemd-service-fail-ustranenie-oshibki-zapuska-sistemnyh-sluzhb-v-arch-linux.mdx","keep","Устранение ошибки запуска служб в Arch Linux","Linux","3988","525","6","4","3",""
"linux-ubuntu-boot-error-fix-ispravlenie-oshibok-zagruzki-ubuntu.mdx","keep","Исправление ошибок загрузки Ubuntu","Linux","3921","503","6","4","4",""
"linux-ubuntu-boot-error-kak-ispravit-oshibku-zagruzki-ubuntu.mdx","keep","Как исправить ошибку загрузки Ubuntu","Linux","4733","615","6","4","4",""
"linux-ubuntu-boot-failure-after-update-ubuntu-ne-zagruzhaetsya-posle-obnovleniya-ustranyaem-prob.mdx","keep","Ubuntu не загружается после обновления: устраняем проблему","Linux","4081","522","6","4","4",""
"linux-ubuntu-boot-ram-diag-diagnostika-oshibok-zagruzki-ubuntu-proverka-operativnoi-pamyati.mdx","keep","Диагностика ошибок загрузки Ubuntu: Проверка оперативной памяти","Linux","4027","518","6","3","2",""
"linux-ubuntu-brew-build-error-ispravlenie-oshibki-sborki-v-ubuntu-pri-ispolzovanii-homebrew.mdx","keep","Исправление ошибки сборки в Ubuntu при использовании Homebrew","Linux","5525","712","6","4","4",""
"linux-ubuntu-command-not-found-kak-ispravit-oshibku-command-not-found-v-ubuntu.mdx","keep","Как исправить ошибку ""command not found"" в Ubuntu","Linux","6765","848","6","4","3",""
"linux-ubuntu-kernel-error-ustranenie-oshibok-yadra-linux-rukovodstvo-po-ustraneniyu-nepoladok.mdx","keep","Устранение ошибок ядра Linux: руководство по устранению неполадок","Linux","3924","509","6","4","2",""
"linux-ubuntu-package-error-fix-kak-ispravit-oshibki-zavisimostei-i-povrezhdennoi-sistemy-paketov.mdx","keep","Как исправить ошибки зависимостей и поврежденной системы пакетов в Ubuntu","Linux","4244","548","6","4","3",""
"linux-ubuntu-permission-denied-kak-ispravit-oshibku-permission-denied-v-ubuntu.mdx","keep","Как исправить ошибку 'Permission denied' в Ubuntu","Linux","4139","533","6","4","4",""
"linux-ubuntu-update-failure-ustranenie-problem-s-ubuntu-posle-obnovleniya.mdx","keep","Что делать, если Ubuntu перестала работать после обновления","Linux","4114","533","6","4","3",""
"linux-ubuntubooterrorfix-kak-ispravit-oshibki-zagruzki-ubuntu.mdx","keep","Как исправить ошибки загрузки Ubuntu","Linux","4031","522","6","4","4",""
"linux-ubuntukernelcrash-ustranenie-oshibok-yadra-v-ubuntu-otchetnost-i-obnovlenie-sistemy.mdx","keep","Устранение ошибок ядра в Ubuntu: отчетность и обновление системы","Linux","4154","543","6","4","2",""
"linux-ubuntutroubleshootingguide-kak-ispravit-oshibki-v-ubuntu-poshagovoe-rukovodstvo-po-diagnos.mdx","keep","Как исправить ошибки в Ubuntu: пошаговое руководство по диагностике и устранению","Linux","7194","943","6","4","4",""
"linux-ubuntuupdatebootfailure-chto-delat-esli-ubuntu-ne-zagruzhaetsya-posle-obnovleniya-obzor-vo.mdx","keep","Что делать, если Ubuntu не загружается после обновления: Обзор возможностей восстановления","Linux","4296","555","6","3","2",""
"linux-unmet-dependencies-kak-ispravit-oshibki-zavisimostei-v-debian-i-ubuntu.mdx","keep","Как исправить ошибки зависимостей в Debian и Ubuntu","Linux","4097","537","6","4","4",""
"linux-zerobrew-arm64-x86-64-bottles-error-ispravlenie-oshibki-zerobrew-nepravilnaya-zagruzka-pak.mdx","keep","Исправление ошибки Zerobrew: Неправильная загрузка пакетов для ARM64 на Linux","Linux","3976","508","6","4","3",""
"mac-app-store-ne-otkryvaetsya-prilozhenie.mdx","keep","Mac App Store: не открывается приложение — как исправить","macOS","4007","521","6","4","3",""
"macos-airdrop-na-mac-access-denied.mdx","keep","AirDrop на Mac: показывает отказ в доступе","macOS","4177","552","6","4","2",""
"macos-airdrop-na-mac-crash-on-open.mdx","keep","AirDrop на Mac: падает при открытии файла или проекта","macOS","4173","551","6","4","2",""
"macos-airdrop-na-mac-does-not-start.mdx","keep","AirDrop на Mac: не запускается после обновления","macOS","4148","548","6","4","2",""
"macos-airdrop-na-mac-settings-reset.mdx","keep","AirDrop на Mac: сбрасывает настройки после перезапуска","macOS","4179","547","6","4","2",""
"macos-airdrop-na-mac-slow-response.mdx","keep","AirDrop на Mac: работает заметно медленнее обычного","macOS","4193","551","6","4","2",""
"macos-airdrop-na-mac-update-loop.mdx","keep","AirDrop на Mac: застревает в цикле обновления","macOS","4191","553","6","4","2",""
"macos-app-damaged-can-t-be-opened-kak-ispravit-oshibku-prilozhenie-povrezhdeno-v-macos.mdx","keep","Как исправить ошибку «Приложение повреждено» в macOS","macOS","4382","556","6","3","2",""
"macos-bluetooth-na-mac-access-denied.mdx","keep","Bluetooth на Mac: показывает отказ в доступе","macOS","4187","552","6","4","2",""
"macos-bluetooth-na-mac-crash-on-open.mdx","keep","Bluetooth на Mac: падает при открытии файла или проекта","macOS","4183","551","6","4","2",""
"macos-bluetooth-na-mac-does-not-start.mdx","keep","Bluetooth на Mac: не запускается после обновления","macOS","4158","548","6","4","2",""
"macos-bluetooth-na-mac-settings-reset.mdx","keep","Bluetooth на Mac: сбрасывает настройки после перезапуска","macOS","4189","547","6","4","2",""
"macos-bluetooth-na-mac-slow-response.mdx","keep","Bluetooth на Mac: работает заметно медленнее обычного","macOS","4203","551","6","4","2",""
"macos-bluetooth-na-mac-update-loop.mdx","keep","Bluetooth на Mac: застревает в цикле обновления","macOS","4201","553","6","4","2",""
"macos-disk-utility-access-denied.mdx","keep","Disk Utility: показывает отказ в доступе","macOS","4167","547","6","4","2",""
"macos-disk-utility-crash-on-open.mdx","keep","Disk Utility: падает при открытии файла или проекта","macOS","4163","546","6","4","2",""
"macos-disk-utility-does-not-start.mdx","keep","Disk Utility: не запускается после обновления","macOS","4138","543","6","4","2",""
"macos-disk-utility-settings-reset.mdx","keep","Disk Utility: сбрасывает настройки после перезапуска","macOS","4169","542","6","4","2",""
"macos-disk-utility-slow-response.mdx","keep","Disk Utility: работает заметно медленнее обычного","macOS","4183","546","6","4","2",""
"macos-disk-utility-update-loop.mdx","keep","Disk Utility: застревает в цикле обновления","macOS","4181","548","6","4","2",""
"macos-finder-access-denied.mdx","keep","Finder: показывает отказ в доступе","macOS","4137","542","6","4","2",""
"macos-finder-config-error.mdx","keep","Finder: ошибка конфигурации","macOS","4073","515","6","4","2",""
"macos-finder-crash-on-open.mdx","keep","Finder: падает при открытии файла или проекта","macOS","4133","541","6","4","2",""
"macos-finder-crashes-after-update.mdx","keep","Finder: вылетает после обновления","macOS","4056","512","6","4","2",""
"macos-finder-does-not-start.mdx","keep","Finder: не запускается после обновления","macOS","4108","538","6","4","2",""
"macos-finder-high-cpu.mdx","keep","Finder: нагружает процессор","macOS","4108","522","6","4","2",""
"macos-finder-kernel-error-macos-kernel-panic-kak-ozhivit-finder-na-mac-esli-on-vyletaet-s-oshibk.mdx","keep","Как оживить Finder на Mac, если он вылетает с ошибкой ядра (Kernel Error)","macOS","5145","684","6","4","2",""
"macos-finder-ne-otkryvaetsya-prilozhenie.mdx","keep","macOS Finder: не открывается приложение — как исправить","macOS","3997","511","6","4","3",""
"macos-finder-ne-rabotaet-poisk.mdx","keep","macOS Finder: не работает поиск — как исправить","macOS","3989","511","6","4","3",""
"macos-finder-ne-sozdaetsya-rezervnaya-kopiya.mdx","keep","macOS Finder: не создается резервная копия — как исправить","macOS","4000","512","6","4","3",""
"macos-finder-network-timeout.mdx","keep","Finder: ошибка подключения или тайм-аут","macOS","3967","503","6","4","2",""
"macos-finder-oshibka-obnovleniya.mdx","keep","macOS Finder: ошибка обновления — как исправить","macOS","3989","510","6","4","3",""
"macos-finder-permission-denied.mdx","keep","Finder: отказано в доступе","macOS","4039","512","6","4","2",""
"macos-finder-settings-reset.mdx","keep","Finder: сбрасывает настройки после перезапуска","macOS","4139","537","6","4","2",""
"macos-finder-slow-response.mdx","keep","Finder: работает заметно медленнее обычного","macOS","4153","541","6","4","2",""
"macos-finder-sync-failed.mdx","keep","Finder: не синхронизируется","macOS","3992","511","6","4","2",""
"macos-finder-update-failed.mdx","keep","Finder: ошибка обновления","macOS","4021","509","6","4","2",""
"macos-finder-update-loop.mdx","keep","Finder: застревает в цикле обновления","macOS","4151","543","6","4","2",""
"macos-finder-wont-start.mdx","keep","Finder: не запускается","macOS","3976","507","6","4","2",""
"macos-icloud-drive-na-mac-access-denied.mdx","keep","iCloud Drive на Mac: показывает отказ в доступе","macOS","4202","557","6","4","2",""
"macos-icloud-drive-na-mac-crash-on-open.mdx","keep","iCloud Drive на Mac: падает при открытии файла или проекта","macOS","4198","556","6","4","2",""
"macos-icloud-drive-na-mac-does-not-start.mdx","keep","iCloud Drive на Mac: не запускается после обновления","macOS","4173","553","6","4","2",""
"macos-icloud-drive-na-mac-settings-reset.mdx","keep","iCloud Drive на Mac: сбрасывает настройки после перезапуска","macOS","4204","552","6","4","2",""
"macos-icloud-drive-na-mac-slow-response.mdx","keep","iCloud Drive на Mac: работает заметно медленнее обычного","macOS","4218","556","6","4","2",""
"macos-icloud-drive-na-mac-update-loop.mdx","keep","iCloud Drive на Mac: застревает в цикле обновления","macOS","4216","558","6","4","2",""
"macos-keychain-access-access-denied.mdx","keep","Keychain Access: показывает отказ в доступе","macOS","4182","547","6","4","2",""
"macos-keychain-access-crash-on-open.mdx","keep","Keychain Access: падает при открытии файла или проекта","macOS","4178","546","6","4","2",""
"macos-keychain-access-does-not-start.mdx","keep","Keychain Access: не запускается после обновления","macOS","4153","543","6","4","2",""
"macos-keychain-access-settings-reset.mdx","keep","Keychain Access: сбрасывает настройки после перезапуска","macOS","4184","542","6","4","2",""
"macos-keychain-access-slow-response.mdx","keep","Keychain Access: работает заметно медленнее обычного","macOS","4198","546","6","4","2",""
"macos-launch-services-access-denied.mdx","keep","Launch Services: показывает отказ в доступе","macOS","4182","547","6","4","2",""
"macos-launch-services-crash-on-open.mdx","keep","Launch Services: падает при открытии файла или проекта","macOS","4178","546","6","4","2",""
"macos-launch-services-does-not-start.mdx","keep","Launch Services: не запускается после обновления","macOS","4153","543","6","4","2",""
"macos-launch-services-settings-reset.mdx","keep","Launch Services: сбрасывает настройки после перезапуска","macOS","4184","542","6","4","2",""
"macos-launch-services-slow-response.mdx","keep","Launch Services: работает заметно медленнее обычного","macOS","4198","546","6","4","2",""
"macos-mac-app-damaged-kak-ispravit-oshibku-prilozhenie-povrezhdeno-v-macos.mdx","keep","Как исправить ошибку «Приложение повреждено» на macOS","macOS","4104","522","6","3","2",""
"macos-mac-app-store-access-denied.mdx","keep","Mac App Store: показывает отказ в доступе","macOS","4172","552","6","4","2",""
"macos-mac-app-store-crash-on-open.mdx","keep","Mac App Store: падает при открытии файла или проекта","macOS","4168","551","6","4","2",""
"macos-mac-app-store-does-not-start.mdx","keep","Mac App Store: не запускается после обновления","macOS","4143","548","6","4","2",""
"macos-mac-app-store-settings-reset.mdx","keep","Mac App Store: сбрасывает настройки после перезапуска","macOS","4174","547","6","4","2",""
"macos-mac-app-store-slow-response.mdx","keep","Mac App Store: работает заметно медленнее обычного","macOS","4188","551","6","4","2",""
"macos-mail-v-macos-access-denied.mdx","keep","Mail в macOS: показывает отказ в доступе","macOS","4167","552","6","4","2",""
"macos-mail-v-macos-crash-on-open.mdx","keep","Mail в macOS: падает при открытии файла или проекта","macOS","4163","551","6","4","2",""
"macos-mail-v-macos-does-not-start.mdx","keep","Mail в macOS: не запускается после обновления","macOS","4138","548","6","4","2",""
"macos-mail-v-macos-settings-reset.mdx","keep","Mail в macOS: сбрасывает настройки после перезапуска","macOS","4169","547","6","4","2",""
"macos-mail-v-macos-slow-response.mdx","keep","Mail в macOS: работает заметно медленнее обычного","macOS","4183","551","6","4","2",""
"macos-mail-v-macos-update-loop.mdx","keep","Mail в macOS: застревает в цикле обновления","macOS","4181","553","6","4","2",""
"macos-safari-v-macos-access-denied.mdx","keep","Safari в macOS: показывает отказ в доступе","macOS","4177","552","6","4","2",""
"macos-safari-v-macos-crash-on-open.mdx","keep","Safari в macOS: падает при открытии файла или проекта","macOS","4173","551","6","4","2",""
"macos-safari-v-macos-does-not-start.mdx","keep","Safari в macOS: не запускается после обновления","macOS","4148","548","6","4","2",""
"macos-safari-v-macos-settings-reset.mdx","keep","Safari в macOS: сбрасывает настройки после перезапуска","macOS","4179","547","6","4","2",""
"macos-safari-v-macos-slow-response.mdx","keep","Safari в macOS: работает заметно медленнее обычного","macOS","4193","551","6","4","2",""
"macos-safari-v-macos-update-loop.mdx","keep","Safari в macOS: застревает в цикле обновления","macOS","4191","553","6","4","2",""
"macos-spotlight-access-denied.mdx","keep","Spotlight: показывает отказ в доступе","macOS","4152","542","6","4","2",""
"macos-spotlight-crash-on-open.mdx","keep","Spotlight: падает при открытии файла или проекта","macOS","4148","541","6","4","2",""
"macos-spotlight-crashes-after-update.mdx","keep","Spotlight: вылетает после обновления","macOS","4077","512","6","4","2",""
"macos-spotlight-does-not-start.mdx","keep","Spotlight: не запускается после обновления","macOS","4123","538","6","4","2",""
"macos-spotlight-high-cpu.mdx","keep","Spotlight: нагружает процессор","macOS","4129","522","6","4","2",""
"macos-spotlight-network-timeout.mdx","keep","Spotlight: ошибка подключения или тайм-аут","macOS","3988","503","6","4","2",""
"macos-spotlight-permission-denied.mdx","keep","Spotlight: отказано в доступе","macOS","4060","512","6","4","2",""
"macos-spotlight-settings-reset.mdx","keep","Spotlight: сбрасывает настройки после перезапуска","macOS","4154","537","6","4","2",""
"macos-spotlight-slow-response.mdx","keep","Spotlight: работает заметно медленнее обычного","macOS","4168","541","6","4","2",""
"macos-spotlight-sync-failed.mdx","keep","Spotlight: не синхронизируется","macOS","4013","511","6","4","2",""
"macos-spotlight-update-failed.mdx","keep","Spotlight: ошибка обновления","macOS","4042","509","6","4","2",""
"macos-spotlight-update-loop.mdx","keep","Spotlight: застревает в цикле обновления","macOS","4166","543","6","4","2",""
"macos-spotlight-wont-start.mdx","keep","Spotlight: не запускается","macOS","3997","507","6","4","2",""
"macos-time-machine-access-denied.mdx","keep","Time Machine: показывает отказ в доступе","macOS","4167","547","6","4","2",""
"macos-time-machine-config-error.mdx","keep","Time Machine: ошибка конфигурации","macOS","4115","522","6","4","2",""
"macos-time-machine-crash-on-open.mdx","keep","Time Machine: падает при открытии файла или проекта","macOS","4163","546","6","4","2",""
"macos-time-machine-crashes-after-update.mdx","keep","Time Machine: вылетает после обновления","macOS","4098","519","6","4","2",""
"macos-time-machine-does-not-start.mdx","keep","Time Machine: не запускается после обновления","macOS","4138","543","6","4","2",""
"macos-time-machine-high-cpu.mdx","keep","Time Machine: нагружает процессор","macOS","4150","529","6","4","2",""
"macos-time-machine-network-timeout.mdx","keep","Time Machine: ошибка подключения или тайм-аут","macOS","4009","510","6","4","2",""
"macos-time-machine-permission-denied.mdx","keep","Time Machine: отказано в доступе","macOS","4081","519","6","4","2",""
"macos-time-machine-settings-reset.mdx","keep","Time Machine: сбрасывает настройки после перезапуска","macOS","4169","542","6","4","2",""
"macos-time-machine-slow-response.mdx","keep","Time Machine: работает заметно медленнее обычного","macOS","4183","546","6","4","2",""
"macos-time-machine-sync-failed.mdx","keep","Time Machine: не синхронизируется","macOS","4034","518","6","4","2",""
"macos-time-machine-update-failed.mdx","keep","Time Machine: ошибка обновления","macOS","4063","516","6","4","2",""
"macos-time-machine-update-loop.mdx","keep","Time Machine: застревает в цикле обновления","macOS","4181","548","6","4","2",""
"macos-time-machine-wont-start.mdx","keep","Time Machine: не запускается","macOS","4018","514","6","4","2",""
"makita-drill-greetsya-pri-rabote.mdx","keep","Makita drill: греется при работе — как исправить","Электроинструмент","3510","447","6","4","4",""
"makita-drill-iskrit-dvigatel.mdx","keep","Makita drill: искрит двигатель — как исправить","Электроинструмент","3508","446","6","4","4",""
"makita-drill-ne-vklyuchaetsya.mdx","keep","Makita drill: не включается — как исправить","Электроинструмент","3507","444","6","4","4",""
"makita-drill-ne-zaryazhaetsya-akkumulyator.mdx","keep","Makita drill: не заряжается аккумулятор — как исправить","Электроинструмент","3517","447","6","4","4",""
"makita-drill-teryaet-oboroty.mdx","keep","Makita drill: теряет обороты — как исправить","Электроинструмент","3506","446","6","4","4",""
"makita-drill-zaedaet-patron.mdx","keep","Makita drill: заедает патрон — как исправить","Электроинструмент","3506","446","6","4","4",""
"microwaves-ovens-bosch-duhovoy-shkaf-bad-smell.mdx","keep","Bosch духовой шкаф: появился запах при работе","Микроволновки и духовки","4122","535","6","4","4",""
"microwaves-ovens-bosch-duhovoy-shkaf-does-not-start.mdx","keep","Bosch духовой шкаф: не запускается","Микроволновки и духовки","4117","536","6","4","4",""
"microwaves-ovens-bosch-duhovoy-shkaf-error-code.mdx","keep","Bosch духовой шкаф: показывает код ошибки","Микроволновки и духовки","4114","535","6","4","4",""
"microwaves-ovens-bosch-duhovoy-shkaf-leaks-water.mdx","keep","Bosch духовой шкаф: подтекает снизу или у двери","Микроволновки и духовки","4134","538","6","4","4",""
"microwaves-ovens-bosch-duhovoy-shkaf-noise-vibration.mdx","keep","Bosch духовой шкаф: шумит или вибрирует сильнее обычного","Микроволновки и духовки","4127","536","6","4","4",""
"microwaves-ovens-bosch-duhovoy-shkaf-poor-result.mdx","keep","Bosch духовой шкаф: плохо выполняет основную функцию","Микроволновки и духовки","4137","537","6","4","4",""
"microwaves-ovens-bosch-duhovoy-shkaf-stops-mid-cycle.mdx","keep","Bosch духовой шкаф: останавливается в середине цикла","Микроволновки и духовки","4128","535","6","4","4",""
"microwaves-ovens-dverca-mikrovolnovki-bad-smell.mdx","keep","дверца микроволновки: появился запах при работе","Микроволновки и духовки","4132","530","6","3","3",""
"microwaves-ovens-dverca-mikrovolnovki-does-not-start.mdx","keep","дверца микроволновки: не запускается","Микроволновки и духовки","4127","531","6","3","3",""
"microwaves-ovens-dverca-mikrovolnovki-error-code.mdx","keep","дверца микроволновки: показывает код ошибки","Микроволновки и духовки","4124","530","6","3","3",""
"microwaves-ovens-dverca-mikrovolnovki-leaks-water.mdx","keep","дверца микроволновки: подтекает снизу или у двери","Микроволновки и духовки","4144","533","6","3","3",""
"microwaves-ovens-dverca-mikrovolnovki-noise-vibration.mdx","keep","дверца микроволновки: шумит или вибрирует сильнее обычного","Микроволновки и духовки","4137","531","6","3","3",""
"microwaves-ovens-dverca-mikrovolnovki-stops-mid-cycle.mdx","keep","дверца микроволновки: останавливается в середине цикла","Микроволновки и духовки","4138","530","6","3","3",""
"microwaves-ovens-electrolux-duhovka-bad-smell.mdx","keep","Electrolux духовка: появился запах при работе","Микроволновки и духовки","4122","530","6","4","4",""
"microwaves-ovens-electrolux-duhovka-does-not-start.mdx","keep","Electrolux духовка: не запускается","Микроволновки и духовки","4117","531","6","4","4",""
"microwaves-ovens-electrolux-duhovka-error-code.mdx","keep","Electrolux духовка: показывает код ошибки","Микроволновки и духовки","4114","530","6","4","4",""
"microwaves-ovens-electrolux-duhovka-leaks-water.mdx","keep","Electrolux духовка: подтекает снизу или у двери","Микроволновки и духовки","4134","533","6","4","4",""
"microwaves-ovens-electrolux-duhovka-noise-vibration.mdx","keep","Electrolux духовка: шумит или вибрирует сильнее обычного","Микроволновки и духовки","4127","531","6","4","4",""
"microwaves-ovens-electrolux-duhovka-stops-mid-cycle.mdx","keep","Electrolux духовка: останавливается в середине цикла","Микроволновки и духовки","4128","530","6","4","4",""
"microwaves-ovens-konvekcionnaya-duhovka-bad-smell.mdx","keep","конвекционная духовка: появился запах при работе","Микроволновки и духовки","4137","530","6","3","3",""
"microwaves-ovens-konvekcionnaya-duhovka-does-not-start.mdx","keep","конвекционная духовка: не запускается","Микроволновки и духовки","4132","531","6","3","3",""
"microwaves-ovens-konvekcionnaya-duhovka-error-code.mdx","keep","конвекционная духовка: показывает код ошибки","Микроволновки и духовки","4129","530","6","3","3",""
"microwaves-ovens-konvekcionnaya-duhovka-leaks-water.mdx","keep","конвекционная духовка: подтекает снизу или у двери","Микроволновки и духовки","4149","533","6","3","3",""
"microwaves-ovens-konvekcionnaya-duhovka-noise-vibration.mdx","keep","конвекционная духовка: шумит или вибрирует сильнее обычного","Микроволновки и духовки","4142","531","6","3","3",""
"microwaves-ovens-konvekcionnaya-duhovka-stops-mid-cycle.mdx","keep","конвекционная духовка: останавливается в середине цикла","Микроволновки и духовки","4143","530","6","3","3",""
"microwaves-ovens-lg-microwave-does-not-heat.mdx","keep","LG microwave: не греет","Микроволновки и духовки","3492","452","6","4","3",""
"microwaves-ovens-lg-microwave-error-code.mdx","keep","LG microwave: показывает код ошибки","Микроволновки и духовки","3537","456","6","4","3",""
"microwaves-ovens-lg-microwave-makes-noise.mdx","keep","LG microwave: шумит или вибрирует","Микроволновки и духовки","3491","449","6","4","3",""
"microwaves-ovens-lg-microwave-stops-mid-cycle.mdx","keep","LG microwave: останавливается во время работы","Микроволновки и духовки","3577","459","6","4","3",""
"microwaves-ovens-lg-microwave-wont-turn-on.mdx","keep","LG microwave: не включается","Микроволновки и духовки","3534","456","6","4","3",""
"microwaves-ovens-lg-mikrovolnovka-bad-smell.mdx","keep","LG микроволновка: появился запах при работе","Микроволновки и духовки","4112","530","6","4","4",""
"microwaves-ovens-lg-mikrovolnovka-does-not-start.mdx","keep","LG микроволновка: не запускается","Микроволновки и духовки","4107","531","6","4","4",""
"microwaves-ovens-lg-mikrovolnovka-error-code.mdx","keep","LG микроволновка: показывает код ошибки","Микроволновки и духовки","4104","530","6","4","4",""
"microwaves-ovens-lg-mikrovolnovka-leaks-water.mdx","keep","LG микроволновка: подтекает снизу или у двери","Микроволновки и духовки","4124","533","6","4","4",""
"microwaves-ovens-lg-mikrovolnovka-noise-vibration.mdx","keep","LG микроволновка: шумит или вибрирует сильнее обычного","Микроволновки и духовки","4117","531","6","4","4",""
"microwaves-ovens-lg-mikrovolnovka-poor-result.mdx","keep","LG микроволновка: плохо выполняет основную функцию","Микроволновки и духовки","4127","532","6","4","4",""
"microwaves-ovens-lg-mikrovolnovka-stops-mid-cycle.mdx","keep","LG микроволновка: останавливается в середине цикла","Микроволновки и духовки","4118","530","6","4","4",""
"microwaves-ovens-mikrovolnovka-s-grilem-bad-smell.mdx","keep","микроволновка с грилем: появился запах при работе","Микроволновки и духовки","4142","535","6","3","3",""
"microwaves-ovens-mikrovolnovka-s-grilem-does-not-start.mdx","keep","микроволновка с грилем: не запускается","Микроволновки и духовки","4137","536","6","3","3",""
"microwaves-ovens-mikrovolnovka-s-grilem-error-code.mdx","keep","микроволновка с грилем: показывает код ошибки","Микроволновки и духовки","4134","535","6","3","3",""
"microwaves-ovens-mikrovolnovka-s-grilem-leaks-water.mdx","keep","микроволновка с грилем: подтекает снизу или у двери","Микроволновки и духовки","4154","538","6","3","3",""
"microwaves-ovens-mikrovolnovka-s-grilem-noise-vibration.mdx","keep","микроволновка с грилем: шумит или вибрирует сильнее обычного","Микроволновки и духовки","4147","536","6","3","3",""
"microwaves-ovens-mikrovolnovka-s-grilem-stops-mid-cycle.mdx","keep","микроволновка с грилем: останавливается в середине цикла","Микроволновки и духовки","4148","535","6","3","3",""
"microwaves-ovens-samsung-microwave-does-not-heat.mdx","keep","Samsung microwave: не греет","Микроволновки и духовки","3512","452","6","4","3",""
"microwaves-ovens-samsung-microwave-error-code.mdx","keep","Samsung microwave: показывает код ошибки","Микроволновки и духовки","3557","456","6","4","3",""
"microwaves-ovens-samsung-microwave-makes-noise.mdx","keep","Samsung microwave: шумит или вибрирует","Микроволновки и духовки","3511","449","6","4","3",""
"microwaves-ovens-samsung-microwave-stops-mid-cycle.mdx","keep","Samsung microwave: останавливается во время работы","Микроволновки и духовки","3597","459","6","4","3",""
"microwaves-ovens-samsung-microwave-wont-turn-on.mdx","keep","Samsung microwave: не включается","Микроволновки и духовки","3554","456","6","4","3",""
"microwaves-ovens-samsung-mikrovolnovka-bad-smell.mdx","keep","Samsung микроволновка: появился запах при работе","Микроволновки и духовки","4137","530","6","4","4",""
"microwaves-ovens-samsung-mikrovolnovka-does-not-start.mdx","keep","Samsung микроволновка: не запускается","Микроволновки и духовки","4132","531","6","4","4",""
"microwaves-ovens-samsung-mikrovolnovka-error-code.mdx","keep","Samsung микроволновка: показывает код ошибки","Микроволновки и духовки","4129","530","6","4","4",""
"microwaves-ovens-samsung-mikrovolnovka-leaks-water.mdx","keep","Samsung микроволновка: подтекает снизу или у двери","Микроволновки и духовки","4149","533","6","4","4",""
"microwaves-ovens-samsung-mikrovolnovka-noise-vibration.mdx","keep","Samsung микроволновка: шумит или вибрирует сильнее обычного","Микроволновки и духовки","4142","531","6","4","4",""
"microwaves-ovens-samsung-mikrovolnovka-poor-result.mdx","keep","Samsung микроволновка: плохо выполняет основную функцию","Микроволновки и духовки","4152","532","6","4","4",""
"microwaves-ovens-samsung-mikrovolnovka-stops-mid-cycle.mdx","keep","Samsung микроволновка: останавливается в середине цикла","Микроволновки и духовки","4143","530","6","4","4",""
"microwaves-ovens-siemens-duhovka-bad-smell.mdx","keep","Siemens духовка: появился запах при работе","Микроволновки и духовки","4107","530","6","4","4",""
"microwaves-ovens-siemens-duhovka-does-not-start.mdx","keep","Siemens духовка: не запускается","Микроволновки и духовки","4102","531","6","4","4",""
"microwaves-ovens-siemens-duhovka-error-code.mdx","keep","Siemens духовка: показывает код ошибки","Микроволновки и духовки","4099","530","6","4","4",""
"microwaves-ovens-siemens-duhovka-leaks-water.mdx","keep","Siemens духовка: подтекает снизу или у двери","Микроволновки и духовки","4119","533","6","4","4",""
"microwaves-ovens-siemens-duhovka-noise-vibration.mdx","keep","Siemens духовка: шумит или вибрирует сильнее обычного","Микроволновки и духовки","4112","531","6","4","4",""
"microwaves-ovens-siemens-duhovka-stops-mid-cycle.mdx","keep","Siemens духовка: останавливается в середине цикла","Микроволновки и духовки","4113","530","6","4","4",""
"microwaves-ovens-tarelka-mikrovolnovki-bad-smell.mdx","keep","тарелка микроволновки: появился запах при работе","Микроволновки и духовки","4137","530","6","3","3",""
"microwaves-ovens-tarelka-mikrovolnovki-does-not-start.mdx","keep","тарелка микроволновки: не запускается","Микроволновки и духовки","4132","531","6","3","3",""
"microwaves-ovens-tarelka-mikrovolnovki-error-code.mdx","keep","тарелка микроволновки: показывает код ошибки","Микроволновки и духовки","4129","530","6","3","3",""
"microwaves-ovens-tarelka-mikrovolnovki-leaks-water.mdx","keep","тарелка микроволновки: подтекает снизу или у двери","Микроволновки и духовки","4149","533","6","3","3",""
"microwaves-ovens-tarelka-mikrovolnovki-noise-vibration.mdx","keep","тарелка микроволновки: шумит или вибрирует сильнее обычного","Микроволновки и духовки","4142","531","6","3","3",""
"microwaves-ovens-tarelka-mikrovolnovki-stops-mid-cycle.mdx","keep","тарелка микроволновки: останавливается в середине цикла","Микроволновки и духовки","4143","530","6","3","3",""
"microwaves-ovens-taymer-duhovki-bad-smell.mdx","keep","таймер духовки: появился запах при работе","Микроволновки и духовки","4102","530","6","3","3",""
"microwaves-ovens-taymer-duhovki-does-not-start.mdx","keep","таймер духовки: не запускается","Микроволновки и духовки","4097","531","6","3","3",""
"microwaves-ovens-taymer-duhovki-error-code.mdx","keep","таймер духовки: показывает код ошибки","Микроволновки и духовки","4094","530","6","3","3",""
"microwaves-ovens-taymer-duhovki-leaks-water.mdx","keep","таймер духовки: подтекает снизу или у двери","Микроволновки и духовки","4114","533","6","3","3",""
"microwaves-ovens-taymer-duhovki-noise-vibration.mdx","keep","таймер духовки: шумит или вибрирует сильнее обычного","Микроволновки и духовки","4107","531","6","3","3",""
"microwaves-ovens-taymer-duhovki-stops-mid-cycle.mdx","keep","таймер духовки: останавливается в середине цикла","Микроволновки и духовки","4108","530","6","3","3",""
"microwaves-ovens-ventilyator-duhovki-bad-smell.mdx","keep","вентилятор духовки: появился запах при работе","Микроволновки и духовки","4122","530","6","3","3",""
"microwaves-ovens-ventilyator-duhovki-does-not-start.mdx","keep","вентилятор духовки: не запускается","Микроволновки и духовки","4117","531","6","3","3",""
"microwaves-ovens-ventilyator-duhovki-error-code.mdx","keep","вентилятор духовки: показывает код ошибки","Микроволновки и духовки","4114","530","6","3","3",""
"microwaves-ovens-ventilyator-duhovki-leaks-water.mdx","keep","вентилятор духовки: подтекает снизу или у двери","Микроволновки и духовки","4134","533","6","3","3",""
"microwaves-ovens-ventilyator-duhovki-noise-vibration.mdx","keep","вентилятор духовки: шумит или вибрирует сильнее обычного","Микроволновки и духовки","4127","531","6","3","3",""
"microwaves-ovens-ventilyator-duhovki-stops-mid-cycle.mdx","keep","вентилятор духовки: останавливается в середине цикла","Микроволновки и духовки","4128","530","6","3","3",""
"microwaves-ovens-vstraivaemaya-duhovka-bad-smell.mdx","keep","встраиваемая духовка: появился запах при работе","Микроволновки и духовки","4132","530","6","3","3",""
"microwaves-ovens-vstraivaemaya-duhovka-does-not-start.mdx","keep","встраиваемая духовка: не запускается","Микроволновки и духовки","4127","531","6","3","3",""
"microwaves-ovens-vstraivaemaya-duhovka-error-code.mdx","keep","встраиваемая духовка: показывает код ошибки","Микроволновки и духовки","4124","530","6","3","3",""
"microwaves-ovens-vstraivaemaya-duhovka-leaks-water.mdx","keep","встраиваемая духовка: подтекает снизу или у двери","Микроволновки и духовки","4144","533","6","3","3",""
"microwaves-ovens-vstraivaemaya-duhovka-noise-vibration.mdx","keep","встраиваемая духовка: шумит или вибрирует сильнее обычного","Микроволновки и духовки","4137","531","6","3","3",""
"microwaves-ovens-vstraivaemaya-duhovka-stops-mid-cycle.mdx","keep","встраиваемая духовка: останавливается в середине цикла","Микроволновки и духовки","4138","530","6","3","3",""
"minecraft-not-launching-fix.mdx","keep","Minecraft не запускается: исправление ошибок Java Edition","Игры","3917","502","6","4","4",""
"mobile-akkumulyator-smartfona-access-denied.mdx","keep","аккумулятор смартфона: показывает отказ в доступе","Мобильные устройства","4181","534","6","3","3",""
"mobile-akkumulyator-smartfona-crash-on-open.mdx","keep","аккумулятор смартфона: падает при открытии файла или проекта","Мобильные устройства","4177","533","6","3","3",""
"mobile-akkumulyator-smartfona-does-not-start.mdx","keep","аккумулятор смартфона: не запускается после обновления","Мобильные устройства","4152","530","6","3","3",""
"mobile-akkumulyator-smartfona-settings-reset.mdx","keep","аккумулятор смартфона: сбрасывает настройки после перезапуска","Мобильные устройства","4183","529","6","3","3",""
"mobile-akkumulyator-smartfona-slow-response.mdx","keep","аккумулятор смартфона: работает заметно медленнее обычного","Мобильные устройства","4197","533","6","3","3",""
"mobile-android-play-store-config-error.mdx","keep","Android Play Store: ошибка конфигурации","Мобильные устройства","4133","520","6","3","2",""
"mobile-android-play-store-crashes-after-update.mdx","keep","Android Play Store: вылетает после обновления","Мобильные устройства","4116","517","6","3","2",""
"mobile-android-play-store-high-cpu.mdx","keep","Android Play Store: нагружает процессор","Мобильные устройства","4168","527","6","3","2",""
"mobile-android-play-store-network-timeout.mdx","keep","Android Play Store: ошибка подключения или тайм-аут","Мобильные устройства","4027","508","6","3","2",""
"mobile-android-play-store-permission-denied.mdx","keep","Android Play Store: отказано в доступе","Мобильные устройства","4099","517","6","3","2",""
"mobile-android-play-store-sync-failed.mdx","keep","Android Play Store: не синхронизируется","Мобильные устройства","4052","516","6","3","2",""
"mobile-android-play-store-update-failed.mdx","keep","Android Play Store: ошибка обновления","Мобильные устройства","4081","514","6","3","2",""
"mobile-android-play-store-wont-start.mdx","keep","Android Play Store: не запускается","Мобильные устройства","4036","512","6","3","2",""
"mobile-android-prilozhenie-access-denied.mdx","keep","Android приложение: показывает отказ в доступе","Мобильные устройства","4166","534","6","3","3",""
"mobile-android-prilozhenie-crash-on-open.mdx","keep","Android приложение: падает при открытии файла или проекта","Мобильные устройства","4162","533","6","3","3",""
"mobile-android-prilozhenie-does-not-start.mdx","keep","Android приложение: не запускается после обновления","Мобильные устройства","4137","530","6","3","3",""
"mobile-android-prilozhenie-settings-reset.mdx","keep","Android приложение: сбрасывает настройки после перезапуска","Мобильные устройства","4168","529","6","3","3",""
"mobile-android-prilozhenie-slow-response.mdx","keep","Android приложение: работает заметно медленнее обычного","Мобильные устройства","4182","533","6","3","3",""
"mobile-android-prilozhenie-update-loop.mdx","keep","Android приложение: застревает в цикле обновления","Мобильные устройства","4180","535","6","3","3",""
"mobile-android-usb-006.mdx","keep","Android: не подключается USB — как исправить","Мобильные устройства","4204","536","7","4","3",""
"mobile-app-store-access-denied.mdx","keep","App Store: показывает отказ в доступе","Мобильные устройства","4121","534","6","3","3",""
"mobile-app-store-crash-on-open.mdx","keep","App Store: падает при открытии файла или проекта","Мобильные устройства","4117","533","6","3","3",""
"mobile-app-store-does-not-start.mdx","keep","App Store: не запускается после обновления","Мобильные устройства","4092","530","6","3","3",""
"mobile-app-store-settings-reset.mdx","keep","App Store: сбрасывает настройки после перезапуска","Мобильные устройства","4123","529","6","3","3",""
"mobile-app-store-slow-response.mdx","keep","App Store: работает заметно медленнее обычного","Мобильные устройства","4137","533","6","3","3",""
"mobile-bluetooth-na-telefone-access-denied.mdx","keep","Bluetooth на телефоне: показывает отказ в доступе","Мобильные устройства","4181","539","6","3","3",""
"mobile-bluetooth-na-telefone-crash-on-open.mdx","keep","Bluetooth на телефоне: падает при открытии файла или проекта","Мобильные устройства","4177","538","6","3","3",""
"mobile-bluetooth-na-telefone-does-not-start.mdx","keep","Bluetooth на телефоне: не запускается после обновления","Мобильные устройства","4152","535","6","3","3",""
"mobile-bluetooth-na-telefone-settings-reset.mdx","keep","Bluetooth на телефоне: сбрасывает настройки после перезапуска","Мобильные устройства","4183","534","6","3","3",""
"mobile-bluetooth-na-telefone-slow-response.mdx","keep","Bluetooth на телефоне: работает заметно медленнее обычного","Мобильные устройства","4197","538","6","3","3",""
"mobile-bluetooth-na-telefone-update-loop.mdx","keep","Bluetooth на телефоне: застревает в цикле обновления","Мобильные устройства","4195","540","6","3","3",""
"mobile-geolokaciya-telefona-access-denied.mdx","keep","геолокация телефона: показывает отказ в доступе","Мобильные устройства","4171","534","6","3","3",""
"mobile-geolokaciya-telefona-crash-on-open.mdx","keep","геолокация телефона: падает при открытии файла или проекта","Мобильные устройства","4167","533","6","3","3",""
"mobile-geolokaciya-telefona-does-not-start.mdx","keep","геолокация телефона: не запускается после обновления","Мобильные устройства","4142","530","6","3","3",""
"mobile-geolokaciya-telefona-settings-reset.mdx","keep","геолокация телефона: сбрасывает настройки после перезапуска","Мобильные устройства","4173","529","6","3","3",""
"mobile-geolokaciya-telefona-slow-response.mdx","keep","геолокация телефона: работает заметно медленнее обычного","Мобильные устройства","4187","533","6","3","3",""
"mobile-geolokaciya-telefona-update-loop.mdx","keep","геолокация телефона: застревает в цикле обновления","Мобильные устройства","4185","535","6","3","3",""
"mobile-google-play-access-denied.mdx","keep","Google Play: показывает отказ в доступе","Мобильные устройства","4131","534","6","3","3",""
"mobile-google-play-crash-on-open.mdx","keep","Google Play: падает при открытии файла или проекта","Мобильные устройства","4127","533","6","3","3",""
"mobile-google-play-does-not-start.mdx","keep","Google Play: не запускается после обновления","Мобильные устройства","4102","530","6","3","3",""
"mobile-google-play-settings-reset.mdx","keep","Google Play: сбрасывает настройки после перезапуска","Мобильные устройства","4133","529","6","3","3",""
"mobile-google-play-slow-response.mdx","keep","Google Play: работает заметно медленнее обычного","Мобильные устройства","4147","533","6","3","3",""
"mobile-google-play-update-loop.mdx","keep","Google Play: застревает в цикле обновления","Мобильные устройства","4145","535","6","3","3",""
"mobile-iphone-backup-crashes-after-update.mdx","keep","iPhone Backup: вылетает после обновления","Мобильные устройства","4081","510","6","3","2",""
"mobile-iphone-backup-permission-denied.mdx","keep","iPhone Backup: отказано в доступе","Мобильные устройства","4064","510","6","3","2",""
"mobile-iphone-backup-wont-start.mdx","keep","iPhone Backup: не запускается","Мобильные устройства","4001","505","6","3","2",""
"mobile-iphone-prilozhenie-access-denied.mdx","keep","iPhone приложение: показывает отказ в доступе","Мобильные устройства","4161","534","6","3","3",""
"mobile-iphone-prilozhenie-crash-on-open.mdx","keep","iPhone приложение: падает при открытии файла или проекта","Мобильные устройства","4157","533","6","3","3",""
"mobile-iphone-prilozhenie-does-not-start.mdx","keep","iPhone приложение: не запускается после обновления","Мобильные устройства","4132","530","6","3","3",""
"mobile-iphone-prilozhenie-settings-reset.mdx","keep","iPhone приложение: сбрасывает настройки после перезапуска","Мобильные устройства","4163","529","6","3","3",""
"mobile-iphone-prilozhenie-slow-response.mdx","keep","iPhone приложение: работает заметно медленнее обычного","Мобильные устройства","4177","533","6","3","3",""
"mobile-iphone-prilozhenie-update-loop.mdx","keep","iPhone приложение: застревает в цикле обновления","Мобильные устройства","4175","535","6","3","3",""
"mobile-iphone-usb-014.mdx","keep","iPhone: не подключается USB — как исправить","Мобильные устройства","4199","536","7","4","3",""
"mobile-kamera-telefona-access-denied.mdx","keep","камера телефона: показывает отказ в доступе","Мобильные устройства","4151","534","6","3","3",""
"mobile-kamera-telefona-crash-on-open.mdx","keep","камера телефона: падает при открытии файла или проекта","Мобильные устройства","4147","533","6","3","3",""
"mobile-kamera-telefona-does-not-start.mdx","keep","камера телефона: не запускается после обновления","Мобильные устройства","4122","530","6","3","3",""
"mobile-kamera-telefona-settings-reset.mdx","keep","камера телефона: сбрасывает настройки после перезапуска","Мобильные устройства","4153","529","6","3","3",""
"mobile-kamera-telefona-slow-response.mdx","keep","камера телефона: работает заметно медленнее обычного","Мобильные устройства","4167","533","6","3","3",""
"mobile-kamera-telefona-update-loop.mdx","keep","камера телефона: застревает в цикле обновления","Мобильные устройства","4165","535","6","3","3",""
"mobile-mobilnyy-internet-access-denied.mdx","keep","мобильный интернет: показывает отказ в доступе","Мобильные устройства","4166","534","6","3","3",""
"mobile-mobilnyy-internet-crash-on-open.mdx","keep","мобильный интернет: падает при открытии файла или проекта","Мобильные устройства","4162","533","6","3","3",""
"mobile-mobilnyy-internet-does-not-start.mdx","keep","мобильный интернет: не запускается после обновления","Мобильные устройства","4137","530","6","3","3",""
"mobile-mobilnyy-internet-settings-reset.mdx","keep","мобильный интернет: сбрасывает настройки после перезапуска","Мобильные устройства","4168","529","6","3","3",""
"mobile-mobilnyy-internet-slow-response.mdx","keep","мобильный интернет: работает заметно медленнее обычного","Мобильные устройства","4182","533","6","3","3",""
"mobile-mobilnyy-internet-update-loop.mdx","keep","мобильный интернет: застревает в цикле обновления","Мобильные устройства","4180","535","6","3","3",""
"mobile-push-uvedomleniya-access-denied.mdx","keep","push уведомления: показывает отказ в доступе","Мобильные устройства","4156","534","6","3","3",""
"mobile-push-uvedomleniya-crash-on-open.mdx","keep","push уведомления: падает при открытии файла или проекта","Мобильные устройства","4152","533","6","3","3",""
"mobile-push-uvedomleniya-does-not-start.mdx","keep","push уведомления: не запускается после обновления","Мобильные устройства","4127","530","6","3","3",""
"mobile-push-uvedomleniya-settings-reset.mdx","keep","push уведомления: сбрасывает настройки после перезапуска","Мобильные устройства","4158","529","6","3","3",""
"mobile-push-uvedomleniya-slow-response.mdx","keep","push уведомления: работает заметно медленнее обычного","Мобильные устройства","4172","533","6","3","3",""
"mobile-push-uvedomleniya-update-loop.mdx","keep","push уведомления: застревает в цикле обновления","Мобильные устройства","4170","535","6","3","3",""
"mobile-rezervnaya-kopiya-telefona-access-denied.mdx","keep","резервная копия телефона: показывает отказ в доступе","Мобильные устройства","4196","539","6","3","3",""
"mobile-rezervnaya-kopiya-telefona-crash-on-open.mdx","keep","резервная копия телефона: падает при открытии файла или проекта","Мобильные устройства","4192","538","6","3","3",""
"mobile-rezervnaya-kopiya-telefona-does-not-start.mdx","keep","резервная копия телефона: не запускается после обновления","Мобильные устройства","4167","535","6","3","3",""
"mobile-rezervnaya-kopiya-telefona-settings-reset.mdx","keep","резервная копия телефона: сбрасывает настройки после перезапуска","Мобильные устройства","4198","534","6","3","3",""
"mobile-rezervnaya-kopiya-telefona-slow-response.mdx","keep","резервная копия телефона: работает заметно медленнее обычного","Мобильные устройства","4212","538","6","3","3",""
"mobile-wi-fi-na-smartfone-access-denied.mdx","keep","Wi-Fi на смартфоне: показывает отказ в доступе","Мобильные устройства","4166","539","6","3","3",""
"mobile-wi-fi-na-smartfone-crash-on-open.mdx","keep","Wi-Fi на смартфоне: падает при открытии файла или проекта","Мобильные устройства","4162","538","6","3","3",""
"mobile-wi-fi-na-smartfone-does-not-start.mdx","keep","Wi-Fi на смартфоне: не запускается после обновления","Мобильные устройства","4137","535","6","3","3",""
"mobile-wi-fi-na-smartfone-settings-reset.mdx","keep","Wi-Fi на смартфоне: сбрасывает настройки после перезапуска","Мобильные устройства","4168","534","6","3","3",""
"mobile-wi-fi-na-smartfone-slow-response.mdx","keep","Wi-Fi на смартфоне: работает заметно медленнее обычного","Мобильные устройства","4182","538","6","3","3",""
"mobile-wi-fi-na-smartfone-update-loop.mdx","keep","Wi-Fi на смартфоне: застревает в цикле обновления","Мобильные устройства","4180","540","6","3","3",""
"mysql-connection-refused.mdx","keep","MySQL Connection refused: как исправить ошибку подключения к базе данных","Базы данных","3976","517","6","4","2",""
"mysql-medlennyy-zapros.mdx","keep","MySQL: медленный запрос — как исправить","Базы данных","3857","497","6","4","3",""
"mysql-ne-prohodit-migratsiya.mdx","keep","MySQL: не проходит миграция — как исправить","Базы данных","3861","498","6","4","3",""
"mysql-ne-zapuskaetsya-posle-obnovleniya.mdx","keep","MySQL: не запускается после обновления — как исправить","Базы данных","3862","497","6","4","3",""
"mysql-oshibka-podklyucheniya.mdx","keep","MySQL: ошибка подключения — как исправить","Базы данных","3859","497","6","4","3",""
"mysql-povrezhden-indeks.mdx","keep","MySQL: поврежден индекс — как исправить","Базы данных","3857","497","6","4","3",""
"network-dhcp-client-config-error.mdx","keep","DHCP Client: ошибка конфигурации","Сеть","4037","517","6","4","4",""
"network-dhcp-client-crashes-after-update.mdx","keep","DHCP Client: вылетает после обновления","Сеть","4020","514","6","4","4",""
"network-dhcp-client-high-cpu.mdx","keep","DHCP Client: нагружает процессор","Сеть","4072","524","6","4","4",""
"network-dhcp-client-network-timeout.mdx","keep","DHCP Client: ошибка подключения или тайм-аут","Сеть","3931","505","6","4","4",""
"network-dhcp-client-permission-denied.mdx","keep","DHCP Client: отказано в доступе","Сеть","4003","514","6","4","4",""
"network-dhcp-client-sync-failed.mdx","keep","DHCP Client: не синхронизируется","Сеть","3956","513","6","4","4",""
"network-dhcp-client-update-failed.mdx","keep","DHCP Client: ошибка обновления","Сеть","3985","511","6","4","4",""
"network-dhcp-client-wont-start.mdx","keep","DHCP Client: не запускается","Сеть","3940","509","6","4","4",""
"network-dhcp-ip-271.mdx","keep","DHCP: не выдает IP — как исправить","Сеть","4171","539","7","4","4",""
"network-dhcp-ping-275.mdx","keep","DHCP: высокий ping — как исправить","Сеть","4171","538","7","4","4",""
"network-dhcp-server-access-denied.mdx","keep","DHCP сервер: показывает отказ в доступе","Сеть","4065","536","6","3","3",""
"network-dhcp-server-crash-on-open.mdx","keep","DHCP сервер: падает при открытии файла или проекта","Сеть","4061","535","6","3","3",""
"network-dhcp-server-does-not-start.mdx","keep","DHCP сервер: не запускается после обновления","Сеть","4036","532","6","3","3",""
"network-dhcp-server-settings-reset.mdx","keep","DHCP сервер: сбрасывает настройки после перезапуска","Сеть","4067","531","6","3","3",""
"network-dhcp-server-slow-response.mdx","keep","DHCP сервер: работает заметно медленнее обычного","Сеть","4081","535","6","3","3",""
"network-dhcp-server-update-loop.mdx","keep","DHCP сервер: застревает в цикле обновления","Сеть","4079","537","6","3","3",""
"network-dns-ip-266.mdx","keep","DNS: не выдает IP — как исправить","Сеть","4166","539","7","4","4",""
"network-dns-ping-270.mdx","keep","DNS: высокий ping — как исправить","Сеть","4166","538","7","4","4",""
"network-dns-resolver-config-error.mdx","keep","DNS Resolver: ошибка конфигурации","Сеть","4044","517","6","4","4",""
"network-dns-resolver-crashes-after-update.mdx","keep","DNS Resolver: вылетает после обновления","Сеть","4027","514","6","4","4",""
"network-dns-resolver-high-cpu.mdx","keep","DNS Resolver: нагружает процессор","Сеть","4079","524","6","4","4",""
"network-dns-resolver-network-timeout.mdx","keep","DNS Resolver: ошибка подключения или тайм-аут","Сеть","3938","505","6","4","4",""
"network-dns-resolver-permission-denied.mdx","keep","DNS Resolver: отказано в доступе","Сеть","4010","514","6","4","4",""
"network-dns-resolver-sync-failed.mdx","keep","DNS Resolver: не синхронизируется","Сеть","3963","513","6","4","4",""
"network-dns-resolver-update-failed.mdx","keep","DNS Resolver: ошибка обновления","Сеть","3992","511","6","4","4",""
"network-dns-resolver-wont-start.mdx","keep","DNS Resolver: не запускается","Сеть","3947","509","6","4","4",""
"network-dns-rezolver-access-denied.mdx","keep","DNS резолвер: показывает отказ в доступе","Сеть","4070","536","6","3","3",""
"network-dns-rezolver-crash-on-open.mdx","keep","DNS резолвер: падает при открытии файла или проекта","Сеть","4066","535","6","3","3",""
"network-dns-rezolver-does-not-start.mdx","keep","DNS резолвер: не запускается после обновления","Сеть","4041","532","6","3","3",""
"network-dns-rezolver-settings-reset.mdx","keep","DNS резолвер: сбрасывает настройки после перезапуска","Сеть","4072","531","6","3","3",""
"network-dns-rezolver-slow-response.mdx","keep","DNS резолвер: работает заметно медленнее обычного","Сеть","4086","535","6","3","3",""
"network-dns-rezolver-update-loop.mdx","keep","DNS резолвер: застревает в цикле обновления","Сеть","4084","537","6","3","3",""
"network-domashnyaya-set-access-denied.mdx","keep","домашняя сеть: показывает отказ в доступе","Сеть","4075","536","6","3","3",""
"network-domashnyaya-set-crash-on-open.mdx","keep","домашняя сеть: падает при открытии файла или проекта","Сеть","4071","535","6","3","3",""
"network-domashnyaya-set-does-not-start.mdx","keep","домашняя сеть: не запускается после обновления","Сеть","4046","532","6","3","3",""
"network-domashnyaya-set-settings-reset.mdx","keep","домашняя сеть: сбрасывает настройки после перезапуска","Сеть","4077","531","6","3","3",""
"network-domashnyaya-set-slow-response.mdx","keep","домашняя сеть: работает заметно медленнее обычного","Сеть","4091","535","6","3","3",""
"network-domashnyaya-set-update-loop.mdx","keep","домашняя сеть: застревает в цикле обновления","Сеть","4089","537","6","3","3",""
"network-ethernet-podklyuchenie-access-denied.mdx","keep","Ethernet подключение: показывает отказ в доступе","Сеть","4110","536","6","3","3",""
"network-ethernet-podklyuchenie-crash-on-open.mdx","keep","Ethernet подключение: падает при открытии файла или проекта","Сеть","4106","535","6","3","3",""
"network-ethernet-podklyuchenie-does-not-start.mdx","keep","Ethernet подключение: не запускается после обновления","Сеть","4081","532","6","3","3",""
"network-ethernet-podklyuchenie-settings-reset.mdx","keep","Ethernet подключение: сбрасывает настройки после перезапуска","Сеть","4112","531","6","3","3",""
"network-ethernet-podklyuchenie-slow-response.mdx","keep","Ethernet подключение: работает заметно медленнее обычного","Сеть","4126","535","6","3","3",""
"network-ethernet-podklyuchenie-update-loop.mdx","keep","Ethernet подключение: застревает в цикле обновления","Сеть","4124","537","6","3","3",""
"network-gostevaya-set-access-denied.mdx","keep","гостевая сеть: показывает отказ в доступе","Сеть","4075","536","6","3","3",""
"network-gostevaya-set-crash-on-open.mdx","keep","гостевая сеть: падает при открытии файла или проекта","Сеть","4071","535","6","3","3",""
"network-gostevaya-set-does-not-start.mdx","keep","гостевая сеть: не запускается после обновления","Сеть","4046","532","6","3","3",""
"network-gostevaya-set-settings-reset.mdx","keep","гостевая сеть: сбрасывает настройки после перезапуска","Сеть","4077","531","6","3","3",""
"network-gostevaya-set-slow-response.mdx","keep","гостевая сеть: работает заметно медленнее обычного","Сеть","4091","535","6","3","3",""
"network-ip-kamera-access-denied.mdx","keep","IP камера: показывает отказ в доступе","Сеть","4055","536","6","3","3",""
"network-ip-kamera-crash-on-open.mdx","keep","IP камера: падает при открытии файла или проекта","Сеть","4051","535","6","3","3",""
"network-ip-kamera-does-not-start.mdx","keep","IP камера: не запускается после обновления","Сеть","4026","532","6","3","3",""
"network-ip-kamera-settings-reset.mdx","keep","IP камера: сбрасывает настройки после перезапуска","Сеть","4057","531","6","3","3",""
"network-ip-kamera-slow-response.mdx","keep","IP камера: работает заметно медленнее обычного","Сеть","4071","535","6","3","3",""
"network-mesh-wi-fi-access-denied.mdx","keep","mesh Wi-Fi: показывает отказ в доступе","Сеть","4060","536","6","3","3",""
"network-mesh-wi-fi-crash-on-open.mdx","keep","mesh Wi-Fi: падает при открытии файла или проекта","Сеть","4056","535","6","3","3",""
"network-mesh-wi-fi-does-not-start.mdx","keep","mesh Wi-Fi: не запускается после обновления","Сеть","4031","532","6","3","3",""
"network-mesh-wi-fi-settings-reset.mdx","keep","mesh Wi-Fi: сбрасывает настройки после перезапуска","Сеть","4062","531","6","3","3",""
"network-mesh-wi-fi-slow-response.mdx","keep","mesh Wi-Fi: работает заметно медленнее обычного","Сеть","4076","535","6","3","3",""
"network-mesh-wi-fi-update-loop.mdx","keep","mesh Wi-Fi: застревает в цикле обновления","Сеть","4074","537","6","3","3",""
"network-nas-v-seti-access-denied.mdx","keep","NAS в сети: показывает отказ в доступе","Сеть","4060","541","6","3","3",""
"network-nas-v-seti-crash-on-open.mdx","keep","NAS в сети: падает при открытии файла или проекта","Сеть","4056","540","6","3","3",""
"network-nas-v-seti-does-not-start.mdx","keep","NAS в сети: не запускается после обновления","Сеть","4031","537","6","3","3",""
"network-nas-v-seti-settings-reset.mdx","keep","NAS в сети: сбрасывает настройки после перезапуска","Сеть","4062","536","6","3","3",""
"network-nas-v-seti-slow-response.mdx","keep","NAS в сети: работает заметно медленнее обычного","Сеть","4076","540","6","3","3",""
"network-openvpn-crashes-after-update.mdx","keep","OpenVPN: вылетает после обновления","Сеть","3992","507","6","4","4",""
"network-openvpn-permission-denied.mdx","keep","OpenVPN: отказано в доступе","Сеть","3975","507","6","4","4",""
"network-openvpn-sync-failed.mdx","keep","OpenVPN: не синхронизируется","Сеть","3928","506","6","4","4",""
"network-openvpn-wont-start.mdx","keep","OpenVPN: не запускается","Сеть","3912","502","6","4","4",""
"network-port-forwarding-access-denied.mdx","keep","порт forwarding: показывает отказ в доступе","Сеть","4085","536","6","3","3",""
"network-port-forwarding-crash-on-open.mdx","keep","порт forwarding: падает при открытии файла или проекта","Сеть","4081","535","6","3","3",""
"network-port-forwarding-does-not-start.mdx","keep","порт forwarding: не запускается после обновления","Сеть","4056","532","6","3","3",""
"network-port-forwarding-settings-reset.mdx","keep","порт forwarding: сбрасывает настройки после перезапуска","Сеть","4087","531","6","3","3",""
"network-port-forwarding-slow-response.mdx","keep","порт forwarding: работает заметно медленнее обычного","Сеть","4101","535","6","3","3",""
"network-port-forwarding-update-loop.mdx","keep","порт forwarding: застревает в цикле обновления","Сеть","4099","537","6","3","3",""
"network-setevoy-printer-access-denied.mdx","keep","сетевой принтер: показывает отказ в доступе","Сеть","4085","536","6","3","3",""
"network-setevoy-printer-crash-on-open.mdx","keep","сетевой принтер: падает при открытии файла или проекта","Сеть","4081","535","6","3","3",""
"network-setevoy-printer-does-not-start.mdx","keep","сетевой принтер: не запускается после обновления","Сеть","4056","532","6","3","3",""
"network-setevoy-printer-settings-reset.mdx","keep","сетевой принтер: сбрасывает настройки после перезапуска","Сеть","4087","531","6","3","3",""
"network-setevoy-printer-slow-response.mdx","keep","сетевой принтер: работает заметно медленнее обычного","Сеть","4101","535","6","3","3",""
"network-vpn-tunnel-access-denied.mdx","keep","VPN туннель: показывает отказ в доступе","Сеть","4065","536","6","3","3",""
"network-vpn-tunnel-crash-on-open.mdx","keep","VPN туннель: падает при открытии файла или проекта","Сеть","4061","535","6","3","3",""
"network-vpn-tunnel-does-not-start.mdx","keep","VPN туннель: не запускается после обновления","Сеть","4036","532","6","3","3",""
"network-vpn-tunnel-settings-reset.mdx","keep","VPN туннель: сбрасывает настройки после перезапуска","Сеть","4067","531","6","3","3",""
"network-vpn-tunnel-slow-response.mdx","keep","VPN туннель: работает заметно медленнее обычного","Сеть","4081","535","6","3","3",""
"network-vpn-tunnel-update-loop.mdx","keep","VPN туннель: застревает в цикле обновления","Сеть","4079","537","6","3","3",""
"network-wi-fi-router-access-denied.mdx","keep","Wi-Fi роутер: показывает отказ в доступе","Сеть","4070","536","6","3","3",""
"network-wi-fi-router-crash-on-open.mdx","keep","Wi-Fi роутер: падает при открытии файла или проекта","Сеть","4066","535","6","3","3",""
"network-wi-fi-router-does-not-start.mdx","keep","Wi-Fi роутер: не запускается после обновления","Сеть","4041","532","6","3","3",""
"network-wi-fi-router-settings-reset.mdx","keep","Wi-Fi роутер: сбрасывает настройки после перезапуска","Сеть","4072","531","6","3","3",""
"network-wi-fi-router-slow-response.mdx","keep","Wi-Fi роутер: работает заметно медленнее обычного","Сеть","4086","535","6","3","3",""
"network-wi-fi-router-update-loop.mdx","keep","Wi-Fi роутер: застревает в цикле обновления","Сеть","4084","537","6","3","3",""
"nfs-mount-failed-linux.mdx","keep","NFS mount failed: как исправить ошибку монтирования NFS в Linux","Linux","3850","505","6","4","4",""
"npm-eacces-permission-fix.mdx","keep","npm ERR! EACCES: как исправить ошибку доступа при установке пакетов","Программирование","3842","504","6","4","2",""
"npm-enoent-package-json.mdx","keep","npm ERR! enoent: нет package.json в текущей папке","Веб-разработка","6130","836","6","3","2",""
"nvidia-gpu-ne-opredelyaetsya-drayver.mdx","keep","NVIDIA GPU: не определяется драйвер — как исправить","Оборудование","3952","500","6","4","4",""
"nvidia-gpu-nizkaya-proizvoditelnost.mdx","keep","NVIDIA GPU: низкая производительность — как исправить","Оборудование","3963","497","6","4","4",""
"nvidia-gpu-oshibka-ustroystva.mdx","keep","NVIDIA GPU: ошибка устройства — как исправить","Оборудование","3946","499","6","4","4",""
"nvidia-gpu-otvalivaetsya-posle-sna.mdx","keep","NVIDIA GPU: отваливается после сна — как исправить","Оборудование","3951","500","6","4","4",""
"oborudovanie-nvidia-fps-drop-after-driver-update-ustranenie-nizkogo-fps-posle-obnovleniya-draive.mdx","keep","Устранение низкого FPS после обновления драйверов NVIDIA","Оборудование","5381","674","6","4","4",""
"oborudovanie-opengl-low-fps-after-update-fps-prosel-posle-obnovleniya-razbiraemsya-s-opengl-i-vo.mdx","keep","FPS просел после обновления? Разбираемся с OpenGL и возвращаем кадры!","Оборудование","4696","592","6","4","2",""
"oborudovanie-opengl-outofvideomemory-kak-reshit-problemu-opengl-ne-hvataet-videopamyati.mdx","keep","Как решить проблему «OpenGL: не хватает видеопамяти»","Оборудование","4020","506","6","3","3",""
"office-excel-kniga-access-denied.mdx","keep","Excel книга: показывает отказ в доступе","Офисные программы","4119","537","6","3","2",""
"office-excel-kniga-crash-on-open.mdx","keep","Excel книга: падает при открытии файла или проекта","Офисные программы","4115","536","6","3","2",""
"office-excel-kniga-does-not-start.mdx","keep","Excel книга: не запускается после обновления","Офисные программы","4090","533","6","3","2",""
"office-excel-kniga-settings-reset.mdx","keep","Excel книга: сбрасывает настройки после перезапуска","Офисные программы","4121","532","6","3","2",""
"office-excel-kniga-slow-response.mdx","keep","Excel книга: работает заметно медленнее обычного","Офисные программы","4135","536","6","3","2",""
"office-excel-kniga-update-loop.mdx","keep","Excel книга: застревает в цикле обновления","Офисные программы","4133","538","6","3","2",""
"office-google-docs-fayl-access-denied.mdx","keep","Google Docs файл: показывает отказ в доступе","Офисные программы","4144","542","6","3","2",""
"office-google-docs-fayl-crash-on-open.mdx","keep","Google Docs файл: падает при открытии файла или проекта","Офисные программы","4140","541","6","3","2",""
"office-google-docs-fayl-does-not-start.mdx","keep","Google Docs файл: не запускается после обновления","Офисные программы","4115","538","6","3","2",""
"office-google-docs-fayl-settings-reset.mdx","keep","Google Docs файл: сбрасывает настройки после перезапуска","Офисные программы","4146","537","6","3","2",""
"office-google-docs-fayl-slow-response.mdx","keep","Google Docs файл: работает заметно медленнее обычного","Офисные программы","4160","541","6","3","2",""
"office-google-docs-fayl-update-loop.mdx","keep","Google Docs файл: застревает в цикле обновления","Офисные программы","4158","543","6","3","2",""
"office-makros-excel-access-denied.mdx","keep","макрос Excel: показывает отказ в доступе","Офисные программы","4124","537","6","3","2",""
"office-makros-excel-crash-on-open.mdx","keep","макрос Excel: падает при открытии файла или проекта","Офисные программы","4120","536","6","3","2",""
"office-makros-excel-does-not-start.mdx","keep","макрос Excel: не запускается после обновления","Офисные программы","4095","533","6","3","2",""
"office-makros-excel-settings-reset.mdx","keep","макрос Excel: сбрасывает настройки после перезапуска","Офисные программы","4126","532","6","3","2",""
"office-makros-excel-slow-response.mdx","keep","макрос Excel: работает заметно медленнее обычного","Офисные программы","4140","536","6","3","2",""
"office-makros-excel-update-loop.mdx","keep","макрос Excel: застревает в цикле обновления","Офисные программы","4138","538","6","3","2",""
"office-microsoft-365-vhod-access-denied.mdx","keep","Microsoft 365 вход: показывает отказ в доступе","Офисные программы","4154","542","6","3","2",""
"office-microsoft-365-vhod-crash-on-open.mdx","keep","Microsoft 365 вход: падает при открытии файла или проекта","Офисные программы","4150","541","6","3","2",""
"office-microsoft-365-vhod-does-not-start.mdx","keep","Microsoft 365 вход: не запускается после обновления","Офисные программы","4125","538","6","3","2",""
"office-microsoft-365-vhod-settings-reset.mdx","keep","Microsoft 365 вход: сбрасывает настройки после перезапуска","Офисные программы","4156","537","6","3","2",""
"office-microsoft-365-vhod-slow-response.mdx","keep","Microsoft 365 вход: работает заметно медленнее обычного","Офисные программы","4170","541","6","3","2",""
"office-microsoft-excel-config-error.mdx","keep","Microsoft Excel: ошибка конфигурации","Офисные программы","4067","514","6","4","2",""
"office-microsoft-excel-crashes-after-update.mdx","keep","Microsoft Excel: вылетает после обновления","Офисные программы","4050","511","6","4","2",""
"office-microsoft-excel-high-cpu.mdx","keep","Microsoft Excel: нагружает процессор","Офисные программы","4102","521","6","4","2",""
"office-microsoft-excel-network-timeout.mdx","keep","Microsoft Excel: ошибка подключения или тайм-аут","Офисные программы","3961","502","6","4","2",""
"office-microsoft-excel-permission-denied.mdx","keep","Microsoft Excel: отказано в доступе","Офисные программы","4033","511","6","4","2",""
"office-microsoft-excel-sync-failed.mdx","keep","Microsoft Excel: не синхронизируется","Офисные программы","3986","510","6","4","2",""
"office-microsoft-excel-update-failed.mdx","keep","Microsoft Excel: ошибка обновления","Офисные программы","4015","508","6","4","2",""
"office-microsoft-excel-wont-start.mdx","keep","Microsoft Excel: не запускается","Офисные программы","3970","506","6","4","2",""
"office-microsoft-word-config-error.mdx","keep","Microsoft Word: ошибка конфигурации","Офисные программы","4060","514","6","4","2",""
"office-microsoft-word-crashes-after-update.mdx","keep","Microsoft Word: вылетает после обновления","Офисные программы","4043","511","6","4","2",""
"office-microsoft-word-dokument-access-denied.mdx","keep","Microsoft Word документ: показывает отказ в доступе","Офисные программы","4179","542","6","3","2",""
"office-microsoft-word-dokument-crash-on-open.mdx","keep","Microsoft Word документ: падает при открытии файла или проекта","Офисные программы","4175","541","6","3","2",""
"office-microsoft-word-dokument-does-not-start.mdx","keep","Microsoft Word документ: не запускается после обновления","Офисные программы","4150","538","6","3","2",""
"office-microsoft-word-dokument-settings-reset.mdx","keep","Microsoft Word документ: сбрасывает настройки после перезапуска","Офисные программы","4181","537","6","3","2",""
"office-microsoft-word-dokument-slow-response.mdx","keep","Microsoft Word документ: работает заметно медленнее обычного","Офисные программы","4195","541","6","3","2",""
"office-microsoft-word-dokument-update-loop.mdx","keep","Microsoft Word документ: застревает в цикле обновления","Офисные программы","4193","543","6","3","2",""
"office-microsoft-word-high-cpu.mdx","keep","Microsoft Word: нагружает процессор","Офисные программы","4095","521","6","4","2",""
"office-microsoft-word-network-timeout.mdx","keep","Microsoft Word: ошибка подключения или тайм-аут","Офисные программы","3954","502","6","4","2",""
"office-microsoft-word-permission-denied.mdx","keep","Microsoft Word: отказано в доступе","Офисные программы","4026","511","6","4","2",""
"office-microsoft-word-sync-failed.mdx","keep","Microsoft Word: не синхронизируется","Офисные программы","3979","510","6","4","2",""
"office-microsoft-word-update-failed.mdx","keep","Microsoft Word: ошибка обновления","Офисные программы","4008","508","6","4","2",""
"office-microsoft-word-wont-start.mdx","keep","Microsoft Word: не запускается","Офисные программы","3963","506","6","4","2",""
"office-obschiy-dokument-access-denied.mdx","keep","общий документ: показывает отказ в доступе","Офисные программы","4134","537","6","3","2",""
"office-obschiy-dokument-crash-on-open.mdx","keep","общий документ: падает при открытии файла или проекта","Офисные программы","4130","536","6","3","2",""
"office-obschiy-dokument-does-not-start.mdx","keep","общий документ: не запускается после обновления","Офисные программы","4105","533","6","3","2",""
"office-obschiy-dokument-settings-reset.mdx","keep","общий документ: сбрасывает настройки после перезапуска","Офисные программы","4136","532","6","3","2",""
"office-obschiy-dokument-slow-response.mdx","keep","общий документ: работает заметно медленнее обычного","Офисные программы","4150","536","6","3","2",""
"office-onedrive-sinhronizaciya-access-denied.mdx","keep","OneDrive синхронизация: показывает отказ в доступе","Офисные программы","4174","537","6","3","2",""
"office-onedrive-sinhronizaciya-crash-on-open.mdx","keep","OneDrive синхронизация: падает при открытии файла или проекта","Офисные программы","4170","536","6","3","2",""
"office-onedrive-sinhronizaciya-does-not-start.mdx","keep","OneDrive синхронизация: не запускается после обновления","Офисные программы","4145","533","6","3","2",""
"office-onedrive-sinhronizaciya-settings-reset.mdx","keep","OneDrive синхронизация: сбрасывает настройки после перезапуска","Офисные программы","4176","532","6","3","2",""
"office-onedrive-sinhronizaciya-slow-response.mdx","keep","OneDrive синхронизация: работает заметно медленнее обычного","Офисные программы","4190","536","6","3","2",""
"office-onedrive-sinhronizaciya-update-loop.mdx","keep","OneDrive синхронизация: застревает в цикле обновления","Офисные программы","4188","538","6","3","2",""
"office-outlook-profil-access-denied.mdx","keep","Outlook профиль: показывает отказ в доступе","Офисные программы","4139","537","6","3","2",""
"office-outlook-profil-crash-on-open.mdx","keep","Outlook профиль: падает при открытии файла или проекта","Офисные программы","4135","536","6","3","2",""
"office-outlook-profil-does-not-start.mdx","keep","Outlook профиль: не запускается после обновления","Офисные программы","4110","533","6","3","2",""
"office-outlook-profil-settings-reset.mdx","keep","Outlook профиль: сбрасывает настройки после перезапуска","Офисные программы","4141","532","6","3","2",""
"office-outlook-profil-slow-response.mdx","keep","Outlook профиль: работает заметно медленнее обычного","Офисные программы","4155","536","6","3","2",""
"office-outlook-profil-update-loop.mdx","keep","Outlook профиль: застревает в цикле обновления","Офисные программы","4153","538","6","3","2",""
"office-pdf-eksport-access-denied.mdx","keep","PDF экспорт: показывает отказ в доступе","Офисные программы","4119","537","6","3","2",""
"office-pdf-eksport-crash-on-open.mdx","keep","PDF экспорт: падает при открытии файла или проекта","Офисные программы","4115","536","6","3","2",""
"office-pdf-eksport-does-not-start.mdx","keep","PDF экспорт: не запускается после обновления","Офисные программы","4090","533","6","3","2",""
"office-pdf-eksport-settings-reset.mdx","keep","PDF экспорт: сбрасывает настройки после перезапуска","Офисные программы","4121","532","6","3","2",""
"office-pdf-eksport-slow-response.mdx","keep","PDF экспорт: работает заметно медленнее обычного","Офисные программы","4135","536","6","3","2",""
"office-pdf-eksport-update-loop.mdx","keep","PDF экспорт: застревает в цикле обновления","Офисные программы","4133","538","6","3","2",""
"office-powerpoint-crashes-after-update.mdx","keep","PowerPoint: вылетает после обновления","Офисные программы","4015","504","6","4","2",""
"office-powerpoint-high-cpu.mdx","keep","PowerPoint: нагружает процессор","Офисные программы","4067","514","6","4","2",""
"office-powerpoint-network-timeout.mdx","keep","PowerPoint: ошибка подключения или тайм-аут","Офисные программы","3926","495","6","4","2",""
"office-powerpoint-permission-denied.mdx","keep","PowerPoint: отказано в доступе","Офисные программы","3998","504","6","4","2",""
"office-powerpoint-prezentaciya-access-denied.mdx","keep","PowerPoint презентация: показывает отказ в доступе","Офисные программы","4174","537","6","3","2",""
"office-powerpoint-prezentaciya-crash-on-open.mdx","keep","PowerPoint презентация: падает при открытии файла или проекта","Офисные программы","4170","536","6","3","2",""
"office-powerpoint-prezentaciya-does-not-start.mdx","keep","PowerPoint презентация: не запускается после обновления","Офисные программы","4145","533","6","3","2",""
"office-powerpoint-prezentaciya-settings-reset.mdx","keep","PowerPoint презентация: сбрасывает настройки после перезапуска","Офисные программы","4176","532","6","3","2",""
"office-powerpoint-prezentaciya-slow-response.mdx","keep","PowerPoint презентация: работает заметно медленнее обычного","Офисные программы","4190","536","6","3","2",""
"office-powerpoint-prezentaciya-update-loop.mdx","keep","PowerPoint презентация: застревает в цикле обновления","Офисные программы","4188","538","6","3","2",""
"office-powerpoint-sync-failed.mdx","keep","PowerPoint: не синхронизируется","Офисные программы","3951","503","6","4","2",""
"office-powerpoint-wont-start.mdx","keep","PowerPoint: не запускается","Офисные программы","3935","499","6","4","2",""
"office-shablon-office-access-denied.mdx","keep","шаблон Office: показывает отказ в доступе","Офисные программы","4129","537","6","3","2",""
"office-shablon-office-crash-on-open.mdx","keep","шаблон Office: падает при открытии файла или проекта","Офисные программы","4125","536","6","3","2",""
"office-shablon-office-does-not-start.mdx","keep","шаблон Office: не запускается после обновления","Офисные программы","4100","533","6","3","2",""
"office-shablon-office-settings-reset.mdx","keep","шаблон Office: сбрасывает настройки после перезапуска","Офисные программы","4131","532","6","3","2",""
"office-shablon-office-slow-response.mdx","keep","шаблон Office: работает заметно медленнее обычного","Офисные программы","4145","536","6","3","2",""
"office-teams-vstrecha-access-denied.mdx","keep","Teams встреча: показывает отказ в доступе","Офисные программы","4129","537","6","3","2",""
"office-teams-vstrecha-crash-on-open.mdx","keep","Teams встреча: падает при открытии файла или проекта","Офисные программы","4125","536","6","3","2",""
"office-teams-vstrecha-does-not-start.mdx","keep","Teams встреча: не запускается после обновления","Офисные программы","4100","533","6","3","2",""
"office-teams-vstrecha-settings-reset.mdx","keep","Teams встреча: сбрасывает настройки после перезапуска","Офисные программы","4131","532","6","3","2",""
"office-teams-vstrecha-slow-response.mdx","keep","Teams встреча: работает заметно медленнее обычного","Офисные программы","4145","536","6","3","2",""
"office-teams-vstrecha-update-loop.mdx","keep","Teams встреча: застревает в цикле обновления","Офисные программы","4143","538","6","3","2",""
"onedrive-sync-pending-stuck-fix.mdx","keep","OneDrive завис на Sync pending: как исправить синхронизацию","Офисные программы","5974","837","7","4","2",""
"outlook-ne-otpravlyaet-pisma.mdx","keep","Outlook: не отправляет письма — как исправить","Электронная почта","3879","492","6","4","3",""
"outlook-ne-poluchaet-pisma-kak-ispravit.mdx","keep","Outlook не получает письма: как исправить проблему синхронизации","Электронная почта","3938","505","6","4","3",""
"outlook-ne-prinimaet-pisma.mdx","keep","Outlook: не принимает письма — как исправить","Электронная почта","3878","492","6","4","3",""
"outlook-ne-rabotaet-vlozhenie.mdx","keep","Outlook: не работает вложение — как исправить","Электронная почта","3879","492","6","4","3",""
"outlook-oshibka-parolya.mdx","keep","Outlook: ошибка пароля — как исправить","Электронная почта","3872","491","6","4","3",""
"outlook-oshibka-sertifikata.mdx","keep","Outlook: ошибка сертификата — как исправить","Электронная почта","3877","491","6","4","3",""
"outlook-pisma-popadayut-v-spam.mdx","keep","Outlook: письма попадают в спам — как исправить","Электронная почта","3881","493","6","4","3",""
"pc-slow-after-windows-update.mdx","keep","ПК тормозит после обновления Windows: как ускорить","Windows","4059","523","6","4","4",""
"photoshop-chernyy-ekran.mdx","keep","Photoshop: черный экран — как исправить","Дизайн и графика","3943","505","6","4","2",""
"photoshop-ne-otobrazhayutsya-shrifty.mdx","keep","Photoshop: не отображаются шрифты — как исправить","Дизайн и графика","3953","506","6","4","2",""
"photoshop-ne-sohranyaet-fayl.mdx","keep","Photoshop: не сохраняет файл — как исправить","Дизайн и графика","3948","506","6","4","2",""
"photoshop-ne-zapuskaetsya.mdx","keep","Photoshop: не запускается — как исправить","Дизайн и графика","3935","503","6","4","2",""
"photoshop-vyletaet-pri-eksporte.mdx","keep","Photoshop: вылетает при экспорте — как исправить","Дизайн и графика","3926","504","6","4","2",""
"pip-install-error-python.mdx","keep","Ошибки pip install в Python: исправление проблем","Программирование","4047","532","6","4","3",""
"postgresql-medlennyy-zapros.mdx","keep","PostgreSQL: медленный запрос — как исправить","Базы данных","3907","497","6","4","3",""
"postgresql-ne-prohodit-migratsiya.mdx","keep","PostgreSQL: не проходит миграция — как исправить","Базы данных","3911","498","6","4","3",""
"postgresql-ne-zapuskaetsya-posle-obnovleniya.mdx","keep","PostgreSQL: не запускается после обновления — как исправить","Базы данных","3912","497","6","4","3",""
"postgresql-not-starting-fix.mdx","keep","PostgreSQL не запускается: исправление ошибок в Ubuntu/Debian","Базы данных","8787","1091","6","4","4",""
"postgresql-oshibka-podklyucheniya.mdx","keep","PostgreSQL: ошибка подключения — как исправить","Базы данных","3909","497","6","4","3",""
"postgresql-povrezhden-indeks.mdx","keep","PostgreSQL: поврежден индекс — как исправить","Базы данных","3907","497","6","4","3",""
"power-tools-akkumulyator-instrumenta-battery-drains.mdx","keep","аккумулятор инструмента: быстро разряжает аккумулятор","Электроинструмент","4175","527","6","3","3",""
"power-tools-akkumulyator-instrumenta-does-not-start.mdx","keep","аккумулятор инструмента: не включается","Электроинструмент","4159","526","6","3","3",""
"power-tools-akkumulyator-instrumenta-low-power.mdx","keep","аккумулятор инструмента: потерял мощность под нагрузкой","Электроинструмент","4151","523","6","3","3",""
"power-tools-akkumulyator-instrumenta-overheats.mdx","keep","аккумулятор инструмента: перегревается при короткой работе","Электроинструмент","4176","527","6","3","3",""
"power-tools-akkumulyator-instrumenta-sparks-smell.mdx","keep","аккумулятор инструмента: искрит или пахнет гарью","Электроинструмент","4162","528","6","3","3",""
"power-tools-akkumulyatornaya-drel-battery-drains.mdx","keep","аккумуляторная дрель: быстро разряжает аккумулятор","Электроинструмент","4160","527","6","3","3",""
"power-tools-akkumulyatornaya-drel-chuck-slip.mdx","keep","аккумуляторная дрель: проворачивает патрон или оснастку","Электроинструмент","4145","527","6","3","3",""
"power-tools-akkumulyatornaya-drel-does-not-start.mdx","keep","аккумуляторная дрель: не включается","Электроинструмент","4144","526","6","3","3",""
"power-tools-akkumulyatornaya-drel-low-power.mdx","keep","аккумуляторная дрель: потерял мощность под нагрузкой","Электроинструмент","4136","523","6","3","3",""
"power-tools-akkumulyatornaya-drel-overheats.mdx","keep","аккумуляторная дрель: перегревается при короткой работе","Электроинструмент","4161","527","6","3","3",""
"power-tools-akkumulyatornaya-drel-sparks-smell.mdx","keep","аккумуляторная дрель: искрит или пахнет гарью","Электроинструмент","4147","528","6","3","3",""
"power-tools-bosch-drel-battery-drains.mdx","keep","Bosch дрель: быстро разряжает аккумулятор","Электроинструмент","4115","527","6","4","4",""
"power-tools-bosch-drel-chuck-slip.mdx","keep","Bosch дрель: проворачивает патрон или оснастку","Электроинструмент","4100","527","6","4","4",""
"power-tools-bosch-drel-does-not-start.mdx","keep","Bosch дрель: не включается","Электроинструмент","4099","526","6","4","4",""
"power-tools-bosch-drel-low-power.mdx","keep","Bosch дрель: потерял мощность под нагрузкой","Электроинструмент","4091","523","6","4","4",""
"power-tools-bosch-drel-overheats.mdx","keep","Bosch дрель: перегревается при короткой работе","Электроинструмент","4116","527","6","4","4",""
"power-tools-bosch-drel-sparks-smell.mdx","keep","Bosch дрель: искрит или пахнет гарью","Электроинструмент","4102","528","6","4","4",""
"power-tools-bosch-rotary-hammer-disconnects-randomly.mdx","keep","Bosch rotary hammer: самопроизвольно отключается","Электроинструмент","3609","445","6","4","4",""
"power-tools-bosch-rotary-hammer-driver-error.mdx","keep","Bosch rotary hammer: ошибка драйвера","Электроинструмент","3531","442","6","4","4",""
"power-tools-bosch-rotary-hammer-firmware-update-failed.mdx","keep","Bosch rotary hammer: ошибка обновления прошивки","Электроинструмент","3596","452","6","4","4",""
"power-tools-bosch-rotary-hammer-low-performance.mdx","keep","Bosch rotary hammer: низкая производительность","Электроинструмент","3579","445","6","4","4",""
"power-tools-bosch-rotary-hammer-not-detected.mdx","keep","Bosch rotary hammer: не определяется системой","Электроинструмент","3611","457","6","4","4",""
"power-tools-cirkulyarnaya-pila-battery-drains.mdx","keep","циркулярная пила: быстро разряжает аккумулятор","Электроинструмент","4140","527","6","3","3",""
"power-tools-cirkulyarnaya-pila-chuck-slip.mdx","keep","циркулярная пила: проворачивает патрон или оснастку","Электроинструмент","4125","527","6","3","3",""
"power-tools-cirkulyarnaya-pila-does-not-start.mdx","keep","циркулярная пила: не включается","Электроинструмент","4124","526","6","3","3",""
"power-tools-cirkulyarnaya-pila-low-power.mdx","keep","циркулярная пила: потерял мощность под нагрузкой","Электроинструмент","4116","523","6","3","3",""
"power-tools-cirkulyarnaya-pila-overheats.mdx","keep","циркулярная пила: перегревается при короткой работе","Электроинструмент","4141","527","6","3","3",""
"power-tools-cirkulyarnaya-pila-sparks-smell.mdx","keep","циркулярная пила: искрит или пахнет гарью","Электроинструмент","4127","528","6","3","3",""
"power-tools-dewalt-screwdriver-disconnects-randomly.mdx","keep","DeWalt screwdriver: самопроизвольно отключается","Электроинструмент","3605","441","6","4","4",""
"power-tools-dewalt-screwdriver-driver-error.mdx","keep","DeWalt screwdriver: ошибка драйвера","Электроинструмент","3527","438","6","4","4",""
"power-tools-dewalt-screwdriver-firmware-update-failed.mdx","keep","DeWalt screwdriver: ошибка обновления прошивки","Электроинструмент","3592","448","6","4","4",""
"power-tools-dewalt-screwdriver-low-performance.mdx","keep","DeWalt screwdriver: низкая производительность","Электроинструмент","3575","441","6","4","4",""
"power-tools-dewalt-screwdriver-not-detected.mdx","keep","DeWalt screwdriver: не определяется системой","Электроинструмент","3607","453","6","4","4",""
"power-tools-dewalt-shurupovert-battery-drains.mdx","keep","DeWalt шуруповерт: быстро разряжает аккумулятор","Электроинструмент","4145","527","6","4","4",""
"power-tools-dewalt-shurupovert-chuck-slip.mdx","keep","DeWalt шуруповерт: проворачивает патрон или оснастку","Электроинструмент","4130","527","6","4","4",""
"power-tools-dewalt-shurupovert-does-not-start.mdx","keep","DeWalt шуруповерт: не включается","Электроинструмент","4129","526","6","4","4",""
"power-tools-dewalt-shurupovert-low-power.mdx","keep","DeWalt шуруповерт: потерял мощность под нагрузкой","Электроинструмент","4121","523","6","4","4",""
"power-tools-dewalt-shurupovert-overheats.mdx","keep","DeWalt шуруповерт: перегревается при короткой работе","Электроинструмент","4146","527","6","4","4",""
"power-tools-dewalt-shurupovert-sparks-smell.mdx","keep","DeWalt шуруповерт: искрит или пахнет гарью","Электроинструмент","4132","528","6","4","4",""
"power-tools-lobzik-battery-drains.mdx","keep","лобзик: быстро разряжает аккумулятор","Электроинструмент","4090","522","6","3","3",""
"power-tools-lobzik-chuck-slip.mdx","keep","лобзик: проворачивает патрон или оснастку","Электроинструмент","4075","522","6","3","3",""
"power-tools-lobzik-does-not-start.mdx","keep","лобзик: не включается","Электроинструмент","4074","521","6","3","3",""
"power-tools-lobzik-low-power.mdx","keep","лобзик: потерял мощность под нагрузкой","Электроинструмент","4066","518","6","3","3",""
"power-tools-lobzik-overheats.mdx","keep","лобзик: перегревается при короткой работе","Электроинструмент","4091","522","6","3","3",""
"power-tools-lobzik-sparks-smell.mdx","keep","лобзик: искрит или пахнет гарью","Электроинструмент","4077","523","6","3","3",""
"power-tools-makita-drill-disconnects-randomly.mdx","keep","Makita drill: самопроизвольно отключается","Электроинструмент","3581","441","6","4","3",""
"power-tools-makita-drill-driver-error.mdx","keep","Makita drill: ошибка драйвера","Электроинструмент","3503","438","6","4","3",""
"power-tools-makita-drill-firmware-update-failed.mdx","keep","Makita drill: ошибка обновления прошивки","Электроинструмент","3568","448","6","4","3",""
"power-tools-makita-drill-low-performance.mdx","keep","Makita drill: низкая производительность","Электроинструмент","3551","441","6","4","3",""
"power-tools-makita-drill-not-detected.mdx","keep","Makita drill: не определяется системой","Электроинструмент","3583","453","6","4","3",""
"power-tools-makita-shurupovert-battery-drains.mdx","keep","Makita шуруповерт: быстро разряжает аккумулятор","Электроинструмент","4145","527","6","4","4",""
"power-tools-makita-shurupovert-chuck-slip.mdx","keep","Makita шуруповерт: проворачивает патрон или оснастку","Электроинструмент","4130","527","6","4","4",""
"power-tools-makita-shurupovert-does-not-start.mdx","keep","Makita шуруповерт: не включается","Электроинструмент","4129","526","6","4","4",""
"power-tools-makita-shurupovert-low-power.mdx","keep","Makita шуруповерт: потерял мощность под нагрузкой","Электроинструмент","4121","523","6","4","4",""
"power-tools-makita-shurupovert-overheats.mdx","keep","Makita шуруповерт: перегревается при короткой работе","Электроинструмент","4146","527","6","4","4",""
"power-tools-makita-shurupovert-sparks-smell.mdx","keep","Makita шуруповерт: искрит или пахнет гарью","Электроинструмент","4132","528","6","4","4",""
"power-tools-metabo-grinder-not-detected.mdx","keep","Metabo grinder: не определяется системой","Электроинструмент","3591","453","6","4","4",""
"power-tools-patron-dreli-battery-drains.mdx","keep","патрон дрели: быстро разряжает аккумулятор","Электроинструмент","4120","527","6","3","3",""
"power-tools-patron-dreli-does-not-start.mdx","keep","патрон дрели: не включается","Электроинструмент","4104","526","6","3","3",""
"power-tools-patron-dreli-low-power.mdx","keep","патрон дрели: потерял мощность под нагрузкой","Электроинструмент","4096","523","6","3","3",""
"power-tools-patron-dreli-overheats.mdx","keep","патрон дрели: перегревается при короткой работе","Электроинструмент","4121","527","6","3","3",""
"power-tools-patron-dreli-sparks-smell.mdx","keep","патрон дрели: искрит или пахнет гарью","Электроинструмент","4107","528","6","3","3",""
"power-tools-perforator-battery-drains.mdx","keep","перфоратор: быстро разряжает аккумулятор","Электроинструмент","4110","522","6","3","3",""
"power-tools-perforator-chuck-slip.mdx","keep","перфоратор: проворачивает патрон или оснастку","Электроинструмент","4095","522","6","3","3",""
"power-tools-perforator-does-not-start.mdx","keep","перфоратор: не включается","Электроинструмент","4094","521","6","3","3",""
"power-tools-perforator-low-power.mdx","keep","перфоратор: потерял мощность под нагрузкой","Электроинструмент","4086","518","6","3","3",""
"power-tools-perforator-overheats.mdx","keep","перфоратор: перегревается при короткой работе","Электроинструмент","4111","522","6","3","3",""
"power-tools-perforator-sparks-smell.mdx","keep","перфоратор: искрит или пахнет гарью","Электроинструмент","4097","523","6","3","3",""
"power-tools-rezhim-udara-dreli-battery-drains.mdx","keep","режим удара дрели: быстро разряжает аккумулятор","Электроинструмент","4145","532","6","3","3",""
"power-tools-rezhim-udara-dreli-does-not-start.mdx","keep","режим удара дрели: не включается","Электроинструмент","4129","531","6","3","3",""
"power-tools-rezhim-udara-dreli-low-power.mdx","keep","режим удара дрели: потерял мощность под нагрузкой","Электроинструмент","4121","528","6","3","3",""
"power-tools-rezhim-udara-dreli-overheats.mdx","keep","режим удара дрели: перегревается при короткой работе","Электроинструмент","4146","532","6","3","3",""
"power-tools-rezhim-udara-dreli-sparks-smell.mdx","keep","режим удара дрели: искрит или пахнет гарью","Электроинструмент","4132","533","6","3","3",""
"power-tools-uglovaya-shlifmashina-battery-drains.mdx","keep","угловая шлифмашина: быстро разряжает аккумулятор","Электроинструмент","4150","527","6","3","3",""
"power-tools-uglovaya-shlifmashina-chuck-slip.mdx","keep","угловая шлифмашина: проворачивает патрон или оснастку","Электроинструмент","4135","527","6","3","3",""
"power-tools-uglovaya-shlifmashina-does-not-start.mdx","keep","угловая шлифмашина: не включается","Электроинструмент","4134","526","6","3","3",""
"power-tools-uglovaya-shlifmashina-low-power.mdx","keep","угловая шлифмашина: потерял мощность под нагрузкой","Электроинструмент","4126","523","6","3","3",""
"power-tools-uglovaya-shlifmashina-overheats.mdx","keep","угловая шлифмашина: перегревается при короткой работе","Электроинструмент","4151","527","6","3","3",""
"power-tools-uglovaya-shlifmashina-sparks-smell.mdx","keep","угловая шлифмашина: искрит или пахнет гарью","Электроинструмент","4137","528","6","3","3",""
"power-tools-zaryadnoe-ustroystvo-instrumenta-battery-drains.mdx","keep","зарядное устройство инструмента: быстро разряжает аккумулятор","Электроинструмент","4215","532","6","3","3",""
"power-tools-zaryadnoe-ustroystvo-instrumenta-does-not-start.mdx","keep","зарядное устройство инструмента: не включается","Электроинструмент","4199","531","6","3","3",""
"power-tools-zaryadnoe-ustroystvo-instrumenta-low-power.mdx","keep","зарядное устройство инструмента: потерял мощность под нагрузкой","Электроинструмент","4191","528","6","3","3",""
"power-tools-zaryadnoe-ustroystvo-instrumenta-overheats.mdx","keep","зарядное устройство инструмента: перегревается при короткой работе","Электроинструмент","4216","532","6","3","3",""
"power-tools-zaryadnoe-ustroystvo-instrumenta-sparks-smell.mdx","keep","зарядное устройство инструмента: искрит или пахнет гарью","Электроинструмент","4202","533","6","3","3",""
"printer-ne-pechataet-kak-ispravit-oshibku-pechati-v-windows.mdx","keep","Принтер не печатает в Windows: полное руководство по исправлению","Принтеры и сканеры","4062","527","6","4","2",""
"printers-brother-mfc-printer-driver-error.mdx","keep","Brother MFC принтер: ругается на драйвер","Принтеры и сканеры","4133","542","6","3","3",""
"printers-brother-mfc-printer-duplex-fails.mdx","keep","Brother MFC принтер: не печатает с двух сторон","Принтеры и сканеры","4161","548","6","3","3",""
"printers-brother-mfc-printer-faded-print.mdx","keep","Brother MFC принтер: печатает бледно или полосами","Принтеры и сканеры","4169","548","6","3","3",""
"printers-brother-mfc-printer-offline.mdx","keep","Brother MFC принтер: показывает статус Offline","Принтеры и сканеры","4167","548","6","3","3",""
"printers-brother-mfc-printer-paper-jam.mdx","keep","Brother MFC принтер: пишет о замятии бумаги","Принтеры и сканеры","4152","546","6","3","3",""
"printers-brother-mfc-printer-scan-fails.mdx","keep","Brother MFC принтер: не сканирует на компьютер","Принтеры и сканеры","4168","547","6","3","3",""
"printers-brother-printer-disconnects-randomly.mdx","keep","Brother Printer: самопроизвольно отключается","Принтеры и сканеры","4030","500","6","3","3",""
"printers-brother-printer-driver-error.mdx","keep","Brother Printer: ошибка драйвера","Принтеры и сканеры","4071","509","6","3","3",""
"printers-brother-printer-firmware-update-failed.mdx","keep","Brother Printer: ошибка обновления прошивки","Принтеры и сканеры","4060","511","6","3","3",""
"printers-brother-printer-low-performance.mdx","keep","Brother Printer: низкая производительность","Принтеры и сканеры","4070","510","6","3","3",""
"printers-brother-printer-not-detected.mdx","keep","Brother Printer: не определяется системой","Принтеры и сканеры","4034","515","6","3","3",""
"printers-canon-pixma-disconnects-randomly.mdx","keep","Canon PIXMA: самопроизвольно отключается","Принтеры и сканеры","4002","500","6","3","3",""
"printers-canon-pixma-driver-error.mdx","keep","Canon PIXMA: ошибка драйвера","Принтеры и сканеры","4043","509","6","3","3",""
"printers-canon-pixma-firmware-update-failed.mdx","keep","Canon PIXMA: ошибка обновления прошивки","Принтеры и сканеры","4032","511","6","3","3",""
"printers-canon-pixma-low-performance.mdx","keep","Canon PIXMA: низкая производительность","Принтеры и сканеры","4042","510","6","3","3",""
"printers-canon-pixma-not-detected.mdx","keep","Canon PIXMA: не определяется системой","Принтеры и сканеры","4006","515","6","3","3",""
"printers-canon-pixma-printer-driver-error.mdx","keep","Canon PIXMA принтер: ругается на драйвер","Принтеры и сканеры","4133","542","6","3","3",""
"printers-canon-pixma-printer-duplex-fails.mdx","keep","Canon PIXMA принтер: не печатает с двух сторон","Принтеры и сканеры","4161","548","6","3","3",""
"printers-canon-pixma-printer-faded-print.mdx","keep","Canon PIXMA принтер: печатает бледно или полосами","Принтеры и сканеры","4169","548","6","3","3",""
"printers-canon-pixma-printer-offline.mdx","keep","Canon PIXMA принтер: показывает статус Offline","Принтеры и сканеры","4167","548","6","3","3",""
"printers-canon-pixma-printer-paper-jam.mdx","keep","Canon PIXMA принтер: пишет о замятии бумаги","Принтеры и сканеры","4152","546","6","3","3",""
"printers-canon-pixma-printer-scan-fails.mdx","keep","Canon PIXMA принтер: не сканирует на компьютер","Принтеры и сканеры","4168","547","6","3","3",""
"printers-epson-ecotank-disconnects-randomly.mdx","keep","Epson EcoTank: самопроизвольно отключается","Принтеры и сканеры","4016","500","6","3","2",""
"printers-epson-ecotank-driver-error.mdx","keep","Epson EcoTank: ошибка драйвера","Принтеры и сканеры","4057","509","6","3","2",""
"printers-epson-ecotank-firmware-update-failed.mdx","keep","Epson EcoTank: ошибка обновления прошивки","Принтеры и сканеры","4046","511","6","3","2",""
"printers-epson-ecotank-low-performance.mdx","keep","Epson EcoTank: низкая производительность","Принтеры и сканеры","4056","510","6","3","2",""
"printers-epson-ecotank-not-detected.mdx","keep","Epson EcoTank: не определяется системой","Принтеры и сканеры","4020","515","6","3","2",""
"printers-epson-ecotank-printer-driver-error.mdx","keep","Epson EcoTank принтер: ругается на драйвер","Принтеры и сканеры","4143","542","6","3","3",""
"printers-epson-ecotank-printer-duplex-fails.mdx","keep","Epson EcoTank принтер: не печатает с двух сторон","Принтеры и сканеры","4171","548","6","3","3",""
"printers-epson-ecotank-printer-faded-print.mdx","keep","Epson EcoTank принтер: печатает бледно или полосами","Принтеры и сканеры","4179","548","6","3","3",""
"printers-epson-ecotank-printer-offline.mdx","keep","Epson EcoTank принтер: показывает статус Offline","Принтеры и сканеры","4177","548","6","3","3",""
"printers-epson-ecotank-printer-paper-jam.mdx","keep","Epson EcoTank принтер: пишет о замятии бумаги","Принтеры и сканеры","4162","546","6","3","3",""
"printers-epson-ecotank-printer-scan-fails.mdx","keep","Epson EcoTank принтер: не сканирует на компьютер","Принтеры и сканеры","4178","547","6","3","3",""
"printers-fotoprinter-driver-error.mdx","keep","фотопринтер: ругается на драйвер","Принтеры и сканеры","4093","532","6","3","3",""
"printers-fotoprinter-duplex-fails.mdx","keep","фотопринтер: не печатает с двух сторон","Принтеры и сканеры","4121","538","6","3","3",""
"printers-fotoprinter-faded-print.mdx","keep","фотопринтер: печатает бледно или полосами","Принтеры и сканеры","4129","538","6","3","3",""
"printers-fotoprinter-offline.mdx","keep","фотопринтер: показывает статус Offline","Принтеры и сканеры","4127","538","6","3","3",""
"printers-fotoprinter-paper-jam.mdx","keep","фотопринтер: пишет о замятии бумаги","Принтеры и сканеры","4112","536","6","3","3",""
"printers-fotoprinter-scan-fails.mdx","keep","фотопринтер: не сканирует на компьютер","Принтеры и сканеры","4128","537","6","3","3",""
"printers-hp-laserjet-disconnects-randomly.mdx","keep","HP LaserJet: самопроизвольно отключается","Принтеры и сканеры","4002","500","6","3","2",""
"printers-hp-laserjet-driver-error.mdx","keep","HP LaserJet: ошибка драйвера","Принтеры и сканеры","4043","509","6","3","2",""
"printers-hp-laserjet-firmware-update-failed.mdx","keep","HP LaserJet: ошибка обновления прошивки","Принтеры и сканеры","4032","511","6","3","2",""
"printers-hp-laserjet-low-performance.mdx","keep","HP LaserJet: низкая производительность","Принтеры и сканеры","4042","510","6","3","2",""
"printers-hp-laserjet-not-detected.mdx","keep","HP LaserJet: не определяется системой","Принтеры и сканеры","4006","515","6","3","2",""
"printers-hp-laserjet-printer-driver-error.mdx","keep","HP LaserJet принтер: ругается на драйвер","Принтеры и сканеры","4133","542","6","3","3",""
"printers-hp-laserjet-printer-duplex-fails.mdx","keep","HP LaserJet принтер: не печатает с двух сторон","Принтеры и сканеры","4161","548","6","3","3",""
"printers-hp-laserjet-printer-faded-print.mdx","keep","HP LaserJet принтер: печатает бледно или полосами","Принтеры и сканеры","4169","548","6","3","3",""
"printers-hp-laserjet-printer-offline.mdx","keep","HP LaserJet принтер: показывает статус Offline","Принтеры и сканеры","4167","548","6","3","3",""
"printers-hp-laserjet-printer-paper-jam.mdx","keep","HP LaserJet принтер: пишет о замятии бумаги","Принтеры и сканеры","4152","546","6","3","3",""
"printers-hp-laserjet-printer-scan-fails.mdx","keep","HP LaserJet принтер: не сканирует на компьютер","Принтеры и сканеры","4168","547","6","3","3",""
"printers-lazernyy-printer-driver-error.mdx","keep","лазерный принтер: ругается на драйвер","Принтеры и сканеры","4118","537","6","3","3",""
"printers-lazernyy-printer-faded-print.mdx","keep","лазерный принтер: печатает бледно или полосами","Принтеры и сканеры","4154","543","6","3","3",""
"printers-lazernyy-printer-offline.mdx","keep","лазерный принтер: показывает статус Offline","Принтеры и сканеры","4152","543","6","3","3",""
"printers-lazernyy-printer-paper-jam.mdx","keep","лазерный принтер: пишет о замятии бумаги","Принтеры и сканеры","4137","541","6","3","3",""
"printers-lazernyy-printer-scan-fails.mdx","keep","лазерный принтер: не сканирует на компьютер","Принтеры и сканеры","4153","542","6","3","3",""
"printers-mfu-dlya-ofisa-driver-error.mdx","keep","МФУ для офиса: ругается на драйвер","Принтеры и сканеры","4103","542","6","3","3",""
"printers-mfu-dlya-ofisa-duplex-fails.mdx","keep","МФУ для офиса: не печатает с двух сторон","Принтеры и сканеры","4131","548","6","3","3",""
"printers-mfu-dlya-ofisa-faded-print.mdx","keep","МФУ для офиса: печатает бледно или полосами","Принтеры и сканеры","4139","548","6","3","3",""
"printers-mfu-dlya-ofisa-offline.mdx","keep","МФУ для офиса: показывает статус Offline","Принтеры и сканеры","4137","548","6","3","3",""
"printers-mfu-dlya-ofisa-paper-jam.mdx","keep","МФУ для офиса: пишет о замятии бумаги","Принтеры и сканеры","4122","546","6","3","3",""
"printers-mfu-dlya-ofisa-scan-fails.mdx","keep","МФУ для офиса: не сканирует на компьютер","Принтеры и сканеры","4138","547","6","3","3",""
"printers-ochered-pechati-windows-driver-error.mdx","keep","очередь печати Windows: ругается на драйвер","Принтеры и сканеры","4148","542","6","3","3",""
"printers-ochered-pechati-windows-faded-print.mdx","keep","очередь печати Windows: печатает бледно или полосами","Принтеры и сканеры","4184","548","6","3","3",""
"printers-ochered-pechati-windows-offline.mdx","keep","очередь печати Windows: показывает статус Offline","Принтеры и сканеры","4182","548","6","3","3",""
"printers-ochered-pechati-windows-paper-jam.mdx","keep","очередь печати Windows: пишет о замятии бумаги","Принтеры и сканеры","4167","546","6","3","3",""
"printers-ochered-pechati-windows-scan-fails.mdx","keep","очередь печати Windows: не сканирует на компьютер","Принтеры и сканеры","4183","547","6","3","3",""
"printers-samsung-printer-disconnects-randomly.mdx","keep","Samsung Printer: самопроизвольно отключается","Принтеры и сканеры","4030","500","6","3","3",""
"printers-samsung-printer-not-detected.mdx","keep","Samsung Printer: не определяется системой","Принтеры и сканеры","4034","515","6","3","3",""
"printers-samsung-xpress-printer-driver-error.mdx","keep","Samsung Xpress принтер: ругается на драйвер","Принтеры и сканеры","4148","542","6","3","3",""
"printers-samsung-xpress-printer-duplex-fails.mdx","keep","Samsung Xpress принтер: не печатает с двух сторон","Принтеры и сканеры","4176","548","6","3","3",""
"printers-samsung-xpress-printer-faded-print.mdx","keep","Samsung Xpress принтер: печатает бледно или полосами","Принтеры и сканеры","4184","548","6","3","3",""
"printers-samsung-xpress-printer-offline.mdx","keep","Samsung Xpress принтер: показывает статус Offline","Принтеры и сканеры","4182","548","6","3","3",""
"printers-samsung-xpress-printer-paper-jam.mdx","keep","Samsung Xpress принтер: пишет о замятии бумаги","Принтеры и сканеры","4167","546","6","3","3",""
"printers-samsung-xpress-printer-scan-fails.mdx","keep","Samsung Xpress принтер: не сканирует на компьютер","Принтеры и сканеры","4183","547","6","3","3",""
"printers-setevoy-printer-driver-error.mdx","keep","сетевой принтер: ругается на драйвер","Принтеры и сканеры","4113","537","6","3","3",""
"printers-setevoy-printer-duplex-fails.mdx","keep","сетевой принтер: не печатает с двух сторон","Принтеры и сканеры","4141","543","6","3","3",""
"printers-setevoy-printer-faded-print.mdx","keep","сетевой принтер: печатает бледно или полосами","Принтеры и сканеры","4149","543","6","3","3",""
"printers-setevoy-printer-offline.mdx","keep","сетевой принтер: показывает статус Offline","Принтеры и сканеры","4147","543","6","3","3",""
"printers-setevoy-printer-paper-jam.mdx","keep","сетевой принтер: пишет о замятии бумаги","Принтеры и сканеры","4132","541","6","3","3",""
"printers-setevoy-printer-scan-fails.mdx","keep","сетевой принтер: не сканирует на компьютер","Принтеры и сканеры","4148","542","6","3","3",""
"printers-skaner-mfu-driver-error.mdx","keep","сканер МФУ: ругается на драйвер","Принтеры и сканеры","4088","537","6","3","3",""
"printers-skaner-mfu-faded-print.mdx","keep","сканер МФУ: печатает бледно или полосами","Принтеры и сканеры","4124","543","6","3","3",""
"printers-skaner-mfu-offline.mdx","keep","сканер МФУ: показывает статус Offline","Принтеры и сканеры","4122","543","6","3","3",""
"printers-skaner-mfu-paper-jam.mdx","keep","сканер МФУ: пишет о замятии бумаги","Принтеры и сканеры","4107","541","6","3","3",""
"printers-skaner-mfu-scan-fails.mdx","keep","сканер МФУ: не сканирует на компьютер","Принтеры и сканеры","4123","542","6","3","3",""
"printers-usb-printer-driver-error.mdx","keep","USB принтер: ругается на драйвер","Принтеры и сканеры","4093","537","6","3","3",""
"printers-usb-printer-duplex-fails.mdx","keep","USB принтер: не печатает с двух сторон","Принтеры и сканеры","4121","543","6","3","3",""
"printers-usb-printer-faded-print.mdx","keep","USB принтер: печатает бледно или полосами","Принтеры и сканеры","4129","543","6","3","3",""
"printers-usb-printer-offline.mdx","keep","USB принтер: показывает статус Offline","Принтеры и сканеры","4127","543","6","3","3",""
"printers-usb-printer-paper-jam.mdx","keep","USB принтер: пишет о замятии бумаги","Принтеры и сканеры","4112","541","6","3","3",""
"printers-usb-printer-scan-fails.mdx","keep","USB принтер: не сканирует на компьютер","Принтеры и сканеры","4128","542","6","3","3",""
"programming-cli-utilita-access-denied.mdx","keep","CLI утилита: показывает отказ в доступе","Программирование","4102","536","6","3","3",""
"programming-cli-utilita-crash-on-open.mdx","keep","CLI утилита: падает при открытии файла или проекта","Программирование","4098","535","6","3","3",""
"programming-cli-utilita-does-not-start.mdx","keep","CLI утилита: не запускается после обновления","Программирование","4073","532","6","3","3",""
"programming-cli-utilita-settings-reset.mdx","keep","CLI утилита: сбрасывает настройки после перезапуска","Программирование","4104","531","6","3","3",""
"programming-cli-utilita-slow-response.mdx","keep","CLI утилита: работает заметно медленнее обычного","Программирование","4118","535","6","3","3",""
"programming-cli-utilita-update-loop.mdx","keep","CLI утилита: застревает в цикле обновления","Программирование","4116","537","6","3","3",""
"programming-dotenv-okruzhenie-access-denied.mdx","keep","dotenv окружение: показывает отказ в доступе","Программирование","4127","536","6","3","3",""
"programming-dotenv-okruzhenie-crash-on-open.mdx","keep","dotenv окружение: падает при открытии файла или проекта","Программирование","4123","535","6","3","3",""
"programming-dotenv-okruzhenie-does-not-start.mdx","keep","dotenv окружение: не запускается после обновления","Программирование","4098","532","6","3","3",""
"programming-dotenv-okruzhenie-settings-reset.mdx","keep","dotenv окружение: сбрасывает настройки после перезапуска","Программирование","4129","531","6","3","3",""
"programming-dotenv-okruzhenie-slow-response.mdx","keep","dotenv окружение: работает заметно медленнее обычного","Программирование","4143","535","6","3","3",""
"programming-dotenv-okruzhenie-update-loop.mdx","keep","dotenv окружение: застревает в цикле обновления","Программирование","4141","537","6","3","3",""
"programming-git-repozitoriy-access-denied.mdx","keep","Git репозиторий: показывает отказ в доступе","Программирование","4122","536","6","3","3",""
"programming-git-repozitoriy-crash-on-open.mdx","keep","Git репозиторий: падает при открытии файла или проекта","Программирование","4118","535","6","3","3",""
"programming-git-repozitoriy-does-not-start.mdx","keep","Git репозиторий: не запускается после обновления","Программирование","4093","532","6","3","3",""
"programming-git-repozitoriy-settings-reset.mdx","keep","Git репозиторий: сбрасывает настройки после перезапуска","Программирование","4124","531","6","3","3",""
"programming-git-repozitoriy-slow-response.mdx","keep","Git репозиторий: работает заметно медленнее обычного","Программирование","4138","535","6","3","3",""
"programming-git-repozitoriy-update-loop.mdx","keep","Git репозиторий: застревает в цикле обновления","Программирование","4136","537","6","3","3",""
"programming-github-actions-workflow-access-denied.mdx","keep","GitHub Actions workflow: показывает отказ в доступе","Программирование","4162","541","6","3","3",""
"programming-github-actions-workflow-crash-on-open.mdx","keep","GitHub Actions workflow: падает при открытии файла или проекта","Программирование","4158","540","6","3","3",""
"programming-github-actions-workflow-does-not-start.mdx","keep","GitHub Actions workflow: не запускается после обновления","Программирование","4133","537","6","3","3",""
"programming-github-actions-workflow-settings-reset.mdx","keep","GitHub Actions workflow: сбрасывает настройки после перезапуска","Программирование","4164","536","6","3","3",""
"programming-github-actions-workflow-slow-response.mdx","keep","GitHub Actions workflow: работает заметно медленнее обычного","Программирование","4178","540","6","3","3",""
"programming-github-actions-workflow-update-loop.mdx","keep","GitHub Actions workflow: застревает в цикле обновления","Программирование","4176","542","6","3","3",""
"programming-java-gradle-config-error.mdx","keep","Java Gradle: ошибка конфигурации","Программирование","4040","516","6","4","4",""
"programming-java-gradle-crashes-after-update.mdx","keep","Java Gradle: вылетает после обновления","Программирование","4023","513","6","4","4",""
"programming-java-gradle-high-cpu.mdx","keep","Java Gradle: нагружает процессор","Программирование","4075","523","6","4","4",""
"programming-java-gradle-network-timeout.mdx","keep","Java Gradle: ошибка подключения или тайм-аут","Программирование","3934","504","6","4","4",""
"programming-java-gradle-permission-denied.mdx","keep","Java Gradle: отказано в доступе","Программирование","4006","513","6","4","4",""
"programming-java-gradle-sync-failed.mdx","keep","Java Gradle: не синхронизируется","Программирование","3959","512","6","4","4",""
"programming-java-gradle-update-failed.mdx","keep","Java Gradle: ошибка обновления","Программирование","3988","510","6","4","4",""
"programming-java-gradle-wont-start.mdx","keep","Java Gradle: не запускается","Программирование","3943","508","6","4","4",""
"programming-json-konfiguraciya-access-denied.mdx","keep","JSON конфигурация: показывает отказ в доступе","Программирование","4132","536","6","3","3",""
"programming-json-konfiguraciya-crash-on-open.mdx","keep","JSON конфигурация: падает при открытии файла или проекта","Программирование","4128","535","6","3","3",""
"programming-json-konfiguraciya-does-not-start.mdx","keep","JSON конфигурация: не запускается после обновления","Программирование","4103","532","6","3","3",""
"programming-json-konfiguraciya-settings-reset.mdx","keep","JSON конфигурация: сбрасывает настройки после перезапуска","Программирование","4134","531","6","3","3",""
"programming-json-konfiguraciya-slow-response.mdx","keep","JSON конфигурация: работает заметно медленнее обычного","Программирование","4148","535","6","3","3",""
"programming-json-konfiguraciya-update-loop.mdx","keep","JSON конфигурация: застревает в цикле обновления","Программирование","4146","537","6","3","3",""
"programming-maven-crashes-after-update.mdx","keep","Maven: вылетает после обновления","Программирование","3981","506","6","4","4",""
"programming-maven-permission-denied.mdx","keep","Maven: отказано в доступе","Программирование","3964","506","6","4","4",""
"programming-maven-sync-failed.mdx","keep","Maven: не синхронизируется","Программирование","3917","505","6","4","4",""
"programming-maven-wont-start.mdx","keep","Maven: не запускается","Программирование","3901","501","6","4","4",""
"programming-node-js-skript-access-denied.mdx","keep","Node.js скрипт: показывает отказ в доступе","Программирование","4117","536","6","3","3",""
"programming-node-js-skript-crash-on-open.mdx","keep","Node.js скрипт: падает при открытии файла или проекта","Программирование","4113","535","6","3","3",""
"programming-node-js-skript-does-not-start.mdx","keep","Node.js скрипт: не запускается после обновления","Программирование","4088","532","6","3","3",""
"programming-node-js-skript-settings-reset.mdx","keep","Node.js скрипт: сбрасывает настройки после перезапуска","Программирование","4119","531","6","3","3",""
"programming-node-js-skript-slow-response.mdx","keep","Node.js скрипт: работает заметно медленнее обычного","Программирование","4133","535","6","3","3",""
"programming-node-js-skript-sync-error.mdx","keep","Node.js скрипт: не синхронизирует данные","Программирование","4108","534","6","3","3",""
"programming-node-js-skript-update-loop.mdx","keep","Node.js скрипт: застревает в цикле обновления","Программирование","4131","537","6","3","3",""
"programming-paket-npm-access-denied.mdx","keep","пакет npm: показывает отказ в доступе","Программирование","4092","536","6","3","3",""
"programming-paket-npm-crash-on-open.mdx","keep","пакет npm: падает при открытии файла или проекта","Программирование","4088","535","6","3","3",""
"programming-paket-npm-does-not-start.mdx","keep","пакет npm: не запускается после обновления","Программирование","4063","532","6","3","3",""
"programming-paket-npm-settings-reset.mdx","keep","пакет npm: сбрасывает настройки после перезапуска","Программирование","4094","531","6","3","3",""
"programming-paket-npm-slow-response.mdx","keep","пакет npm: работает заметно медленнее обычного","Программирование","4108","535","6","3","3",""
"programming-paket-npm-update-loop.mdx","keep","пакет npm: застревает в цикле обновления","Программирование","4106","537","6","3","3",""
"programming-python-skript-access-denied.mdx","keep","Python скрипт: показывает отказ в доступе","Программирование","4112","536","6","3","3",""
"programming-python-skript-crash-on-open.mdx","keep","Python скрипт: падает при открытии файла или проекта","Программирование","4108","535","6","3","3",""
"programming-python-skript-does-not-start.mdx","keep","Python скрипт: не запускается после обновления","Программирование","4083","532","6","3","3",""
"programming-python-skript-settings-reset.mdx","keep","Python скрипт: сбрасывает настройки после перезапуска","Программирование","4114","531","6","3","3",""
"programming-python-skript-slow-response.mdx","keep","Python скрипт: работает заметно медленнее обычного","Программирование","4128","535","6","3","3",""
"programming-python-skript-update-loop.mdx","keep","Python скрипт: застревает в цикле обновления","Программирование","4126","537","6","3","3",""
"programming-python-venv-config-error.mdx","keep","Python venv: ошибка конфигурации","Программирование","4040","516","6","4","4",""
"programming-python-venv-crashes-after-update.mdx","keep","Python venv: вылетает после обновления","Программирование","4023","513","6","4","4",""
"programming-python-venv-high-cpu.mdx","keep","Python venv: нагружает процессор","Программирование","4075","523","6","4","4",""
"programming-python-venv-network-timeout.mdx","keep","Python venv: ошибка подключения или тайм-аут","Программирование","3934","504","6","4","4",""
"programming-python-venv-permission-denied.mdx","keep","Python venv: отказано в доступе","Программирование","4006","513","6","4","4",""
"programming-python-venv-sync-failed.mdx","keep","Python venv: не синхронизируется","Программирование","3959","512","6","4","4",""
"programming-python-venv-update-failed.mdx","keep","Python venv: ошибка обновления","Программирование","3988","510","6","4","4",""
"programming-python-venv-wont-start.mdx","keep","Python venv: не запускается","Программирование","3943","508","6","4","4",""
"programming-python-virtualenv-access-denied.mdx","keep","Python virtualenv: показывает отказ в доступе","Программирование","4132","536","6","3","3",""
"programming-python-virtualenv-crash-on-open.mdx","keep","Python virtualenv: падает при открытии файла или проекта","Программирование","4128","535","6","3","3",""
"programming-python-virtualenv-does-not-start.mdx","keep","Python virtualenv: не запускается после обновления","Программирование","4103","532","6","3","3",""
"programming-python-virtualenv-settings-reset.mdx","keep","Python virtualenv: сбрасывает настройки после перезапуска","Программирование","4134","531","6","3","3",""
"programming-python-virtualenv-slow-response.mdx","keep","Python virtualenv: работает заметно медленнее обычного","Программирование","4148","535","6","3","3",""
"programming-python-virtualenv-update-loop.mdx","keep","Python virtualenv: застревает в цикле обновления","Программирование","4146","537","6","3","3",""
"programming-rest-klient-access-denied.mdx","keep","REST клиент: показывает отказ в доступе","Программирование","4102","536","6","3","3",""
"programming-rest-klient-crash-on-open.mdx","keep","REST клиент: падает при открытии файла или проекта","Программирование","4098","535","6","3","3",""
"programming-rest-klient-does-not-start.mdx","keep","REST клиент: не запускается после обновления","Программирование","4073","532","6","3","3",""
"programming-rest-klient-settings-reset.mdx","keep","REST клиент: сбрасывает настройки после перезапуска","Программирование","4104","531","6","3","3",""
"programming-rest-klient-slow-response.mdx","keep","REST клиент: работает заметно медленнее обычного","Программирование","4118","535","6","3","3",""
"programming-rest-klient-update-loop.mdx","keep","REST клиент: застревает в цикле обновления","Программирование","4116","537","6","3","3",""
"programming-typescript-proekt-access-denied.mdx","keep","TypeScript проект: показывает отказ в доступе","Программирование","4132","536","6","3","3",""
"programming-typescript-proekt-crash-on-open.mdx","keep","TypeScript проект: падает при открытии файла или проекта","Программирование","4128","535","6","3","3",""
"programming-typescript-proekt-does-not-start.mdx","keep","TypeScript проект: не запускается после обновления","Программирование","4103","532","6","3","3",""
"programming-typescript-proekt-settings-reset.mdx","keep","TypeScript проект: сбрасывает настройки после перезапуска","Программирование","4134","531","6","3","3",""
"programming-typescript-proekt-slow-response.mdx","keep","TypeScript проект: работает заметно медленнее обычного","Программирование","4148","535","6","3","3",""
"programming-typescript-proekt-update-loop.mdx","keep","TypeScript проект: застревает в цикле обновления","Программирование","4146","537","6","3","3",""
"programming-yunit-testy-access-denied.mdx","keep","юнит тесты: показывает отказ в доступе","Программирование","4097","536","6","3","3",""
"programming-yunit-testy-crash-on-open.mdx","keep","юнит тесты: падает при открытии файла или проекта","Программирование","4093","535","6","3","3",""
"programming-yunit-testy-does-not-start.mdx","keep","юнит тесты: не запускается после обновления","Программирование","4068","532","6","3","3",""
"programming-yunit-testy-settings-reset.mdx","keep","юнит тесты: сбрасывает настройки после перезапуска","Программирование","4099","531","6","3","3",""
"programming-yunit-testy-slow-response.mdx","keep","юнит тесты: работает заметно медленнее обычного","Программирование","4113","535","6","3","3",""
"programming-yunit-testy-update-loop.mdx","keep","юнит тесты: застревает в цикле обновления","Программирование","4111","537","6","3","3",""
"python-module-not-found-fix.mdx","keep","ModuleNotFoundError: No module named — как исправить в Python","Программирование","3938","495","6","4","2",""
"refrigerators-bosch-holodilnik-bad-smell.mdx","keep","Bosch холодильник: появился запах при работе","Холодильники","4122","523","6","4","4",""
"refrigerators-bosch-holodilnik-does-not-start.mdx","keep","Bosch холодильник: не запускается","Холодильники","4117","524","6","4","4",""
"refrigerators-bosch-holodilnik-error-code.mdx","keep","Bosch холодильник: показывает код ошибки","Холодильники","4114","523","6","4","4",""
"refrigerators-bosch-holodilnik-leaks-water.mdx","keep","Bosch холодильник: подтекает снизу или у двери","Холодильники","4134","526","6","4","4",""
"refrigerators-bosch-holodilnik-noise-vibration.mdx","keep","Bosch холодильник: шумит или вибрирует сильнее обычного","Холодильники","4127","524","6","4","4",""
"refrigerators-bosch-holodilnik-stops-mid-cycle.mdx","keep","Bosch холодильник: останавливается в середине цикла","Холодильники","4128","523","6","4","4",""
"refrigerators-datchik-temperatury-holodilnika-bad-smell.mdx","keep","датчик температуры холодильника: появился запах при работе","Холодильники","4192","528","6","3","3",""
"refrigerators-datchik-temperatury-holodilnika-does-not-start.mdx","keep","датчик температуры холодильника: не запускается","Холодильники","4187","529","6","3","3",""
"refrigerators-datchik-temperatury-holodilnika-leaks-water.mdx","keep","датчик температуры холодильника: подтекает снизу или у двери","Холодильники","4204","531","6","3","3",""
"refrigerators-datchik-temperatury-holodilnika-noise-vibration.mdx","keep","датчик температуры холодильника: шумит или вибрирует сильнее обычного","Холодильники","4197","529","6","3","3",""
"refrigerators-datchik-temperatury-holodilnika-stops-mid-cycle.mdx","keep","датчик температуры холодильника: останавливается в середине цикла","Холодильники","4198","528","6","3","3",""
"refrigerators-dver-holodilnika-bad-smell.mdx","keep","дверь холодильника: появился запах при работе","Холодильники","4127","523","6","3","3",""
"refrigerators-dver-holodilnika-does-not-start.mdx","keep","дверь холодильника: не запускается","Холодильники","4122","524","6","3","3",""
"refrigerators-dver-holodilnika-leaks-water.mdx","keep","дверь холодильника: подтекает снизу или у двери","Холодильники","4139","526","6","3","3",""
"refrigerators-dver-holodilnika-noise-vibration.mdx","keep","дверь холодильника: шумит или вибрирует сильнее обычного","Холодильники","4132","524","6","3","3",""
"refrigerators-dver-holodilnika-stops-mid-cycle.mdx","keep","дверь холодильника: останавливается в середине цикла","Холодильники","4133","523","6","3","3",""
"refrigerators-dvuhkamernyy-holodilnik-bad-smell.mdx","keep","двухкамерный холодильник: появился запах при работе","Холодильники","4157","523","6","3","3",""
"refrigerators-dvuhkamernyy-holodilnik-does-not-start.mdx","keep","двухкамерный холодильник: не запускается","Холодильники","4152","524","6","3","3",""
"refrigerators-dvuhkamernyy-holodilnik-error-code.mdx","keep","двухкамерный холодильник: показывает код ошибки","Холодильники","4149","523","6","3","3",""
"refrigerators-dvuhkamernyy-holodilnik-leaks-water.mdx","keep","двухкамерный холодильник: подтекает снизу или у двери","Холодильники","4169","526","6","3","3",""
"refrigerators-dvuhkamernyy-holodilnik-noise-vibration.mdx","keep","двухкамерный холодильник: шумит или вибрирует сильнее обычного","Холодильники","4162","524","6","3","3",""
"refrigerators-dvuhkamernyy-holodilnik-stops-mid-cycle.mdx","keep","двухкамерный холодильник: останавливается в середине цикла","Холодильники","4163","523","6","3","3",""
"refrigerators-electrolux-holodilnik-bad-smell.mdx","keep","Electrolux холодильник: появился запах при работе","Холодильники","4147","523","6","4","4",""
"refrigerators-electrolux-holodilnik-does-not-start.mdx","keep","Electrolux холодильник: не запускается","Холодильники","4142","524","6","4","4",""
"refrigerators-electrolux-holodilnik-error-code.mdx","keep","Electrolux холодильник: показывает код ошибки","Холодильники","4139","523","6","4","4",""
"refrigerators-electrolux-holodilnik-leaks-water.mdx","keep","Electrolux холодильник: подтекает снизу или у двери","Холодильники","4159","526","6","4","4",""
"refrigerators-electrolux-holodilnik-noise-vibration.mdx","keep","Electrolux холодильник: шумит или вибрирует сильнее обычного","Холодильники","4152","524","6","4","4",""
"refrigerators-electrolux-holodilnik-stops-mid-cycle.mdx","keep","Electrolux холодильник: останавливается в середине цикла","Холодильники","4153","523","6","4","4",""
"refrigerators-lg-holodilnik-bad-smell.mdx","keep","LG холодильник: появился запах при работе","Холодильники","4107","523","6","4","4",""
"refrigerators-lg-holodilnik-does-not-start.mdx","keep","LG холодильник: не запускается","Холодильники","4102","524","6","4","4",""
"refrigerators-lg-holodilnik-error-code.mdx","keep","LG холодильник: показывает код ошибки","Холодильники","4099","523","6","4","4",""
"refrigerators-lg-holodilnik-leaks-water.mdx","keep","LG холодильник: подтекает снизу или у двери","Холодильники","4119","526","6","4","4",""
"refrigerators-lg-holodilnik-noise-vibration.mdx","keep","LG холодильник: шумит или вибрирует сильнее обычного","Холодильники","4112","524","6","4","4",""
"refrigerators-lg-holodilnik-stops-mid-cycle.mdx","keep","LG холодильник: останавливается в середине цикла","Холодильники","4113","523","6","4","4",""
"refrigerators-lg-refrigerator-bad-smell.mdx","keep","LG refrigerator: появился запах или гарь","Холодильники","3548","447","6","4","3",""
"refrigerators-lg-refrigerator-does-not-drain.mdx","keep","LG refrigerator: не сливает воду","Холодильники","3532","450","6","4","3",""
"refrigerators-lg-refrigerator-does-not-heat.mdx","keep","LG refrigerator: не греет","Холодильники","3514","446","6","4","3",""
"refrigerators-lg-refrigerator-error-code.mdx","keep","LG refrigerator: показывает код ошибки","Холодильники","3559","450","6","4","3",""
"refrigerators-lg-refrigerator-leaks-water.mdx","keep","LG refrigerator: протекает","Холодильники","3529","441","6","4","3",""
"refrigerators-lg-refrigerator-makes-noise.mdx","keep","LG refrigerator: шумит или вибрирует","Холодильники","3513","443","6","4","3",""
"refrigerators-lg-refrigerator-stops-mid-cycle.mdx","keep","LG refrigerator: останавливается во время работы","Холодильники","3599","453","6","4","3",""
"refrigerators-lg-refrigerator-wont-turn-on.mdx","keep","LG refrigerator: не включается","Холодильники","3556","450","6","4","3",""
"refrigerators-mini-holodilnik-bad-smell.mdx","keep","мини-холодильник: появился запах при работе","Холодильники","4117","518","6","3","3",""
"refrigerators-mini-holodilnik-does-not-start.mdx","keep","мини-холодильник: не запускается","Холодильники","4112","519","6","3","3",""
"refrigerators-mini-holodilnik-leaks-water.mdx","keep","мини-холодильник: подтекает снизу или у двери","Холодильники","4129","521","6","3","3",""
"refrigerators-mini-holodilnik-noise-vibration.mdx","keep","мини-холодильник: шумит или вибрирует сильнее обычного","Холодильники","4122","519","6","3","3",""
"refrigerators-mini-holodilnik-stops-mid-cycle.mdx","keep","мини-холодильник: останавливается в середине цикла","Холодильники","4123","518","6","3","3",""
"refrigerators-morozilnaya-kamera-bad-smell.mdx","keep","морозильная камера: появился запах при работе","Холодильники","4127","523","6","3","3",""
"refrigerators-morozilnaya-kamera-does-not-start.mdx","keep","морозильная камера: не запускается","Холодильники","4122","524","6","3","3",""
"refrigerators-morozilnaya-kamera-error-code.mdx","keep","морозильная камера: показывает код ошибки","Холодильники","4119","523","6","3","3",""
"refrigerators-morozilnaya-kamera-leaks-water.mdx","keep","морозильная камера: подтекает снизу или у двери","Холодильники","4139","526","6","3","3",""
"refrigerators-morozilnaya-kamera-noise-vibration.mdx","keep","морозильная камера: шумит или вибрирует сильнее обычного","Холодильники","4132","524","6","3","3",""
"refrigerators-morozilnaya-kamera-stops-mid-cycle.mdx","keep","морозильная камера: останавливается в середине цикла","Холодильники","4133","523","6","3","3",""
"refrigerators-no-frost-holodilnik-bad-smell.mdx","keep","No Frost холодильник: появился запах при работе","Холодильники","4137","528","6","3","3",""
"refrigerators-no-frost-holodilnik-does-not-start.mdx","keep","No Frost холодильник: не запускается","Холодильники","4132","529","6","3","3",""
"refrigerators-no-frost-holodilnik-error-code.mdx","keep","No Frost холодильник: показывает код ошибки","Холодильники","4129","528","6","3","3",""
"refrigerators-no-frost-holodilnik-leaks-water.mdx","keep","No Frost холодильник: подтекает снизу или у двери","Холодильники","4149","531","6","3","3",""
"refrigerators-no-frost-holodilnik-noise-vibration.mdx","keep","No Frost холодильник: шумит или вибрирует сильнее обычного","Холодильники","4142","529","6","3","3",""
"refrigerators-no-frost-holodilnik-stops-mid-cycle.mdx","keep","No Frost холодильник: останавливается в середине цикла","Холодильники","4143","528","6","3","3",""
"refrigerators-samsung-holodilnik-bad-smell.mdx","keep","Samsung холодильник: появился запах при работе","Холодильники","4132","523","6","4","4",""
"refrigerators-samsung-holodilnik-does-not-start.mdx","keep","Samsung холодильник: не запускается","Холодильники","4127","524","6","4","4",""
"refrigerators-samsung-holodilnik-error-code.mdx","keep","Samsung холодильник: показывает код ошибки","Холодильники","4124","523","6","4","4",""
"refrigerators-samsung-holodilnik-leaks-water.mdx","keep","Samsung холодильник: подтекает снизу или у двери","Холодильники","4144","526","6","4","4",""
"refrigerators-samsung-holodilnik-noise-vibration.mdx","keep","Samsung холодильник: шумит или вибрирует сильнее обычного","Холодильники","4137","524","6","4","4",""
"refrigerators-samsung-holodilnik-stops-mid-cycle.mdx","keep","Samsung холодильник: останавливается в середине цикла","Холодильники","4138","523","6","4","4",""
"refrigerators-samsung-refrigerator-bad-smell.mdx","keep","Samsung refrigerator: появился запах или гарь","Холодильники","3568","447","6","4","3",""
"refrigerators-samsung-refrigerator-does-not-drain.mdx","keep","Samsung refrigerator: не сливает воду","Холодильники","3552","450","6","4","3",""
"refrigerators-samsung-refrigerator-does-not-heat.mdx","keep","Samsung refrigerator: не греет","Холодильники","3534","446","6","4","3",""
"refrigerators-samsung-refrigerator-error-code.mdx","keep","Samsung refrigerator: показывает код ошибки","Холодильники","3579","450","6","4","3",""
"refrigerators-samsung-refrigerator-leaks-water.mdx","keep","Samsung refrigerator: протекает","Холодильники","3549","441","6","4","3",""
"refrigerators-samsung-refrigerator-makes-noise.mdx","keep","Samsung refrigerator: шумит или вибрирует","Холодильники","3533","443","6","4","3",""
"refrigerators-samsung-refrigerator-stops-mid-cycle.mdx","keep","Samsung refrigerator: останавливается во время работы","Холодильники","3619","453","6","4","3",""
"refrigerators-samsung-refrigerator-wont-turn-on.mdx","keep","Samsung refrigerator: не включается","Холодильники","3576","450","6","4","3",""
"refrigerators-siemens-holodilnik-bad-smell.mdx","keep","Siemens холодильник: появился запах при работе","Холодильники","4132","523","6","4","4",""
"refrigerators-siemens-holodilnik-does-not-start.mdx","keep","Siemens холодильник: не запускается","Холодильники","4127","524","6","4","4",""
"refrigerators-siemens-holodilnik-error-code.mdx","keep","Siemens холодильник: показывает код ошибки","Холодильники","4124","523","6","4","4",""
"refrigerators-siemens-holodilnik-leaks-water.mdx","keep","Siemens холодильник: подтекает снизу или у двери","Холодильники","4144","526","6","4","4",""
"refrigerators-siemens-holodilnik-noise-vibration.mdx","keep","Siemens холодильник: шумит или вибрирует сильнее обычного","Холодильники","4137","524","6","4","4",""
"refrigerators-siemens-holodilnik-stops-mid-cycle.mdx","keep","Siemens холодильник: останавливается в середине цикла","Холодильники","4138","523","6","4","4",""
"refrigerators-vinnyy-shkaf-bad-smell.mdx","keep","винный шкаф: появился запах при работе","Холодильники","4092","523","6","3","3",""
"refrigerators-vinnyy-shkaf-does-not-start.mdx","keep","винный шкаф: не запускается","Холодильники","4087","524","6","3","3",""
"refrigerators-vinnyy-shkaf-error-code.mdx","keep","винный шкаф: показывает код ошибки","Холодильники","4084","523","6","3","3",""
"refrigerators-vinnyy-shkaf-leaks-water.mdx","keep","винный шкаф: подтекает снизу или у двери","Холодильники","4104","526","6","3","3",""
"refrigerators-vinnyy-shkaf-noise-vibration.mdx","keep","винный шкаф: шумит или вибрирует сильнее обычного","Холодильники","4097","524","6","3","3",""
"refrigerators-vinnyy-shkaf-stops-mid-cycle.mdx","keep","винный шкаф: останавливается в середине цикла","Холодильники","4098","523","6","3","3",""
"roborock-ne-krutitsya-schetka.mdx","keep","Roborock: не крутится щетка — как исправить","Пылесосы и роботы-пылесосы","3533","451","6","4","3",""
"roborock-ne-stroit-kartu.mdx","keep","Roborock: не строит карту — как исправить","Пылесосы и роботы-пылесосы","3531","451","6","4","3",""
"roborock-ne-vozvraschaetsya-na-bazu.mdx","keep","Roborock: не возвращается на базу — как исправить","Пылесосы и роботы-пылесосы","3539","452","6","4","3",""
"roborock-ne-zaryazhaetsya.mdx","keep","Roborock: не заряжается — как исправить","Пылесосы и роботы-пылесосы","3529","450","6","4","3",""
"roborock-oshibka-datchika.mdx","keep","Roborock: ошибка датчика — как исправить","Пылесосы и роботы-пылесосы","3530","450","6","4","3",""
"roborock-ploho-vsasyvaet.mdx","keep","Roborock: плохо всасывает — как исправить","Пылесосы и роботы-пылесосы","3531","450","6","4","3",""
"robot-pylesos-xiaomi-ne-zaryazhaetsya-reshenie.mdx","keep","Робот-пылесос Xiaomi не заряжается: причины и решения","Пылесосы и роботы-пылесосы","3619","461","6","4","3",""
"samsung-microwave-iskrit-vnutri.mdx","keep","Samsung microwave: искрит внутри — как исправить","Микроволновки и духовки","3549","456","6","4","3",""
"samsung-microwave-ne-greet.mdx","keep","Samsung microwave: не греет — как исправить","Микроволновки и духовки","3520","452","6","4","3",""
"samsung-microwave-ne-krutitsya-tarelka.mdx","keep","Samsung microwave: не крутится тарелка — как исправить","Микроволновки и духовки","3555","457","6","4","3",""
"samsung-microwave-ne-rabotaet-gril.mdx","keep","Samsung microwave: не работает гриль — как исправить","Микроволновки и духовки","3553","457","6","4","3",""
"samsung-microwave-ne-vklyuchaetsya.mdx","keep","Samsung microwave: не включается — как исправить","Микроволновки и духовки","3551","454","6","4","3",""
"samsung-microwave-pokazyvaet-kod-oshibki.mdx","keep","Samsung microwave: показывает код ошибки — как исправить","Микроволновки и духовки","3569","457","6","4","3",""
"samsung-refrigerator-ne-morozit.mdx","keep","Samsung refrigerator: не морозит — как исправить","Холодильники","3571","450","6","4","3",""
"samsung-refrigerator-ne-otklyuchaetsya-kompressor.mdx","keep","Samsung refrigerator: не отключается компрессор — как исправить","Холодильники","3586","451","6","4","3",""
"samsung-refrigerator-pischit-signal.mdx","keep","Samsung refrigerator: пищит сигнал — как исправить","Холодильники","3573","450","6","4","3",""
"samsung-refrigerator-pokazyvaet-oshibku-datchika.mdx","keep","Samsung refrigerator: показывает ошибку датчика — как исправить","Холодильники","3586","451","6","4","3",""
"samsung-refrigerator-silno-shumit.mdx","keep","Samsung refrigerator: сильно шумит — как исправить","Холодильники","3552","444","6","4","3",""
"samsung-refrigerator-techet-voda.mdx","keep","Samsung refrigerator: течет вода — как исправить","Холодильники","3571","450","6","4","3",""
"samsung-tv-ne-rabotaet-pult.mdx","keep","Samsung TV: не работает пульт — как исправить","Телевизоры и аудио","3565","460","6","4","3",""
"samsung-tv-net-izobrazheniya.mdx","keep","Samsung TV: нет изображения — как исправить","Телевизоры и аудио","3563","459","6","4","3",""
"samsung-tv-net-zvuka.mdx","keep","Samsung TV: нет звука — как исправить","Телевизоры и аудио","3557","459","6","4","3",""
"samsung-washing-machine-ne-nabiraet-vodu.mdx","keep","Samsung washing machine: не набирает воду — как исправить","Стиральные машины","3550","457","6","4","3",""
"samsung-washing-machine-ne-otzhimaet.mdx","keep","Samsung washing machine: не отжимает — как исправить","Стиральные машины","3545","456","6","4","3",""
"samsung-washing-machine-ne-slivaet-vodu.mdx","keep","Samsung washing machine: не сливает воду — как исправить","Стиральные машины","3544","458","6","4","3",""
"samsung-washing-machine-oshibka-dvertsy.mdx","keep","Samsung washing machine: ошибка дверцы — как исправить","Стиральные машины","3547","456","6","4","3",""
"samsung-washing-machine-pokazyvaet-kod-oshibki.mdx","keep","Samsung washing machine: показывает код ошибки — как исправить","Стиральные машины","3567","457","6","4","3",""
"samsung-washing-machine-silno-vibriruet.mdx","keep","Samsung washing machine: сильно вибрирует — как исправить","Стиральные машины","3550","456","6","4","3",""
"secure-boot-ne-sohranyaet-nastroyki.mdx","keep","Secure Boot: не сохраняет настройки — как исправить","BIOS и UEFI","3907","502","6","4","2",""
"secure-boot-ne-vidit-zagruzochnyy-disk.mdx","keep","Secure Boot: не видит загрузочный диск — как исправить","BIOS и UEFI","3910","503","6","4","2",""
"security-brauzernoe-rasshirenie-access-denied.mdx","keep","браузерное расширение: показывает отказ в доступе","Безопасность","4225","534","6","3","3",""
"security-brauzernoe-rasshirenie-crash-on-open.mdx","keep","браузерное расширение: падает при открытии файла или проекта","Безопасность","4221","533","6","3","3",""
"security-brauzernoe-rasshirenie-does-not-start.mdx","keep","браузерное расширение: не запускается после обновления","Безопасность","4196","530","6","3","3",""
"security-brauzernoe-rasshirenie-settings-reset.mdx","keep","браузерное расширение: сбрасывает настройки после перезапуска","Безопасность","4227","529","6","3","3",""
"security-brauzernoe-rasshirenie-slow-response.mdx","keep","браузерное расширение: работает заметно медленнее обычного","Безопасность","4241","533","6","3","3",""
"security-brauzernoe-rasshirenie-update-loop.mdx","keep","браузерное расширение: застревает в цикле обновления","Безопасность","4239","535","6","3","3",""
"security-dostup-k-papke-access-denied.mdx","keep","доступ к папке: показывает отказ в доступе","Безопасность","4190","539","6","3","3",""
"security-dostup-k-papke-crash-on-open.mdx","keep","доступ к папке: падает при открытии файла или проекта","Безопасность","4186","538","6","3","3",""
"security-dostup-k-papke-does-not-start.mdx","keep","доступ к папке: не запускается после обновления","Безопасность","4161","535","6","3","3",""
"security-dostup-k-papke-settings-reset.mdx","keep","доступ к папке: сбрасывает настройки после перезапуска","Безопасность","4192","534","6","3","3",""
"security-dostup-k-papke-slow-response.mdx","keep","доступ к папке: работает заметно медленнее обычного","Безопасность","4206","538","6","3","3",""
"security-firewall-pravilo-access-denied.mdx","keep","firewall правило: показывает отказ в доступе","Безопасность","4200","534","6","3","3",""
"security-firewall-pravilo-crash-on-open.mdx","keep","firewall правило: падает при открытии файла или проекта","Безопасность","4196","533","6","3","3",""
"security-firewall-pravilo-does-not-start.mdx","keep","firewall правило: не запускается после обновления","Безопасность","4171","530","6","3","3",""
"security-firewall-pravilo-settings-reset.mdx","keep","firewall правило: сбрасывает настройки после перезапуска","Безопасность","4202","529","6","3","3",""
"security-firewall-pravilo-slow-response.mdx","keep","firewall правило: работает заметно медленнее обычного","Безопасность","4216","533","6","3","3",""
"security-firewall-pravilo-update-loop.mdx","keep","firewall правило: застревает в цикле обновления","Безопасность","4214","535","6","3","3",""
"security-firewall-rule-config-error.mdx","keep","Firewall Rule: ошибка конфигурации","Безопасность","4075","510","6","4","3",""
"security-firewall-rule-crashes-after-update.mdx","keep","Firewall Rule: вылетает после обновления","Безопасность","4058","507","6","4","3",""
"security-firewall-rule-high-cpu.mdx","keep","Firewall Rule: нагружает процессор","Безопасность","4110","517","6","4","3",""
"security-firewall-rule-network-timeout.mdx","keep","Firewall Rule: ошибка подключения или тайм-аут","Безопасность","3969","498","6","4","3",""
"security-firewall-rule-permission-denied.mdx","keep","Firewall Rule: отказано в доступе","Безопасность","4041","507","6","4","3",""
"security-firewall-rule-sync-failed.mdx","keep","Firewall Rule: не синхронизируется","Безопасность","3994","506","6","4","3",""
"security-firewall-rule-update-failed.mdx","keep","Firewall Rule: ошибка обновления","Безопасность","4023","504","6","4","3",""
"security-firewall-rule-wont-start.mdx","keep","Firewall Rule: не запускается","Безопасность","3978","502","6","4","3",""
"security-fishingovoe-pismo-access-denied.mdx","keep","фишинговое письмо: показывает отказ в доступе","Безопасность","4205","534","6","3","3",""
"security-fishingovoe-pismo-crash-on-open.mdx","keep","фишинговое письмо: падает при открытии файла или проекта","Безопасность","4201","533","6","3","3",""
"security-fishingovoe-pismo-does-not-start.mdx","keep","фишинговое письмо: не запускается после обновления","Безопасность","4176","530","6","3","3",""
"security-fishingovoe-pismo-settings-reset.mdx","keep","фишинговое письмо: сбрасывает настройки после перезапуска","Безопасность","4207","529","6","3","3",""
"security-fishingovoe-pismo-slow-response.mdx","keep","фишинговое письмо: работает заметно медленнее обычного","Безопасность","4221","533","6","3","3",""
"security-mfa-vhod-access-denied.mdx","keep","MFA вход: показывает отказ в доступе","Безопасность","4160","534","6","3","3",""
"security-mfa-vhod-crash-on-open.mdx","keep","MFA вход: падает при открытии файла или проекта","Безопасность","4156","533","6","3","3",""
"security-mfa-vhod-does-not-start.mdx","keep","MFA вход: не запускается после обновления","Безопасность","4131","530","6","3","3",""
"security-mfa-vhod-settings-reset.mdx","keep","MFA вход: сбрасывает настройки после перезапуска","Безопасность","4162","529","6","3","3",""
"security-mfa-vhod-slow-response.mdx","keep","MFA вход: работает заметно медленнее обычного","Безопасность","4176","533","6","3","3",""
"security-mfa-vhod-update-loop.mdx","keep","MFA вход: застревает в цикле обновления","Безопасность","4174","535","6","3","3",""
"security-microsoft-defender-access-denied.mdx","keep","Microsoft Defender: показывает отказ в доступе","Безопасность","4210","534","6","3","3",""
"security-microsoft-defender-crash-on-open.mdx","keep","Microsoft Defender: падает при открытии файла или проекта","Безопасность","4206","533","6","3","3",""
"security-microsoft-defender-does-not-start.mdx","keep","Microsoft Defender: не запускается после обновления","Безопасность","4181","530","6","3","3",""
"security-microsoft-defender-settings-reset.mdx","keep","Microsoft Defender: сбрасывает настройки после перезапуска","Безопасность","4212","529","6","3","3",""
"security-microsoft-defender-slow-response.mdx","keep","Microsoft Defender: работает заметно медленнее обычного","Безопасность","4226","533","6","3","3",""
"security-microsoft-defender-update-loop.mdx","keep","Microsoft Defender: застревает в цикле обновления","Безопасность","4224","535","6","3","3",""
"security-parolnaya-politika-access-denied.mdx","keep","парольная политика: показывает отказ в доступе","Безопасность","4210","534","6","3","3",""
"security-parolnaya-politika-crash-on-open.mdx","keep","парольная политика: падает при открытии файла или проекта","Безопасность","4206","533","6","3","3",""
"security-parolnaya-politika-does-not-start.mdx","keep","парольная политика: не запускается после обновления","Безопасность","4181","530","6","3","3",""
"security-parolnaya-politika-settings-reset.mdx","keep","парольная политика: сбрасывает настройки после перезапуска","Безопасность","4212","529","6","3","3",""
"security-parolnaya-politika-slow-response.mdx","keep","парольная политика: работает заметно медленнее обычного","Безопасность","4226","533","6","3","3",""
"security-parolnaya-politika-update-loop.mdx","keep","парольная политика: застревает в цикле обновления","Безопасность","4224","535","6","3","3",""
"security-podozritelnyy-process-access-denied.mdx","keep","подозрительный процесс: показывает отказ в доступе","Безопасность","4230","534","6","3","3",""
"security-podozritelnyy-process-crash-on-open.mdx","keep","подозрительный процесс: падает при открытии файла или проекта","Безопасность","4226","533","6","3","3",""
"security-podozritelnyy-process-does-not-start.mdx","keep","подозрительный процесс: не запускается после обновления","Безопасность","4201","530","6","3","3",""
"security-podozritelnyy-process-settings-reset.mdx","keep","подозрительный процесс: сбрасывает настройки после перезапуска","Безопасность","4232","529","6","3","3",""
"security-podozritelnyy-process-slow-response.mdx","keep","подозрительный процесс: работает заметно медленнее обычного","Безопасность","4246","533","6","3","3",""
"security-podozritelnyy-process-update-loop.mdx","keep","подозрительный процесс: застревает в цикле обновления","Безопасность","4244","535","6","3","3",""
"security-sertifikat-tls-access-denied.mdx","keep","сертификат TLS: показывает отказ в доступе","Безопасность","4190","534","6","3","3",""
"security-sertifikat-tls-crash-on-open.mdx","keep","сертификат TLS: падает при открытии файла или проекта","Безопасность","4186","533","6","3","3",""
"security-sertifikat-tls-does-not-start.mdx","keep","сертификат TLS: не запускается после обновления","Безопасность","4161","530","6","3","3",""
"security-sertifikat-tls-settings-reset.mdx","keep","сертификат TLS: сбрасывает настройки после перезапуска","Безопасность","4192","529","6","3","3",""
"security-sertifikat-tls-slow-response.mdx","keep","сертификат TLS: работает заметно медленнее обычного","Безопасность","4206","533","6","3","3",""
"security-sertifikat-tls-update-loop.mdx","keep","сертификат TLS: застревает в цикле обновления","Безопасность","4204","535","6","3","3",""
"security-tls-certificate-crashes-after-update.mdx","keep","TLS Certificate: вылетает после обновления","Безопасность","4072","507","6","4","3",""
"security-tls-certificate-permission-denied.mdx","keep","TLS Certificate: отказано в доступе","Безопасность","4055","507","6","4","3",""
"security-tls-certificate-wont-start.mdx","keep","TLS Certificate: не запускается","Безопасность","3992","502","6","4","3",""
"security-uchetnaya-zapis-administratora-access-denied.mdx","keep","учетная запись администратора: показывает отказ в доступе","Безопасность","4265","539","6","3","3",""
"security-uchetnaya-zapis-administratora-crash-on-open.mdx","keep","учетная запись администратора: падает при открытии файла или проекта","Безопасность","4261","538","6","3","3",""
"security-uchetnaya-zapis-administratora-does-not-start.mdx","keep","учетная запись администратора: не запускается после обновления","Безопасность","4236","535","6","3","3",""
"security-uchetnaya-zapis-administratora-settings-reset.mdx","keep","учетная запись администратора: сбрасывает настройки после перезапуска","Безопасность","4267","534","6","3","3",""
"security-uchetnaya-zapis-administratora-slow-response.mdx","keep","учетная запись администратора: работает заметно медленнее обычного","Безопасность","4281","538","6","3","3",""
"security-uchetnaya-zapis-administratora-update-loop.mdx","keep","учетная запись администратора: застревает в цикле обновления","Безопасность","4279","540","6","3","3",""
"security-vpn-dostup-access-denied.mdx","keep","VPN доступ: показывает отказ в доступе","Безопасность","4170","534","6","3","3",""
"security-vpn-dostup-crash-on-open.mdx","keep","VPN доступ: падает при открытии файла или проекта","Безопасность","4166","533","6","3","3",""
"security-vpn-dostup-does-not-start.mdx","keep","VPN доступ: не запускается после обновления","Безопасность","4141","530","6","3","3",""
"security-vpn-dostup-settings-reset.mdx","keep","VPN доступ: сбрасывает настройки после перезапуска","Безопасность","4172","529","6","3","3",""
"security-vpn-dostup-slow-response.mdx","keep","VPN доступ: работает заметно медленнее обычного","Безопасность","4186","533","6","3","3",""
"security-vpn-dostup-update-loop.mdx","keep","VPN доступ: застревает в цикле обновления","Безопасность","4184","535","6","3","3",""
"security-windows-defender-config-error.mdx","keep","Windows Defender: ошибка конфигурации","Безопасность","4096","510","6","4","3",""
"security-windows-defender-crashes-after-update.mdx","keep","Windows Defender: вылетает после обновления","Безопасность","4079","507","6","4","3",""
"security-windows-defender-high-cpu.mdx","keep","Windows Defender: нагружает процессор","Безопасность","4131","517","6","4","3",""
"security-windows-defender-network-timeout.mdx","keep","Windows Defender: ошибка подключения или тайм-аут","Безопасность","3990","498","6","4","3",""
"security-windows-defender-permission-denied.mdx","keep","Windows Defender: отказано в доступе","Безопасность","4062","507","6","4","3",""
"security-windows-defender-sync-failed.mdx","keep","Windows Defender: не синхронизируется","Безопасность","4015","506","6","4","3",""
"security-windows-defender-update-failed.mdx","keep","Windows Defender: ошибка обновления","Безопасность","4044","504","6","4","3",""
"security-windows-defender-wont-start.mdx","keep","Windows Defender: не запускается","Безопасность","3999","502","6","4","3",""
"security-zhurnal-audita-access-denied.mdx","keep","журнал аудита: показывает отказ в доступе","Безопасность","4185","534","6","3","3",""
"security-zhurnal-audita-crash-on-open.mdx","keep","журнал аудита: падает при открытии файла или проекта","Безопасность","4181","533","6","3","3",""
"security-zhurnal-audita-does-not-start.mdx","keep","журнал аудита: не запускается после обновления","Безопасность","4156","530","6","3","3",""
"security-zhurnal-audita-settings-reset.mdx","keep","журнал аудита: сбрасывает настройки после перезапуска","Безопасность","4187","529","6","3","3",""
"security-zhurnal-audita-slow-response.mdx","keep","журнал аудита: работает заметно медленнее обычного","Безопасность","4201","533","6","3","3",""
"shurupovert-makita-ne-krutitsya-ispravit.mdx","keep","Шуруповёрт Makita не крутится: диагностика и ремонт","Электроинструмент","3554","451","6","4","4",""
"siemens-dishwasher-ne-nabiraet-vodu.mdx","keep","Siemens dishwasher: не набирает воду — как исправить","Посудомоечные машины","3515","449","6","4","4",""
"siemens-dishwasher-ne-rastvoryaet-tabletku.mdx","keep","Siemens dishwasher: не растворяет таблетку — как исправить","Посудомоечные машины","3521","449","6","4","4",""
"siemens-dishwasher-ne-slivaet-vodu.mdx","keep","Siemens dishwasher: не сливает воду — как исправить","Посудомоечные машины","3509","450","6","4","4",""
"siemens-dishwasher-oshibka-nagreva.mdx","keep","Siemens dishwasher: ошибка нагрева — как исправить","Посудомоечные машины","3513","448","6","4","4",""
"siemens-dishwasher-ploho-moet-posudu.mdx","keep","Siemens dishwasher: плохо моет посуду — как исправить","Посудомоечные машины","3516","449","6","4","4",""
"siemens-dishwasher-techet-snizu.mdx","keep","Siemens dishwasher: течет снизу — как исправить","Посудомоечные машины","3510","448","6","4","4",""
"sony-tv-ne-rabotaet-pult.mdx","keep","Sony TV: не работает пульт — как исправить","Телевизоры и аудио","3550","460","6","4","4",""
"sony-tv-net-izobrazheniya.mdx","keep","Sony TV: нет изображения — как исправить","Телевизоры и аудио","3548","459","6","4","4",""
"sony-tv-net-zvuka.mdx","keep","Sony TV: нет звука — как исправить","Телевизоры и аудио","3542","459","6","4","4",""
"ssd-medlenno-kopiruet-fayly.mdx","keep","SSD: медленно копирует файлы — как исправить","Хранилища и файлы","3818","491","6","4","4",""
"ssd-ne-montiruetsya.mdx","keep","SSD: не монтируется — как исправить","Хранилища и файлы","3809","490","6","4","4",""
"ssd-ne-opredelyaetsya.mdx","keep","SSD: не определяется — как исправить","Хранилища и файлы","3810","490","6","4","4",""
"ssd-net-dostupa-k-papke.mdx","keep","SSD: нет доступа к папке — как исправить","Хранилища и файлы","3814","492","6","4","4",""
"ssd-oshibka-vvoda-vyvoda.mdx","keep","SSD: ошибка ввода вывода — как исправить","Хранилища и файлы","3814","491","6","4","4",""
"ssd-povrezhdena-faylovaya-sistema.mdx","keep","SSD: повреждена файловая система — как исправить","Хранилища и файлы","3822","491","6","4","4",""
"ssd-prosit-formatirovat.mdx","keep","SSD: просит форматировать — как исправить","Хранилища и файлы","3815","490","6","4","4",""
"ssh-connection-refused-fix.mdx","keep","SSH Connection Refused: исправление ошибки подключения","Сеть","3964","514","6","4","3",""
"ssl-certificate-blokiruet-prilozhenie.mdx","keep","SSL certificate: блокирует приложение — как исправить","Безопасность","3975","498","6","4","3",""
"ssl-certificate-ne-prihodit-kod.mdx","keep","SSL certificate: не приходит код — как исправить","Безопасность","3970","499","6","4","3",""
"ssl-certificate-ne-prinimaet-klyuch.mdx","keep","SSL certificate: не принимает ключ — как исправить","Безопасность","3972","499","6","4","3",""
"ssl-certificate-oshibka-dostupa.mdx","keep","SSL certificate: ошибка доступа — как исправить","Безопасность","3969","498","6","4","3",""
"ssl-certificate-oshibka-sertifikata.mdx","keep","SSL certificate: ошибка сертификата — как исправить","Безопасность","3973","498","6","4","3",""
"storage-exfat-volume-not-detected.mdx","keep","exFAT Volume: не определяется системой","Хранилища и файлы","3959","511","6","4","3",""
"storage-external-hdd-disconnects-randomly.mdx","keep","External HDD: самопроизвольно отключается","Хранилища и файлы","3955","496","6","4","3",""
"storage-external-hdd-driver-error.mdx","keep","External HDD: ошибка драйвера","Хранилища и файлы","3996","505","6","4","3",""
"storage-external-hdd-firmware-update-failed.mdx","keep","External HDD: ошибка обновления прошивки","Хранилища и файлы","3985","507","6","4","3",""
"storage-external-hdd-low-performance.mdx","keep","External HDD: низкая производительность","Хранилища и файлы","3995","506","6","4","3",""
"storage-external-hdd-not-detected.mdx","keep","External HDD: не определяется системой","Хранилища и файлы","3959","511","6","4","3",""
"storage-faylovyy-server-access-denied.mdx","keep","файловый сервер: показывает отказ в доступе","Хранилища и файлы","4168","551","6","3","3",""
"storage-faylovyy-server-crash-on-open.mdx","keep","файловый сервер: падает при открытии файла или проекта","Хранилища и файлы","4164","550","6","3","3",""
"storage-faylovyy-server-does-not-start.mdx","keep","файловый сервер: не запускается после обновления","Хранилища и файлы","4139","547","6","3","3",""
"storage-faylovyy-server-settings-reset.mdx","keep","файловый сервер: сбрасывает настройки после перезапуска","Хранилища и файлы","4170","546","6","3","3",""
"storage-faylovyy-server-slow-response.mdx","keep","файловый сервер: работает заметно медленнее обычного","Хранилища и файлы","4184","550","6","3","3",""
"storage-hdd-disk-access-denied.mdx","keep","HDD диск: показывает отказ в доступе","Хранилища и файлы","4133","551","6","3","3",""
"storage-hdd-disk-crash-on-open.mdx","keep","HDD диск: падает при открытии файла или проекта","Хранилища и файлы","4129","550","6","3","3",""
"storage-hdd-disk-does-not-start.mdx","keep","HDD диск: не запускается после обновления","Хранилища и файлы","4104","547","6","3","3",""
"storage-hdd-disk-settings-reset.mdx","keep","HDD диск: сбрасывает настройки после перезапуска","Хранилища и файлы","4135","546","6","3","3",""
"storage-hdd-disk-slow-response.mdx","keep","HDD диск: работает заметно медленнее обычного","Хранилища и файлы","4149","550","6","3","3",""
"storage-hdd-disk-update-loop.mdx","keep","HDD диск: застревает в цикле обновления","Хранилища и файлы","4147","552","6","3","3",""
"storage-karta-pamyati-access-denied.mdx","keep","карта памяти: показывает отказ в доступе","Хранилища и файлы","4153","551","6","3","3",""
"storage-karta-pamyati-crash-on-open.mdx","keep","карта памяти: падает при открытии файла или проекта","Хранилища и файлы","4149","550","6","3","3",""
"storage-karta-pamyati-does-not-start.mdx","keep","карта памяти: не запускается после обновления","Хранилища и файлы","4124","547","6","3","3",""
"storage-karta-pamyati-settings-reset.mdx","keep","карта памяти: сбрасывает настройки после перезапуска","Хранилища и файлы","4155","546","6","3","3",""
"storage-karta-pamyati-slow-response.mdx","keep","карта памяти: работает заметно медленнее обычного","Хранилища и файлы","4169","550","6","3","3",""
"storage-karta-pamyati-update-loop.mdx","keep","карта памяти: застревает в цикле обновления","Хранилища и файлы","4167","552","6","3","3",""
"storage-nvme-drive-disconnects-randomly.mdx","keep","NVMe Drive: самопроизвольно отключается","Хранилища и файлы","3941","496","6","4","3",""
"storage-nvme-drive-driver-error.mdx","keep","NVMe Drive: ошибка драйвера","Хранилища и файлы","3982","505","6","4","3",""
"storage-nvme-drive-firmware-update-failed.mdx","keep","NVMe Drive: ошибка обновления прошивки","Хранилища и файлы","3971","507","6","4","3",""
"storage-nvme-drive-low-performance.mdx","keep","NVMe Drive: низкая производительность","Хранилища и файлы","3981","506","6","4","3",""
"storage-nvme-drive-not-detected.mdx","keep","NVMe Drive: не определяется системой","Хранилища и файлы","3945","511","6","4","3",""
"storage-papka-s-pravami-access-denied.mdx","keep","папка с правами: показывает отказ в доступе","Хранилища и файлы","4168","556","6","3","3",""
"storage-papka-s-pravami-crash-on-open.mdx","keep","папка с правами: падает при открытии файла или проекта","Хранилища и файлы","4164","555","6","3","3",""
"storage-papka-s-pravami-does-not-start.mdx","keep","папка с правами: не запускается после обновления","Хранилища и файлы","4139","552","6","3","3",""
"storage-papka-s-pravami-settings-reset.mdx","keep","папка с правами: сбрасывает настройки после перезапуска","Хранилища и файлы","4170","551","6","3","3",""
"storage-papka-s-pravami-slow-response.mdx","keep","папка с правами: работает заметно медленнее обычного","Хранилища и файлы","4184","555","6","3","3",""
"storage-raid-massiv-access-denied.mdx","keep","RAID массив: показывает отказ в доступе","Хранилища и файлы","4148","551","6","3","3",""
"storage-raid-massiv-crash-on-open.mdx","keep","RAID массив: падает при открытии файла или проекта","Хранилища и файлы","4144","550","6","3","3",""
"storage-raid-massiv-does-not-start.mdx","keep","RAID массив: не запускается после обновления","Хранилища и файлы","4119","547","6","3","3",""
"storage-raid-massiv-settings-reset.mdx","keep","RAID массив: сбрасывает настройки после перезапуска","Хранилища и файлы","4150","546","6","3","3",""
"storage-raid-massiv-slow-response.mdx","keep","RAID массив: работает заметно медленнее обычного","Хранилища и файлы","4164","550","6","3","3",""
"storage-raid-massiv-update-loop.mdx","keep","RAID массив: застревает в цикле обновления","Хранилища и файлы","4162","552","6","3","3",""
"storage-razdel-windows-access-denied.mdx","keep","раздел Windows: показывает отказ в доступе","Хранилища и файлы","4163","551","6","3","3",""
"storage-razdel-windows-crash-on-open.mdx","keep","раздел Windows: падает при открытии файла или проекта","Хранилища и файлы","4159","550","6","3","3",""
"storage-razdel-windows-does-not-start.mdx","keep","раздел Windows: не запускается после обновления","Хранилища и файлы","4134","547","6","3","3",""
"storage-razdel-windows-settings-reset.mdx","keep","раздел Windows: сбрасывает настройки после перезапуска","Хранилища и файлы","4165","546","6","3","3",""
"storage-razdel-windows-slow-response.mdx","keep","раздел Windows: работает заметно медленнее обычного","Хранилища и файлы","4179","550","6","3","3",""
"storage-razdel-windows-update-loop.mdx","keep","раздел Windows: застревает в цикле обновления","Хранилища и файлы","4177","552","6","3","3",""
"storage-rezervnaya-kopiya-access-denied.mdx","keep","резервная копия: показывает отказ в доступе","Хранилища и файлы","4168","551","6","3","3",""
"storage-rezervnaya-kopiya-crash-on-open.mdx","keep","резервная копия: падает при открытии файла или проекта","Хранилища и файлы","4164","550","6","3","3",""
"storage-rezervnaya-kopiya-does-not-start.mdx","keep","резервная копия: не запускается после обновления","Хранилища и файлы","4139","547","6","3","3",""
"storage-rezervnaya-kopiya-settings-reset.mdx","keep","резервная копия: сбрасывает настройки после перезапуска","Хранилища и файлы","4170","546","6","3","3",""
"storage-rezervnaya-kopiya-slow-response.mdx","keep","резервная копия: работает заметно медленнее обычного","Хранилища и файлы","4184","550","6","3","3",""
"storage-setevoy-nas-access-denied.mdx","keep","сетевой NAS: показывает отказ в доступе","Хранилища и файлы","4148","551","6","3","3",""
"storage-setevoy-nas-crash-on-open.mdx","keep","сетевой NAS: падает при открытии файла или проекта","Хранилища и файлы","4144","550","6","3","3",""
"storage-setevoy-nas-does-not-start.mdx","keep","сетевой NAS: не запускается после обновления","Хранилища и файлы","4119","547","6","3","3",""
"storage-setevoy-nas-settings-reset.mdx","keep","сетевой NAS: сбрасывает настройки после перезапуска","Хранилища и файлы","4150","546","6","3","3",""
"storage-setevoy-nas-slow-response.mdx","keep","сетевой NAS: работает заметно медленнее обычного","Хранилища и файлы","4164","550","6","3","3",""
"storage-setevoy-nas-update-loop.mdx","keep","сетевой NAS: застревает в цикле обновления","Хранилища и файлы","4162","552","6","3","3",""
"storage-ssd-disk-access-denied.mdx","keep","SSD диск: показывает отказ в доступе","Хранилища и файлы","4133","551","6","3","3",""
"storage-ssd-disk-crash-on-open.mdx","keep","SSD диск: падает при открытии файла или проекта","Хранилища и файлы","4129","550","6","3","3",""
"storage-ssd-disk-does-not-start.mdx","keep","SSD диск: не запускается после обновления","Хранилища и файлы","4104","547","6","3","3",""
"storage-ssd-disk-settings-reset.mdx","keep","SSD диск: сбрасывает настройки после перезапуска","Хранилища и файлы","4135","546","6","3","3",""
"storage-ssd-disk-slow-response.mdx","keep","SSD диск: работает заметно медленнее обычного","Хранилища и файлы","4149","550","6","3","3",""
"storage-ssd-disk-update-loop.mdx","keep","SSD диск: застревает в цикле обновления","Хранилища и файлы","4147","552","6","3","3",""
"storage-storage-spaces-access-denied.mdx","keep","Storage Spaces: показывает отказ в доступе","Хранилища и файлы","4163","551","6","3","3",""
"storage-storage-spaces-crash-on-open.mdx","keep","Storage Spaces: падает при открытии файла или проекта","Хранилища и файлы","4159","550","6","3","3",""
"storage-storage-spaces-does-not-start.mdx","keep","Storage Spaces: не запускается после обновления","Хранилища и файлы","4134","547","6","3","3",""
"storage-storage-spaces-settings-reset.mdx","keep","Storage Spaces: сбрасывает настройки после перезапуска","Хранилища и файлы","4165","546","6","3","3",""
"storage-storage-spaces-slow-response.mdx","keep","Storage Spaces: работает заметно медленнее обычного","Хранилища и файлы","4179","550","6","3","3",""
"storage-storage-spaces-update-loop.mdx","keep","Storage Spaces: застревает в цикле обновления","Хранилища и файлы","4177","552","6","3","3",""
"storage-time-machine-backup-access-denied.mdx","keep","Time Machine backup: показывает отказ в доступе","Хранилища и файлы","4188","556","6","3","3",""
"storage-time-machine-backup-crash-on-open.mdx","keep","Time Machine backup: падает при открытии файла или проекта","Хранилища и файлы","4184","555","6","3","3",""
"storage-time-machine-backup-does-not-start.mdx","keep","Time Machine backup: не запускается после обновления","Хранилища и файлы","4159","552","6","3","3",""
"storage-time-machine-backup-settings-reset.mdx","keep","Time Machine backup: сбрасывает настройки после перезапуска","Хранилища и файлы","4190","551","6","3","3",""
"storage-time-machine-backup-slow-response.mdx","keep","Time Machine backup: работает заметно медленнее обычного","Хранилища и файлы","4204","555","6","3","3",""
"storage-time-machine-backup-update-loop.mdx","keep","Time Machine backup: застревает в цикле обновления","Хранилища и файлы","4202","557","6","3","3",""
"storage-vneshniy-usb-disk-access-denied.mdx","keep","внешний USB диск: показывает отказ в доступе","Хранилища и файлы","4173","556","6","3","3",""
"storage-vneshniy-usb-disk-crash-on-open.mdx","keep","внешний USB диск: падает при открытии файла или проекта","Хранилища и файлы","4169","555","6","3","3",""
"storage-vneshniy-usb-disk-does-not-start.mdx","keep","внешний USB диск: не запускается после обновления","Хранилища и файлы","4144","552","6","3","3",""
"storage-vneshniy-usb-disk-settings-reset.mdx","keep","внешний USB диск: сбрасывает настройки после перезапуска","Хранилища и файлы","4175","551","6","3","3",""
"storage-vneshniy-usb-disk-slow-response.mdx","keep","внешний USB диск: работает заметно медленнее обычного","Хранилища и файлы","4189","555","6","3","3",""
"storage-vneshniy-usb-disk-update-loop.mdx","keep","внешний USB диск: застревает в цикле обновления","Хранилища и файлы","4187","557","6","3","3",""
"televizor-samsung-ne-vklyuchaetsya-reshenie.mdx","keep","Телевизор Samsung не включается: диагностика и ремонт","Телевизоры и аудио","3637","465","6","3","1",""
"thunderbird-ne-otpravlyaet-pisma.mdx","keep","Thunderbird: не отправляет письма — как исправить","Электронная почта","3919","492","6","4","3",""
"thunderbird-ne-prinimaet-pisma.mdx","keep","Thunderbird: не принимает письма — как исправить","Электронная почта","3918","492","6","4","3",""
"thunderbird-ne-rabotaet-vlozhenie.mdx","keep","Thunderbird: не работает вложение — как исправить","Электронная почта","3919","492","6","4","3",""
"thunderbird-oshibka-parolya.mdx","keep","Thunderbird: ошибка пароля — как исправить","Электронная почта","3912","491","6","4","3",""
"thunderbird-oshibka-sertifikata.mdx","keep","Thunderbird: ошибка сертификата — как исправить","Электронная почта","3917","491","6","4","3",""
"thunderbird-pisma-popadayut-v-spam.mdx","keep","Thunderbird: письма попадают в спам — как исправить","Электронная почта","3921","493","6","4","3",""
"tvs-audio-4k-televizor-access-denied.mdx","keep","4K телевизор: показывает отказ в доступе","Телевизоры и аудио","4099","539","6","3","3",""
"tvs-audio-4k-televizor-crash-on-open.mdx","keep","4K телевизор: падает при открытии файла или проекта","Телевизоры и аудио","4095","538","6","3","3",""
"tvs-audio-4k-televizor-does-not-start.mdx","keep","4K телевизор: не запускается после обновления","Телевизоры и аудио","4070","535","6","3","3",""
"tvs-audio-4k-televizor-settings-reset.mdx","keep","4K телевизор: сбрасывает настройки после перезапуска","Телевизоры и аудио","4101","534","6","3","3",""
"tvs-audio-4k-televizor-slow-response.mdx","keep","4K телевизор: работает заметно медленнее обычного","Телевизоры и аудио","4115","538","6","3","3",""
"tvs-audio-4k-televizor-update-loop.mdx","keep","4K телевизор: застревает в цикле обновления","Телевизоры и аудио","4113","540","6","3","3",""
"tvs-audio-android-tv-access-denied.mdx","keep","Android TV: показывает отказ в доступе","Телевизоры и аудио","4089","539","6","3","3",""
"tvs-audio-android-tv-crash-on-open.mdx","keep","Android TV: падает при открытии файла или проекта","Телевизоры и аудио","4085","538","6","3","3",""
"tvs-audio-android-tv-does-not-start.mdx","keep","Android TV: не запускается после обновления","Телевизоры и аудио","4060","535","6","3","3",""
"tvs-audio-android-tv-settings-reset.mdx","keep","Android TV: сбрасывает настройки после перезапуска","Телевизоры и аудио","4091","534","6","3","3",""
"tvs-audio-android-tv-slow-response.mdx","keep","Android TV: работает заметно медленнее обычного","Телевизоры и аудио","4105","538","6","3","3",""
"tvs-audio-android-tv-update-loop.mdx","keep","Android TV: застревает в цикле обновления","Телевизоры и аудио","4103","540","6","3","3",""
"tvs-audio-bluetooth-na-televizore-access-denied.mdx","keep","Bluetooth на телевизоре: показывает отказ в доступе","Телевизоры и аудио","4154","544","6","3","3",""
"tvs-audio-bluetooth-na-televizore-crash-on-open.mdx","keep","Bluetooth на телевизоре: падает при открытии файла или проекта","Телевизоры и аудио","4150","543","6","3","3",""
"tvs-audio-bluetooth-na-televizore-does-not-start.mdx","keep","Bluetooth на телевизоре: не запускается после обновления","Телевизоры и аудио","4125","540","6","3","3",""
"tvs-audio-bluetooth-na-televizore-settings-reset.mdx","keep","Bluetooth на телевизоре: сбрасывает настройки после перезапуска","Телевизоры и аудио","4156","539","6","3","3",""
"tvs-audio-bluetooth-na-televizore-slow-response.mdx","keep","Bluetooth на телевизоре: работает заметно медленнее обычного","Телевизоры и аудио","4170","543","6","3","3",""
"tvs-audio-bluetooth-na-televizore-update-loop.mdx","keep","Bluetooth на телевизоре: застревает в цикле обновления","Телевизоры и аудио","4168","545","6","3","3",""
"tvs-audio-cifrovye-kanaly-access-denied.mdx","keep","цифровые каналы: показывает отказ в доступе","Телевизоры и аудио","4114","539","6","3","3",""
"tvs-audio-cifrovye-kanaly-crash-on-open.mdx","keep","цифровые каналы: падает при открытии файла или проекта","Телевизоры и аудио","4110","538","6","3","3",""
"tvs-audio-cifrovye-kanaly-does-not-start.mdx","keep","цифровые каналы: не запускается после обновления","Телевизоры и аудио","4085","535","6","3","3",""
"tvs-audio-cifrovye-kanaly-settings-reset.mdx","keep","цифровые каналы: сбрасывает настройки после перезапуска","Телевизоры и аудио","4116","534","6","3","3",""
"tvs-audio-cifrovye-kanaly-slow-response.mdx","keep","цифровые каналы: работает заметно медленнее обычного","Телевизоры и аудио","4130","538","6","3","3",""
"tvs-audio-cifrovye-kanaly-update-loop.mdx","keep","цифровые каналы: застревает в цикле обновления","Телевизоры и аудио","4128","540","6","3","3",""
"tvs-audio-hdmi-arc-access-denied.mdx","keep","HDMI ARC: показывает отказ в доступе","Телевизоры и аудио","4079","539","6","3","3",""
"tvs-audio-hdmi-arc-crash-on-open.mdx","keep","HDMI ARC: падает при открытии файла или проекта","Телевизоры и аудио","4075","538","6","3","3",""
"tvs-audio-hdmi-arc-does-not-start.mdx","keep","HDMI ARC: не запускается после обновления","Телевизоры и аудио","4050","535","6","3","3",""
"tvs-audio-hdmi-arc-settings-reset.mdx","keep","HDMI ARC: сбрасывает настройки после перезапуска","Телевизоры и аудио","4081","534","6","3","3",""
"tvs-audio-hdmi-arc-slow-response.mdx","keep","HDMI ARC: работает заметно медленнее обычного","Телевизоры и аудио","4095","538","6","3","3",""
"tvs-audio-hdmi-arc-update-loop.mdx","keep","HDMI ARC: застревает в цикле обновления","Телевизоры и аудио","4093","540","6","3","3",""
"tvs-audio-lg-smart-tv-access-denied.mdx","keep","LG Smart TV: показывает отказ в доступе","Телевизоры и аудио","4094","544","6","4","4",""
"tvs-audio-lg-smart-tv-crash-on-open.mdx","keep","LG Smart TV: падает при открытии файла или проекта","Телевизоры и аудио","4090","543","6","4","4",""
"tvs-audio-lg-smart-tv-does-not-start.mdx","keep","LG Smart TV: не запускается после обновления","Телевизоры и аудио","4065","540","6","4","4",""
"tvs-audio-lg-smart-tv-settings-reset.mdx","keep","LG Smart TV: сбрасывает настройки после перезапуска","Телевизоры и аудио","4096","539","6","4","4",""
"tvs-audio-lg-smart-tv-slow-response.mdx","keep","LG Smart TV: работает заметно медленнее обычного","Телевизоры и аудио","4110","543","6","4","4",""
"tvs-audio-lg-smart-tv-sync-error.mdx","keep","LG Smart TV: не синхронизирует данные","Телевизоры и аудио","4085","542","6","4","4",""
"tvs-audio-lg-smart-tv-update-loop.mdx","keep","LG Smart TV: застревает в цикле обновления","Телевизоры и аудио","4108","545","6","4","4",""
"tvs-audio-lg-tv-bad-smell.mdx","keep","LG телевизор: появился запах или гарь","Телевизоры и аудио","3573","456","6","4","3",""
"tvs-audio-lg-tv-error-code.mdx","keep","LG телевизор: показывает код ошибки","Телевизоры и аудио","3584","459","6","4","3",""
"tvs-audio-lg-tv-hdmi-212.mdx","keep","LG TV: не видит HDMI — как исправить","Телевизоры и аудио","3529","458","6","4","3",""
"tvs-audio-lg-tv-makes-noise.mdx","keep","LG телевизор: шумит или вибрирует","Телевизоры и аудио","3538","452","6","4","3",""
"tvs-audio-lg-tv-smart-tv-211.mdx","keep","LG TV: зависает Smart TV — как исправить","Телевизоры и аудио","3533","458","6","4","3",""
"tvs-audio-lg-tv-stops-mid-cycle.mdx","keep","LG телевизор: останавливается во время работы","Телевизоры и аудио","3624","462","6","4","3",""
"tvs-audio-lg-tv-wi-fi-210.mdx","keep","LG TV: не подключается Wi-Fi — как исправить","Телевизоры и аудио","3537","458","6","4","3",""
"tvs-audio-lg-tv-wont-turn-on.mdx","keep","LG телевизор: не включается","Телевизоры и аудио","3581","459","6","4","3",""
"tvs-audio-prilozhenie-smart-tv-access-denied.mdx","keep","приложение Smart TV: показывает отказ в доступе","Телевизоры и аудио","4134","544","6","3","3",""
"tvs-audio-prilozhenie-smart-tv-crash-on-open.mdx","keep","приложение Smart TV: падает при открытии файла или проекта","Телевизоры и аудио","4130","543","6","3","3",""
"tvs-audio-prilozhenie-smart-tv-does-not-start.mdx","keep","приложение Smart TV: не запускается после обновления","Телевизоры и аудио","4105","540","6","3","3",""
"tvs-audio-prilozhenie-smart-tv-settings-reset.mdx","keep","приложение Smart TV: сбрасывает настройки после перезапуска","Телевизоры и аудио","4136","539","6","3","3",""
"tvs-audio-prilozhenie-smart-tv-slow-response.mdx","keep","приложение Smart TV: работает заметно медленнее обычного","Телевизоры и аудио","4150","543","6","3","3",""
"tvs-audio-prilozhenie-smart-tv-update-loop.mdx","keep","приложение Smart TV: застревает в цикле обновления","Телевизоры и аудио","4148","545","6","3","3",""
"tvs-audio-pult-televizora-access-denied.mdx","keep","пульт телевизора: показывает отказ в доступе","Телевизоры и аудио","4119","539","6","3","3",""
"tvs-audio-pult-televizora-crash-on-open.mdx","keep","пульт телевизора: падает при открытии файла или проекта","Телевизоры и аудио","4115","538","6","3","3",""
"tvs-audio-pult-televizora-does-not-start.mdx","keep","пульт телевизора: не запускается после обновления","Телевизоры и аудио","4090","535","6","3","3",""
"tvs-audio-pult-televizora-settings-reset.mdx","keep","пульт телевизора: сбрасывает настройки после перезапуска","Телевизоры и аудио","4121","534","6","3","3",""
"tvs-audio-pult-televizora-slow-response.mdx","keep","пульт телевизора: работает заметно медленнее обычного","Телевизоры и аудио","4135","538","6","3","3",""
"tvs-audio-pult-televizora-update-loop.mdx","keep","пульт телевизора: застревает в цикле обновления","Телевизоры и аудио","4133","540","6","3","3",""
"tvs-audio-samsung-smart-tv-access-denied.mdx","keep","Samsung Smart TV: показывает отказ в доступе","Телевизоры и аудио","4119","544","6","4","4",""
"tvs-audio-samsung-smart-tv-crash-on-open.mdx","keep","Samsung Smart TV: падает при открытии файла или проекта","Телевизоры и аудио","4115","543","6","4","4",""
"tvs-audio-samsung-smart-tv-does-not-start.mdx","keep","Samsung Smart TV: не запускается после обновления","Телевизоры и аудио","4090","540","6","4","4",""
"tvs-audio-samsung-smart-tv-settings-reset.mdx","keep","Samsung Smart TV: сбрасывает настройки после перезапуска","Телевизоры и аудио","4121","539","6","4","4",""
"tvs-audio-samsung-smart-tv-slow-response.mdx","keep","Samsung Smart TV: работает заметно медленнее обычного","Телевизоры и аудио","4135","543","6","4","4",""
"tvs-audio-samsung-smart-tv-sync-error.mdx","keep","Samsung Smart TV: не синхронизирует данные","Телевизоры и аудио","4110","542","6","4","4",""
"tvs-audio-samsung-smart-tv-update-loop.mdx","keep","Samsung Smart TV: застревает в цикле обновления","Телевизоры и аудио","4133","545","6","4","4",""
"tvs-audio-samsung-tv-bad-smell.mdx","keep","Samsung телевизор: появился запах или гарь","Телевизоры и аудио","3593","456","6","4","3",""
"tvs-audio-samsung-tv-error-code.mdx","keep","Samsung телевизор: показывает код ошибки","Телевизоры и аудио","3604","459","6","4","3",""
"tvs-audio-samsung-tv-hdmi-206.mdx","keep","Samsung TV: не видит HDMI — как исправить","Телевизоры и аудио","3549","458","6","4","3",""
"tvs-audio-samsung-tv-makes-noise.mdx","keep","Samsung телевизор: шумит или вибрирует","Телевизоры и аудио","3558","452","6","4","3",""
"tvs-audio-samsung-tv-smart-tv-205.mdx","keep","Samsung TV: зависает Smart TV — как исправить","Телевизоры и аудио","3553","458","6","4","3",""
"tvs-audio-samsung-tv-stops-mid-cycle.mdx","keep","Samsung телевизор: останавливается во время работы","Телевизоры и аудио","3644","462","6","4","3",""
"tvs-audio-samsung-tv-wi-fi-204.mdx","keep","Samsung TV: не подключается Wi-Fi — как исправить","Телевизоры и аудио","3557","458","6","4","3",""
"tvs-audio-samsung-tv-wont-turn-on.mdx","keep","Samsung телевизор: не включается","Телевизоры и аудио","3601","459","6","4","3",""
"tvs-audio-saundbar-access-denied.mdx","keep","саундбар: показывает отказ в доступе","Телевизоры и аудио","4079","534","6","3","3",""
"tvs-audio-saundbar-crash-on-open.mdx","keep","саундбар: падает при открытии файла или проекта","Телевизоры и аудио","4075","533","6","3","3",""
"tvs-audio-saundbar-does-not-start.mdx","keep","саундбар: не запускается после обновления","Телевизоры и аудио","4050","530","6","3","3",""
"tvs-audio-saundbar-settings-reset.mdx","keep","саундбар: сбрасывает настройки после перезапуска","Телевизоры и аудио","4081","529","6","3","3",""
"tvs-audio-saundbar-slow-response.mdx","keep","саундбар: работает заметно медленнее обычного","Телевизоры и аудио","4095","533","6","3","3",""
"tvs-audio-saundbar-update-loop.mdx","keep","саундбар: застревает в цикле обновления","Телевизоры и аудио","4093","535","6","3","3",""
"tvs-audio-sony-bravia-tv-access-denied.mdx","keep","Sony Bravia TV: показывает отказ в доступе","Телевизоры и аудио","4109","544","6","4","4",""
"tvs-audio-sony-bravia-tv-crash-on-open.mdx","keep","Sony Bravia TV: падает при открытии файла или проекта","Телевизоры и аудио","4105","543","6","4","4",""
"tvs-audio-sony-bravia-tv-does-not-start.mdx","keep","Sony Bravia TV: не запускается после обновления","Телевизоры и аудио","4080","540","6","4","4",""
"tvs-audio-sony-bravia-tv-settings-reset.mdx","keep","Sony Bravia TV: сбрасывает настройки после перезапуска","Телевизоры и аудио","4111","539","6","4","4",""
"tvs-audio-sony-bravia-tv-slow-response.mdx","keep","Sony Bravia TV: работает заметно медленнее обычного","Телевизоры и аудио","4125","543","6","4","4",""
"tvs-audio-sony-bravia-tv-update-loop.mdx","keep","Sony Bravia TV: застревает в цикле обновления","Телевизоры и аудио","4123","545","6","4","4",""
"tvs-audio-wi-fi-televizora-access-denied.mdx","keep","Wi-Fi телевизора: показывает отказ в доступе","Телевизоры и аудио","4119","539","6","3","3",""
"tvs-audio-wi-fi-televizora-crash-on-open.mdx","keep","Wi-Fi телевизора: падает при открытии файла или проекта","Телевизоры и аудио","4115","538","6","3","3",""
"tvs-audio-wi-fi-televizora-does-not-start.mdx","keep","Wi-Fi телевизора: не запускается после обновления","Телевизоры и аудио","4090","535","6","3","3",""
"tvs-audio-wi-fi-televizora-settings-reset.mdx","keep","Wi-Fi телевизора: сбрасывает настройки после перезапуска","Телевизоры и аудио","4121","534","6","3","3",""
"tvs-audio-wi-fi-televizora-slow-response.mdx","keep","Wi-Fi телевизора: работает заметно медленнее обычного","Телевизоры и аудио","4135","538","6","3","3",""
"tvs-audio-wi-fi-televizora-update-loop.mdx","keep","Wi-Fi телевизора: застревает в цикле обновления","Телевизоры и аудио","4133","540","6","3","3",""
"uefi-ne-sohranyaet-nastroyki.mdx","keep","UEFI: не сохраняет настройки — как исправить","BIOS и UEFI","3837","492","6","4","2",""
"uefi-ne-vidit-zagruzochnyy-disk.mdx","keep","UEFI: не видит загрузочный диск — как исправить","BIOS и UEFI","3840","493","6","4","2",""
"uefi-sbrosilsya-posle-obnovleniya.mdx","keep","UEFI: сбросился после обновления — как исправить","BIOS и UEFI","3841","492","6","4","2",""
"usb-flash-drive-medlenno-kopiruet-fayly.mdx","keep","USB flash drive: медленно копирует файлы — как исправить","Хранилища и файлы","3938","511","6","4","4",""
"usb-flash-drive-ne-montiruetsya.mdx","keep","USB flash drive: не монтируется — как исправить","Хранилища и файлы","3929","510","6","4","4",""
"usb-flash-drive-ne-opredelyaetsya.mdx","keep","USB flash drive: не определяется — как исправить","Хранилища и файлы","3930","510","6","4","4",""
"usb-flash-drive-oshibka-vvoda-vyvoda.mdx","keep","USB flash drive: ошибка ввода вывода — как исправить","Хранилища и файлы","3934","511","6","4","4",""
"usb-flash-drive-povrezhdena-faylovaya-sistema.mdx","keep","USB flash drive: повреждена файловая система — как исправить","Хранилища и файлы","3942","511","6","4","4",""
"usb-flash-drive-prosit-formatirovat.mdx","keep","USB flash drive: просит форматировать — как исправить","Хранилища и файлы","3935","510","6","4","4",""
"vacuums-baza-zaryadki-robota-bad-smell.mdx","keep","база зарядки робота: появился запах при работе","Пылесосы и роботы-пылесосы","4145","538","6","3","3",""
"vacuums-baza-zaryadki-robota-does-not-start.mdx","keep","база зарядки робота: не запускается","Пылесосы и роботы-пылесосы","4140","539","6","3","3",""
"vacuums-baza-zaryadki-robota-error-code.mdx","keep","база зарядки робота: показывает код ошибки","Пылесосы и роботы-пылесосы","4137","538","6","3","3",""
"vacuums-baza-zaryadki-robota-leaks-water.mdx","keep","база зарядки робота: подтекает снизу или у двери","Пылесосы и роботы-пылесосы","4157","541","6","3","3",""
"vacuums-baza-zaryadki-robota-noise-vibration.mdx","keep","база зарядки робота: шумит или вибрирует сильнее обычного","Пылесосы и роботы-пылесосы","4150","539","6","3","3",""
"vacuums-baza-zaryadki-robota-stops-mid-cycle.mdx","keep","база зарядки робота: останавливается в середине цикла","Пылесосы и роботы-пылесосы","4151","538","6","3","3",""
"vacuums-besprovodnoy-pylesos-bad-smell.mdx","keep","беспроводной пылесос: появился запах при работе","Пылесосы и роботы-пылесосы","4150","533","6","3","3",""
"vacuums-besprovodnoy-pylesos-does-not-start.mdx","keep","беспроводной пылесос: не запускается","Пылесосы и роботы-пылесосы","4145","534","6","3","3",""
"vacuums-besprovodnoy-pylesos-error-code.mdx","keep","беспроводной пылесос: показывает код ошибки","Пылесосы и роботы-пылесосы","4142","533","6","3","3",""
"vacuums-besprovodnoy-pylesos-leaks-water.mdx","keep","беспроводной пылесос: подтекает снизу или у двери","Пылесосы и роботы-пылесосы","4162","536","6","3","3",""
"vacuums-besprovodnoy-pylesos-noise-vibration.mdx","keep","беспроводной пылесос: шумит или вибрирует сильнее обычного","Пылесосы и роботы-пылесосы","4155","534","6","3","3",""
"vacuums-besprovodnoy-pylesos-stops-mid-cycle.mdx","keep","беспроводной пылесос: останавливается в середине цикла","Пылесосы и роботы-пылесосы","4156","533","6","3","3",""
"vacuums-datchiki-robota-pylesosa-bad-smell.mdx","keep","датчики робота-пылесоса: появился запах при работе","Пылесосы и роботы-пылесосы","4165","533","6","3","3",""
"vacuums-datchiki-robota-pylesosa-does-not-start.mdx","keep","датчики робота-пылесоса: не запускается","Пылесосы и роботы-пылесосы","4160","534","6","3","3",""
"vacuums-datchiki-robota-pylesosa-error-code.mdx","keep","датчики робота-пылесоса: показывает код ошибки","Пылесосы и роботы-пылесосы","4157","533","6","3","3",""
"vacuums-datchiki-robota-pylesosa-leaks-water.mdx","keep","датчики робота-пылесоса: подтекает снизу или у двери","Пылесосы и роботы-пылесосы","4177","536","6","3","3",""
"vacuums-datchiki-robota-pylesosa-noise-vibration.mdx","keep","датчики робота-пылесоса: шумит или вибрирует сильнее обычного","Пылесосы и роботы-пылесосы","4170","534","6","3","3",""
"vacuums-datchiki-robota-pylesosa-stops-mid-cycle.mdx","keep","датчики робота-пылесоса: останавливается в середине цикла","Пылесосы и роботы-пылесосы","4171","533","6","3","3",""
"vacuums-dreame-robot-pylesos-bad-smell.mdx","keep","Dreame робот-пылесос: появился запах при работе","Пылесосы и роботы-пылесосы","4150","533","6","4","4",""
"vacuums-dreame-robot-pylesos-does-not-start.mdx","keep","Dreame робот-пылесос: не запускается","Пылесосы и роботы-пылесосы","4145","534","6","4","4",""
"vacuums-dreame-robot-pylesos-error-code.mdx","keep","Dreame робот-пылесос: показывает код ошибки","Пылесосы и роботы-пылесосы","4142","533","6","4","4",""
"vacuums-dreame-robot-pylesos-leaks-water.mdx","keep","Dreame робот-пылесос: подтекает снизу или у двери","Пылесосы и роботы-пылесосы","4162","536","6","4","4",""
"vacuums-dreame-robot-pylesos-noise-vibration.mdx","keep","Dreame робот-пылесос: шумит или вибрирует сильнее обычного","Пылесосы и роботы-пылесосы","4155","534","6","4","4",""
"vacuums-dreame-robot-pylesos-stops-mid-cycle.mdx","keep","Dreame робот-пылесос: останавливается в середине цикла","Пылесосы и роботы-пылесосы","4156","533","6","4","4",""
"vacuums-konteyner-pylesosa-bad-smell.mdx","keep","контейнер пылесоса: появился запах при работе","Пылесосы и роботы-пылесосы","4140","533","6","3","3",""
"vacuums-konteyner-pylesosa-does-not-start.mdx","keep","контейнер пылесоса: не запускается","Пылесосы и роботы-пылесосы","4135","534","6","3","3",""
"vacuums-konteyner-pylesosa-error-code.mdx","keep","контейнер пылесоса: показывает код ошибки","Пылесосы и роботы-пылесосы","4132","533","6","3","3",""
"vacuums-konteyner-pylesosa-leaks-water.mdx","keep","контейнер пылесоса: подтекает снизу или у двери","Пылесосы и роботы-пылесосы","4152","536","6","3","3",""
"vacuums-konteyner-pylesosa-noise-vibration.mdx","keep","контейнер пылесоса: шумит или вибрирует сильнее обычного","Пылесосы и роботы-пылесосы","4145","534","6","3","3",""
"vacuums-konteyner-pylesosa-stops-mid-cycle.mdx","keep","контейнер пылесоса: останавливается в середине цикла","Пылесосы и роботы-пылесосы","4146","533","6","3","3",""
"vacuums-lg-pylesos-bad-smell.mdx","keep","LG пылесос: появился запах при работе","Пылесосы и роботы-пылесосы","4100","533","6","4","4",""
"vacuums-lg-pylesos-does-not-start.mdx","keep","LG пылесос: не запускается","Пылесосы и роботы-пылесосы","4095","534","6","4","4",""
"vacuums-lg-pylesos-error-code.mdx","keep","LG пылесос: показывает код ошибки","Пылесосы и роботы-пылесосы","4092","533","6","4","4",""
"vacuums-lg-pylesos-leaks-water.mdx","keep","LG пылесос: подтекает снизу или у двери","Пылесосы и роботы-пылесосы","4112","536","6","4","4",""
"vacuums-lg-pylesos-noise-vibration.mdx","keep","LG пылесос: шумит или вибрирует сильнее обычного","Пылесосы и роботы-пылесосы","4105","534","6","4","4",""
"vacuums-lg-pylesos-stops-mid-cycle.mdx","keep","LG пылесос: останавливается в середине цикла","Пылесосы и роботы-пылесосы","4106","533","6","4","4",""
"vacuums-moyuschiy-pylesos-bad-smell.mdx","keep","моющий пылесос: появился запах при работе","Пылесосы и роботы-пылесосы","4120","533","6","3","3",""
"vacuums-moyuschiy-pylesos-does-not-start.mdx","keep","моющий пылесос: не запускается","Пылесосы и роботы-пылесосы","4115","534","6","3","3",""
"vacuums-moyuschiy-pylesos-error-code.mdx","keep","моющий пылесос: показывает код ошибки","Пылесосы и роботы-пылесосы","4112","533","6","3","3",""
"vacuums-moyuschiy-pylesos-leaks-water.mdx","keep","моющий пылесос: подтекает снизу или у двери","Пылесосы и роботы-пылесосы","4132","536","6","3","3",""
"vacuums-moyuschiy-pylesos-noise-vibration.mdx","keep","моющий пылесос: шумит или вибрирует сильнее обычного","Пылесосы и роботы-пылесосы","4125","534","6","3","3",""
"vacuums-moyuschiy-pylesos-stops-mid-cycle.mdx","keep","моющий пылесос: останавливается в середине цикла","Пылесосы и роботы-пылесосы","4126","533","6","3","3",""
"vacuums-roborock-robot-pylesos-bad-smell.mdx","keep","Roborock робот-пылесос: появился запах при работе","Пылесосы и роботы-пылесосы","4160","533","6","4","4",""
"vacuums-roborock-robot-pylesos-does-not-start.mdx","keep","Roborock робот-пылесос: не запускается","Пылесосы и роботы-пылесосы","4155","534","6","4","4",""
"vacuums-roborock-robot-pylesos-error-code.mdx","keep","Roborock робот-пылесос: показывает код ошибки","Пылесосы и роботы-пылесосы","4152","533","6","4","4",""
"vacuums-roborock-robot-pylesos-leaks-water.mdx","keep","Roborock робот-пылесос: подтекает снизу или у двери","Пылесосы и роботы-пылесосы","4172","536","6","4","4",""
"vacuums-roborock-robot-pylesos-noise-vibration.mdx","keep","Roborock робот-пылесос: шумит или вибрирует сильнее обычного","Пылесосы и роботы-пылесосы","4165","534","6","4","4",""
"vacuums-roborock-robot-pylesos-stops-mid-cycle.mdx","keep","Roborock робот-пылесос: останавливается в середине цикла","Пылесосы и роботы-пылесосы","4166","533","6","4","4",""
"vacuums-roborock-vacuum-bad-smell.mdx","keep","Roborock vacuum: появился запах или гарь","Пылесосы и роботы-пылесосы","3563","452","6","4","4",""
"vacuums-roborock-vacuum-error-code.mdx","keep","Roborock vacuum: показывает код ошибки","Пылесосы и роботы-пылесосы","3574","455","6","4","4",""
"vacuums-roborock-vacuum-leaks-water.mdx","keep","Roborock vacuum: протекает","Пылесосы и роботы-пылесосы","3544","446","6","4","4",""
"vacuums-roborock-vacuum-makes-noise.mdx","keep","Roborock vacuum: шумит или вибрирует","Пылесосы и роботы-пылесосы","3528","448","6","4","4",""
"vacuums-roborock-vacuum-stops-mid-cycle.mdx","keep","Roborock vacuum: останавливается во время работы","Пылесосы и роботы-пылесосы","3614","458","6","4","4",""
"vacuums-roborock-vacuum-wont-turn-on.mdx","keep","Roborock vacuum: не включается","Пылесосы и роботы-пылесосы","3571","455","6","4","4",""
"vacuums-samsung-pylesos-bad-smell.mdx","keep","Samsung пылесос: появился запах при работе","Пылесосы и роботы-пылесосы","4125","533","6","4","4",""
"vacuums-samsung-pylesos-does-not-start.mdx","keep","Samsung пылесос: не запускается","Пылесосы и роботы-пылесосы","4120","534","6","4","4",""
"vacuums-samsung-pylesos-error-code.mdx","keep","Samsung пылесос: показывает код ошибки","Пылесосы и роботы-пылесосы","4117","533","6","4","4",""
"vacuums-samsung-pylesos-leaks-water.mdx","keep","Samsung пылесос: подтекает снизу или у двери","Пылесосы и роботы-пылесосы","4137","536","6","4","4",""
"vacuums-samsung-pylesos-noise-vibration.mdx","keep","Samsung пылесос: шумит или вибрирует сильнее обычного","Пылесосы и роботы-пылесосы","4130","534","6","4","4",""
"vacuums-samsung-pylesos-stops-mid-cycle.mdx","keep","Samsung пылесос: останавливается в середине цикла","Пылесосы и роботы-пылесосы","4131","533","6","4","4",""
"vacuums-turboschetka-pylesosa-bad-smell.mdx","keep","турбощетка пылесоса: появился запах при работе","Пылесосы и роботы-пылесосы","4145","533","6","3","3",""
"vacuums-turboschetka-pylesosa-does-not-start.mdx","keep","турбощетка пылесоса: не запускается","Пылесосы и роботы-пылесосы","4140","534","6","3","3",""
"vacuums-turboschetka-pylesosa-error-code.mdx","keep","турбощетка пылесоса: показывает код ошибки","Пылесосы и роботы-пылесосы","4137","533","6","3","3",""
"vacuums-turboschetka-pylesosa-leaks-water.mdx","keep","турбощетка пылесоса: подтекает снизу или у двери","Пылесосы и роботы-пылесосы","4157","536","6","3","3",""
"vacuums-turboschetka-pylesosa-noise-vibration.mdx","keep","турбощетка пылесоса: шумит или вибрирует сильнее обычного","Пылесосы и роботы-пылесосы","4150","534","6","3","3",""
"vacuums-turboschetka-pylesosa-stops-mid-cycle.mdx","keep","турбощетка пылесоса: останавливается в середине цикла","Пылесосы и роботы-пылесосы","4151","533","6","3","3",""
"vacuums-vertikalnyy-pylesos-bad-smell.mdx","keep","вертикальный пылесос: появился запах при работе","Пылесосы и роботы-пылесосы","4150","533","6","3","3",""
"vacuums-vertikalnyy-pylesos-does-not-start.mdx","keep","вертикальный пылесос: не запускается","Пылесосы и роботы-пылесосы","4145","534","6","3","3",""
"vacuums-vertikalnyy-pylesos-error-code.mdx","keep","вертикальный пылесос: показывает код ошибки","Пылесосы и роботы-пылесосы","4142","533","6","3","3",""
"vacuums-vertikalnyy-pylesos-leaks-water.mdx","keep","вертикальный пылесос: подтекает снизу или у двери","Пылесосы и роботы-пылесосы","4162","536","6","3","3",""
"vacuums-vertikalnyy-pylesos-noise-vibration.mdx","keep","вертикальный пылесос: шумит или вибрирует сильнее обычного","Пылесосы и роботы-пылесосы","4155","534","6","3","3",""
"vacuums-vertikalnyy-pylesos-stops-mid-cycle.mdx","keep","вертикальный пылесос: останавливается в середине цикла","Пылесосы и роботы-пылесосы","4156","533","6","3","3",""
"vacuums-xiaomi-robot-pylesos-bad-smell.mdx","keep","Xiaomi робот-пылесос: появился запах при работе","Пылесосы и роботы-пылесосы","4150","533","6","4","4",""
"vacuums-xiaomi-robot-pylesos-does-not-start.mdx","keep","Xiaomi робот-пылесос: не запускается","Пылесосы и роботы-пылесосы","4145","534","6","4","4",""
"vacuums-xiaomi-robot-pylesos-error-code.mdx","keep","Xiaomi робот-пылесос: показывает код ошибки","Пылесосы и роботы-пылесосы","4142","533","6","4","4",""
"vacuums-xiaomi-robot-pylesos-leaks-water.mdx","keep","Xiaomi робот-пылесос: подтекает снизу или у двери","Пылесосы и роботы-пылесосы","4162","536","6","4","4",""
"vacuums-xiaomi-robot-pylesos-noise-vibration.mdx","keep","Xiaomi робот-пылесос: шумит или вибрирует сильнее обычного","Пылесосы и роботы-пылесосы","4155","534","6","4","4",""
"vacuums-xiaomi-robot-pylesos-stops-mid-cycle.mdx","keep","Xiaomi робот-пылесос: останавливается в середине цикла","Пылесосы и роботы-пылесосы","4156","533","6","4","4",""
"vacuums-xiaomi-robot-vacuum-bad-smell.mdx","keep","Xiaomi robot vacuum: появился запах или гарь","Пылесосы и роботы-пылесосы","3579","456","6","4","4",""
"vacuums-xiaomi-robot-vacuum-error-code.mdx","keep","Xiaomi robot vacuum: показывает код ошибки","Пылесосы и роботы-пылесосы","3590","459","6","4","4",""
"vacuums-xiaomi-robot-vacuum-leaks-water.mdx","keep","Xiaomi robot vacuum: протекает","Пылесосы и роботы-пылесосы","3560","450","6","4","4",""
"vacuums-xiaomi-robot-vacuum-makes-noise.mdx","keep","Xiaomi robot vacuum: шумит или вибрирует","Пылесосы и роботы-пылесосы","3544","452","6","4","4",""
"vacuums-xiaomi-robot-vacuum-stops-mid-cycle.mdx","keep","Xiaomi robot vacuum: останавливается во время работы","Пылесосы и роботы-пылесосы","3630","462","6","4","4",""
"vacuums-xiaomi-robot-vacuum-wont-turn-on.mdx","keep","Xiaomi robot vacuum: не включается","Пылесосы и роботы-пылесосы","3587","459","6","4","4",""
"veb-razrabotka-dockerdesktop-startup-001-kak-ispravit-oshibku-docker-desktop-failed-to-start.mdx","keep","Как исправить ошибку 'Docker Desktop failed to start'","Веб-разработка","6550","851","6","3","2",""
"veb-razrabotka-failed-to-start-gdm-service-ustranenie-oshibki-failed-to-start-gdm-service-v-ubun.mdx","keep","Устранение ошибки ""Failed to start gdm.service"" в Ubuntu","Веб-разработка","3956","512","6","4","4",""
"veb-razrabotka-gdm-service-failed-to-start-ispravlenie-oshibki-failed-to-start-gdm-service-v-ubu.mdx","keep","Исправление ошибки ""Failed to start gdm.service"" в Ubuntu","Веб-разработка","5989","803","6","4","4",""
"veb-razrabotka-nginx-common-errors-h2c-smuggling-ispravlenie-rasprostranennyh-oshibok-nginx-i-us.mdx","keep","Исправление распространенных ошибок Nginx и устранение уязвимости H2C Smuggling","Веб-разработка","5858","728","6","3","2",""
"veb-razrabotka-node-module-not-found-kak-ispravit-oshibku-node-js-module-not-found.mdx","keep","Как исправить ошибку Node.js MODULE_NOT_FOUND","Веб-разработка","4027","505","6","3","2",""
"veb-razrabotka-npm-eacces-kak-ispravit-oshibku-npm-err-eacces-otkazano-v-dostupe.mdx","keep","Как исправить ошибку npm ERR! EACCES: Отказано в доступе","Веб-разработка","6086","767","6","3","2",""
"veb-razrabotka-npm-err-enoent-ispravlenie-oshibki-npm-err-enoent-file-not-found.mdx","keep","Исправление ошибки npm ERR! ENOENT: file not found","Веб-разработка","6102","791","6","3","2",""
"veb-razrabotka-pip-install-failed-generic-ispravlenie-oshibok-pri-ustanovke-paketov-python-s-pom.mdx","keep","Исправление ошибок при установке пакетов Python с помощью pip","Веб-разработка","4909","628","6","3","2",""
"veb-razrabotka-visualc-redistributableerror-kak-ispravit-oshibku-visual-c-redistributable.mdx","keep","Как исправить ошибку Visual C++ Redistributable","Веб-разработка","7218","912","6","3","2",""
"virtualbox-ne-rabotaet-obschiy-bufer.mdx","keep","VirtualBox: не работает общий буфер — как исправить","Виртуализация","3957","498","6","4","3",""
"virtualbox-ne-zapuskaet-virtualnuyu-mashinu.mdx","keep","VirtualBox: не запускает виртуальную машину — как исправить","Виртуализация","3965","498","6","4","3",""
"virtualbox-net-apparatnoy-virtualizatsii.mdx","keep","VirtualBox: нет аппаратной виртуализации — как исправить","Виртуализация","3962","497","6","4","3",""
"virtualbox-nizkaya-proizvoditelnost.mdx","keep","VirtualBox: низкая производительность — как исправить","Виртуализация","3968","494","6","4","3",""
"virtualbox-vt-x-amd-v-unavailable-fix.mdx","keep","VirtualBox VT-x/AMD-V недоступен: как включить виртуализацию","Виртуализация","6912","897","7","4","3",""
"virtualization-bridged-set-vm-access-denied.mdx","keep","bridged сеть VM: показывает отказ в доступе","Виртуализация","4178","542","6","3","3",""
"virtualization-bridged-set-vm-crash-on-open.mdx","keep","bridged сеть VM: падает при открытии файла или проекта","Виртуализация","4174","541","6","3","3",""
"virtualization-bridged-set-vm-does-not-start.mdx","keep","bridged сеть VM: не запускается после обновления","Виртуализация","4149","538","6","3","3",""
"virtualization-bridged-set-vm-settings-reset.mdx","keep","bridged сеть VM: сбрасывает настройки после перезапуска","Виртуализация","4180","537","6","3","3",""
"virtualization-bridged-set-vm-slow-response.mdx","keep","bridged сеть VM: работает заметно медленнее обычного","Виртуализация","4194","541","6","3","3",""
"virtualization-bridged-set-vm-update-loop.mdx","keep","bridged сеть VM: застревает в цикле обновления","Виртуализация","4192","543","6","3","3",""
"virtualization-gostevye-dopolneniya-access-denied.mdx","keep","гостевые дополнения: показывает отказ в доступе","Виртуализация","4198","537","6","3","3",""
"virtualization-gostevye-dopolneniya-crash-on-open.mdx","keep","гостевые дополнения: падает при открытии файла или проекта","Виртуализация","4194","536","6","3","3",""
"virtualization-gostevye-dopolneniya-does-not-start.mdx","keep","гостевые дополнения: не запускается после обновления","Виртуализация","4169","533","6","3","3",""
"virtualization-gostevye-dopolneniya-settings-reset.mdx","keep","гостевые дополнения: сбрасывает настройки после перезапуска","Виртуализация","4200","532","6","3","3",""
"virtualization-gostevye-dopolneniya-slow-response.mdx","keep","гостевые дополнения: работает заметно медленнее обычного","Виртуализация","4214","536","6","3","3",""
"virtualization-gostevye-dopolneniya-update-loop.mdx","keep","гостевые дополнения: застревает в цикле обновления","Виртуализация","4212","538","6","3","3",""
"virtualization-hyper-v-crashes-after-update.mdx","keep","Hyper-V: вылетает после обновления","Виртуализация","4045","508","6","4","3",""
"virtualization-hyper-v-nat-135.mdx","keep","Hyper-V: ошибка сети NAT — как исправить","Виртуализация","4206","540","7","4","3",""
"virtualization-hyper-v-permission-denied.mdx","keep","Hyper-V: отказано в доступе","Виртуализация","4028","508","6","4","3",""
"virtualization-hyper-v-shared-folder-137.mdx","keep","Hyper-V: не монтируется shared folder — как исправить","Виртуализация","4219","541","7","4","3",""
"virtualization-hyper-v-virtualnaya-mashina-access-denied.mdx","keep","Hyper-V виртуальная машина: показывает отказ в доступе","Виртуализация","4233","542","6","3","3",""
"virtualization-hyper-v-virtualnaya-mashina-crash-on-open.mdx","keep","Hyper-V виртуальная машина: падает при открытии файла или проекта","Виртуализация","4229","541","6","3","3",""
"virtualization-hyper-v-virtualnaya-mashina-does-not-start.mdx","keep","Hyper-V виртуальная машина: не запускается после обновления","Виртуализация","4204","538","6","3","3",""
"virtualization-hyper-v-virtualnaya-mashina-settings-reset.mdx","keep","Hyper-V виртуальная машина: сбрасывает настройки после перезапуска","Виртуализация","4235","537","6","3","3",""
"virtualization-hyper-v-virtualnaya-mashina-slow-response.mdx","keep","Hyper-V виртуальная машина: работает заметно медленнее обычного","Виртуализация","4249","541","6","3","3",""
"virtualization-hyper-v-virtualnaya-mashina-update-loop.mdx","keep","Hyper-V виртуальная машина: застревает в цикле обновления","Виртуализация","4247","543","6","3","3",""
"virtualization-hyper-v-wont-start.mdx","keep","Hyper-V: не запускается","Виртуализация","3965","503","6","4","3",""
"virtualization-linux-vm-access-denied.mdx","keep","Linux VM: показывает отказ в доступе","Виртуализация","4143","537","6","3","3",""
"virtualization-linux-vm-crash-on-open.mdx","keep","Linux VM: падает при открытии файла или проекта","Виртуализация","4139","536","6","3","3",""
"virtualization-linux-vm-does-not-start.mdx","keep","Linux VM: не запускается после обновления","Виртуализация","4114","533","6","3","3",""
"virtualization-linux-vm-settings-reset.mdx","keep","Linux VM: сбрасывает настройки после перезапуска","Виртуализация","4145","532","6","3","3",""
"virtualization-linux-vm-slow-response.mdx","keep","Linux VM: работает заметно медленнее обычного","Виртуализация","4159","536","6","3","3",""
"virtualization-set-nat-vm-access-denied.mdx","keep","сеть NAT VM: показывает отказ в доступе","Виртуализация","4158","542","6","3","3",""
"virtualization-set-nat-vm-crash-on-open.mdx","keep","сеть NAT VM: падает при открытии файла или проекта","Виртуализация","4154","541","6","3","3",""
"virtualization-set-nat-vm-does-not-start.mdx","keep","сеть NAT VM: не запускается после обновления","Виртуализация","4129","538","6","3","3",""
"virtualization-set-nat-vm-settings-reset.mdx","keep","сеть NAT VM: сбрасывает настройки после перезапуска","Виртуализация","4160","537","6","3","3",""
"virtualization-set-nat-vm-slow-response.mdx","keep","сеть NAT VM: работает заметно медленнее обычного","Виртуализация","4174","541","6","3","3",""
"virtualization-set-nat-vm-update-loop.mdx","keep","сеть NAT VM: застревает в цикле обновления","Виртуализация","4172","543","6","3","3",""
"virtualization-snapshot-vm-access-denied.mdx","keep","снапшот VM: показывает отказ в доступе","Виртуализация","4153","537","6","3","3",""
"virtualization-snapshot-vm-crash-on-open.mdx","keep","снапшот VM: падает при открытии файла или проекта","Виртуализация","4149","536","6","3","3",""
"virtualization-snapshot-vm-does-not-start.mdx","keep","снапшот VM: не запускается после обновления","Виртуализация","4124","533","6","3","3",""
"virtualization-snapshot-vm-settings-reset.mdx","keep","снапшот VM: сбрасывает настройки после перезапуска","Виртуализация","4155","532","6","3","3",""
"virtualization-snapshot-vm-slow-response.mdx","keep","снапшот VM: работает заметно медленнее обычного","Виртуализация","4169","536","6","3","3",""
"virtualization-snapshot-vm-update-loop.mdx","keep","снапшот VM: застревает в цикле обновления","Виртуализация","4167","538","6","3","3",""
"virtualization-usb-passthrough-access-denied.mdx","keep","USB passthrough: показывает отказ в доступе","Виртуализация","4178","537","6","3","3",""
"virtualization-usb-passthrough-crash-on-open.mdx","keep","USB passthrough: падает при открытии файла или проекта","Виртуализация","4174","536","6","3","3",""
"virtualization-usb-passthrough-does-not-start.mdx","keep","USB passthrough: не запускается после обновления","Виртуализация","4149","533","6","3","3",""
"virtualization-usb-passthrough-settings-reset.mdx","keep","USB passthrough: сбрасывает настройки после перезапуска","Виртуализация","4180","532","6","3","3",""
"virtualization-usb-passthrough-slow-response.mdx","keep","USB passthrough: работает заметно медленнее обычного","Виртуализация","4194","536","6","3","3",""
"virtualization-virtualbox-nat-129.mdx","keep","VirtualBox: ошибка сети NAT — как исправить","Виртуализация","4221","540","7","4","3",""
"virtualization-virtualbox-shared-folder-131.mdx","keep","VirtualBox: не монтируется shared folder — как исправить","Виртуализация","4234","541","7","4","3",""
"virtualization-virtualbox-vm-access-denied.mdx","keep","VirtualBox VM: показывает отказ в доступе","Виртуализация","4168","537","6","3","3",""
"virtualization-virtualbox-vm-crash-on-open.mdx","keep","VirtualBox VM: падает при открытии файла или проекта","Виртуализация","4164","536","6","3","3",""
"virtualization-virtualbox-vm-does-not-start.mdx","keep","VirtualBox VM: не запускается после обновления","Виртуализация","4139","533","6","3","3",""
"virtualization-virtualbox-vm-settings-reset.mdx","keep","VirtualBox VM: сбрасывает настройки после перезапуска","Виртуализация","4170","532","6","3","3",""
"virtualization-virtualbox-vm-slow-response.mdx","keep","VirtualBox VM: работает заметно медленнее обычного","Виртуализация","4184","536","6","3","3",""
"virtualization-virtualbox-vm-update-loop.mdx","keep","VirtualBox VM: застревает в цикле обновления","Виртуализация","4182","538","6","3","3",""
"virtualization-virtualnyy-disk-vhdx-access-denied.mdx","keep","виртуальный диск VHDX: показывает отказ в доступе","Виртуализация","4208","542","6","3","3",""
"virtualization-virtualnyy-disk-vhdx-crash-on-open.mdx","keep","виртуальный диск VHDX: падает при открытии файла или проекта","Виртуализация","4204","541","6","3","3",""
"virtualization-virtualnyy-disk-vhdx-does-not-start.mdx","keep","виртуальный диск VHDX: не запускается после обновления","Виртуализация","4179","538","6","3","3",""
"virtualization-virtualnyy-disk-vhdx-settings-reset.mdx","keep","виртуальный диск VHDX: сбрасывает настройки после перезапуска","Виртуализация","4210","537","6","3","3",""
"virtualization-virtualnyy-disk-vhdx-slow-response.mdx","keep","виртуальный диск VHDX: работает заметно медленнее обычного","Виртуализация","4224","541","6","3","3",""
"virtualization-virtualnyy-disk-vhdx-update-loop.mdx","keep","виртуальный диск VHDX: застревает в цикле обновления","Виртуализация","4222","543","6","3","3",""
"virtualization-virtualnyy-tpm-access-denied.mdx","keep","виртуальный TPM: показывает отказ в доступе","Виртуализация","4178","537","6","3","3",""
"virtualization-virtualnyy-tpm-crash-on-open.mdx","keep","виртуальный TPM: падает при открытии файла или проекта","Виртуализация","4174","536","6","3","3",""
"virtualization-virtualnyy-tpm-does-not-start.mdx","keep","виртуальный TPM: не запускается после обновления","Виртуализация","4149","533","6","3","3",""
"virtualization-virtualnyy-tpm-settings-reset.mdx","keep","виртуальный TPM: сбрасывает настройки после перезапуска","Виртуализация","4180","532","6","3","3",""
"virtualization-virtualnyy-tpm-slow-response.mdx","keep","виртуальный TPM: работает заметно медленнее обычного","Виртуализация","4194","536","6","3","3",""
"virtualization-vmware-workstation-config-error.mdx","keep","VMware Workstation: ошибка конфигурации","Виртуализация","4139","518","6","4","3",""
"virtualization-vmware-workstation-crashes-after-update.mdx","keep","VMware Workstation: вылетает после обновления","Виртуализация","4122","515","6","4","3",""
"virtualization-vmware-workstation-high-cpu.mdx","keep","VMware Workstation: нагружает процессор","Виртуализация","4174","525","6","4","3",""
"virtualization-vmware-workstation-nat-123.mdx","keep","VMware Workstation: ошибка сети NAT — как исправить","Виртуализация","4261","545","7","4","3",""
"virtualization-vmware-workstation-network-timeout.mdx","keep","VMware Workstation: ошибка подключения или тайм-аут","Виртуализация","4033","506","6","4","3",""
"virtualization-vmware-workstation-permission-denied.mdx","keep","VMware Workstation: отказано в доступе","Виртуализация","4105","515","6","4","3",""
"virtualization-vmware-workstation-shared-folder-125.mdx","keep","VMware Workstation: не монтируется shared folder — как исправить","Виртуализация","4274","546","7","4","3",""
"virtualization-vmware-workstation-sync-failed.mdx","keep","VMware Workstation: не синхронизируется","Виртуализация","4058","514","6","4","3",""
"virtualization-vmware-workstation-update-failed.mdx","keep","VMware Workstation: ошибка обновления","Виртуализация","4087","512","6","4","3",""
"virtualization-vmware-workstation-vm-access-denied.mdx","keep","VMware Workstation VM: показывает отказ в доступе","Виртуализация","4208","542","6","3","3",""
"virtualization-vmware-workstation-vm-crash-on-open.mdx","keep","VMware Workstation VM: падает при открытии файла или проекта","Виртуализация","4204","541","6","3","3",""
"virtualization-vmware-workstation-vm-does-not-start.mdx","keep","VMware Workstation VM: не запускается после обновления","Виртуализация","4179","538","6","3","3",""
"virtualization-vmware-workstation-vm-settings-reset.mdx","keep","VMware Workstation VM: сбрасывает настройки после перезапуска","Виртуализация","4210","537","6","3","3",""
"virtualization-vmware-workstation-vm-slow-response.mdx","keep","VMware Workstation VM: работает заметно медленнее обычного","Виртуализация","4224","541","6","3","3",""
"virtualization-vmware-workstation-vm-update-loop.mdx","keep","VMware Workstation VM: застревает в цикле обновления","Виртуализация","4222","543","6","3","3",""
"virtualization-vmware-workstation-wont-start.mdx","keep","VMware Workstation: не запускается","Виртуализация","4042","510","6","4","3",""
"virtualization-windows-vm-access-denied.mdx","keep","Windows VM: показывает отказ в доступе","Виртуализация","4153","537","6","3","3",""
"virtualization-windows-vm-crash-on-open.mdx","keep","Windows VM: падает при открытии файла или проекта","Виртуализация","4149","536","6","3","3",""
"virtualization-windows-vm-does-not-start.mdx","keep","Windows VM: не запускается после обновления","Виртуализация","4124","533","6","3","3",""
"virtualization-windows-vm-settings-reset.mdx","keep","Windows VM: сбрасывает настройки после перезапуска","Виртуализация","4155","532","6","3","3",""
"virtualization-windows-vm-slow-response.mdx","keep","Windows VM: работает заметно медленнее обычного","Виртуализация","4169","536","6","3","3",""
"vmware-workstation-ne-rabotaet-obschiy-bufer.mdx","keep","VMware Workstation: не работает общий буфер — как исправить","Виртуализация","4037","508","6","4","3",""
"vmware-workstation-ne-zapuskaet-virtualnuyu-mashinu.mdx","keep","VMware Workstation: не запускает виртуальную машину — как исправить","Виртуализация","4045","508","6","4","3",""
"vmware-workstation-net-apparatnoy-virtualizatsii.mdx","keep","VMware Workstation: нет аппаратной виртуализации — как исправить","Виртуализация","4042","507","6","4","3",""
"vmware-workstation-nizkaya-proizvoditelnost.mdx","keep","VMware Workstation: низкая производительность — как исправить","Виртуализация","4048","504","6","4","3",""
"vpn-connection-failed-fix.mdx","keep","VPN не подключается: исправление проблем в Windows","Безопасность","3916","498","6","4","3",""
"washing-machines-bosch-stiralnaya-mashina-bad-smell.mdx","keep","Bosch стиральная машина: появился запах при работе","Стиральные машины","4117","539","6","4","4",""
"washing-machines-bosch-stiralnaya-mashina-does-not-start.mdx","keep","Bosch стиральная машина: не запускается","Стиральные машины","4112","540","6","4","4",""
"washing-machines-bosch-stiralnaya-mashina-error-code.mdx","keep","Bosch стиральная машина: показывает код ошибки","Стиральные машины","4109","539","6","4","4",""
"washing-machines-bosch-stiralnaya-mashina-leaks-water.mdx","keep","Bosch стиральная машина: подтекает снизу или у двери","Стиральные машины","4129","542","6","4","4",""
"washing-machines-bosch-stiralnaya-mashina-noise-vibration.mdx","keep","Bosch стиральная машина: шумит или вибрирует сильнее обычного","Стиральные машины","4122","540","6","4","4",""
"washing-machines-bosch-stiralnaya-mashina-stops-mid-cycle.mdx","keep","Bosch стиральная машина: останавливается в середине цикла","Стиральные машины","4123","539","6","4","4",""
"washing-machines-electrolux-stiralnaya-mashina-bad-smell.mdx","keep","Electrolux стиральная машина: появился запах при работе","Стиральные машины","4142","539","6","4","4",""
"washing-machines-electrolux-stiralnaya-mashina-does-not-start.mdx","keep","Electrolux стиральная машина: не запускается","Стиральные машины","4137","540","6","4","4",""
"washing-machines-electrolux-stiralnaya-mashina-error-code.mdx","keep","Electrolux стиральная машина: показывает код ошибки","Стиральные машины","4134","539","6","4","4",""
"washing-machines-electrolux-stiralnaya-mashina-leaks-water.mdx","keep","Electrolux стиральная машина: подтекает снизу или у двери","Стиральные машины","4154","542","6","4","4",""
"washing-machines-electrolux-stiralnaya-mashina-noise-vibration.mdx","keep","Electrolux стиральная машина: шумит или вибрирует сильнее обычного","Стиральные машины","4147","540","6","4","4",""
"washing-machines-electrolux-stiralnaya-mashina-stops-mid-cycle.mdx","keep","Electrolux стиральная машина: останавливается в середине цикла","Стиральные машины","4148","539","6","4","4",""
"washing-machines-frontalnaya-stiralnaya-mashina-bad-smell.mdx","keep","фронтальная стиральная машина: появился запах при работе","Стиральные машины","4147","539","6","3","3",""
"washing-machines-frontalnaya-stiralnaya-mashina-does-not-start.mdx","keep","фронтальная стиральная машина: не запускается","Стиральные машины","4142","540","6","3","3",""
"washing-machines-frontalnaya-stiralnaya-mashina-error-code.mdx","keep","фронтальная стиральная машина: показывает код ошибки","Стиральные машины","4139","539","6","3","3",""
"washing-machines-frontalnaya-stiralnaya-mashina-leaks-water.mdx","keep","фронтальная стиральная машина: подтекает снизу или у двери","Стиральные машины","4159","542","6","3","3",""
"washing-machines-frontalnaya-stiralnaya-mashina-noise-vibration.mdx","keep","фронтальная стиральная машина: шумит или вибрирует сильнее обычного","Стиральные машины","4152","540","6","3","3",""
"washing-machines-frontalnaya-stiralnaya-mashina-stops-mid-cycle.mdx","keep","фронтальная стиральная машина: останавливается в середине цикла","Стиральные машины","4153","539","6","3","3",""
"washing-machines-invertornaya-stiralnaya-mashina-bad-smell.mdx","keep","инверторная стиральная машина: появился запах при работе","Стиральные машины","4147","539","6","3","3",""
"washing-machines-invertornaya-stiralnaya-mashina-does-not-start.mdx","keep","инверторная стиральная машина: не запускается","Стиральные машины","4142","540","6","3","3",""
"washing-machines-invertornaya-stiralnaya-mashina-error-code.mdx","keep","инверторная стиральная машина: показывает код ошибки","Стиральные машины","4139","539","6","3","3",""
"washing-machines-invertornaya-stiralnaya-mashina-leaks-water.mdx","keep","инверторная стиральная машина: подтекает снизу или у двери","Стиральные машины","4159","542","6","3","3",""
"washing-machines-invertornaya-stiralnaya-mashina-noise-vibration.mdx","keep","инверторная стиральная машина: шумит или вибрирует сильнее обычного","Стиральные машины","4152","540","6","3","3",""
"washing-machines-invertornaya-stiralnaya-mashina-stops-mid-cycle.mdx","keep","инверторная стиральная машина: останавливается в середине цикла","Стиральные машины","4153","539","6","3","3",""
"washing-machines-lg-stiralnaya-mashina-bad-smell.mdx","keep","LG стиральная машина: появился запах при работе","Стиральные машины","4102","539","6","4","4",""
"washing-machines-lg-stiralnaya-mashina-does-not-start.mdx","keep","LG стиральная машина: не запускается","Стиральные машины","4097","540","6","4","4",""
"washing-machines-lg-stiralnaya-mashina-error-code.mdx","keep","LG стиральная машина: показывает код ошибки","Стиральные машины","4094","539","6","4","4",""
"washing-machines-lg-stiralnaya-mashina-leaks-water.mdx","keep","LG стиральная машина: подтекает снизу или у двери","Стиральные машины","4114","542","6","4","4",""
"washing-machines-lg-stiralnaya-mashina-noise-vibration.mdx","keep","LG стиральная машина: шумит или вибрирует сильнее обычного","Стиральные машины","4107","540","6","4","4",""
"washing-machines-lg-stiralnaya-mashina-stops-mid-cycle.mdx","keep","LG стиральная машина: останавливается в середине цикла","Стиральные машины","4108","539","6","4","4",""
"washing-machines-lg-washing-machine-bad-smell.mdx","keep","LG washing machine: появился запах или гарь","Стиральные машины","3518","452","6","4","3",""
"washing-machines-lg-washing-machine-does-not-drain.mdx","keep","LG washing machine: не сливает воду","Стиральные машины","3502","455","6","4","3",""
"washing-machines-lg-washing-machine-does-not-heat.mdx","keep","LG washing machine: не греет","Стиральные машины","3484","451","6","4","3",""
"washing-machines-lg-washing-machine-error-code.mdx","keep","LG washing machine: показывает код ошибки","Стиральные машины","3529","455","6","4","3",""
"washing-machines-lg-washing-machine-leaks-water.mdx","keep","LG washing machine: протекает","Стиральные машины","3499","446","6","4","3",""
"washing-machines-lg-washing-machine-makes-noise.mdx","keep","LG washing machine: шумит или вибрирует","Стиральные машины","3483","448","6","4","3",""
"washing-machines-lg-washing-machine-stops-mid-cycle.mdx","keep","LG washing machine: останавливается во время работы","Стиральные машины","3569","458","6","4","3",""
"washing-machines-lg-washing-machine-wont-turn-on.mdx","keep","LG washing machine: не включается","Стиральные машины","3526","455","6","4","3",""
"washing-machines-lyuk-stiralnoy-mashiny-bad-smell.mdx","keep","люк стиральной машины: появился запах при работе","Стиральные машины","4107","539","6","3","3",""
"washing-machines-lyuk-stiralnoy-mashiny-does-not-start.mdx","keep","люк стиральной машины: не запускается","Стиральные машины","4102","540","6","3","3",""
"washing-machines-lyuk-stiralnoy-mashiny-leaks-water.mdx","keep","люк стиральной машины: подтекает снизу или у двери","Стиральные машины","4119","542","6","3","3",""
"washing-machines-lyuk-stiralnoy-mashiny-noise-vibration.mdx","keep","люк стиральной машины: шумит или вибрирует сильнее обычного","Стиральные машины","4112","540","6","3","3",""
"washing-machines-lyuk-stiralnoy-mashiny-stops-mid-cycle.mdx","keep","люк стиральной машины: останавливается в середине цикла","Стиральные машины","4113","539","6","3","3",""
"washing-machines-samsung-stiralnaya-mashina-bad-smell.mdx","keep","Samsung стиральная машина: появился запах при работе","Стиральные машины","4127","539","6","4","4",""
"washing-machines-samsung-stiralnaya-mashina-does-not-start.mdx","keep","Samsung стиральная машина: не запускается","Стиральные машины","4122","540","6","4","4",""
"washing-machines-samsung-stiralnaya-mashina-error-code.mdx","keep","Samsung стиральная машина: показывает код ошибки","Стиральные машины","4119","539","6","4","4",""
"washing-machines-samsung-stiralnaya-mashina-leaks-water.mdx","keep","Samsung стиральная машина: подтекает снизу или у двери","Стиральные машины","4139","542","6","4","4",""
"washing-machines-samsung-stiralnaya-mashina-noise-vibration.mdx","keep","Samsung стиральная машина: шумит или вибрирует сильнее обычного","Стиральные машины","4132","540","6","4","4",""
"washing-machines-samsung-stiralnaya-mashina-stops-mid-cycle.mdx","keep","Samsung стиральная машина: останавливается в середине цикла","Стиральные машины","4133","539","6","4","4",""
"washing-machines-samsung-washing-machine-bad-smell.mdx","keep","Samsung washing machine: появился запах или гарь","Стиральные машины","3538","452","6","4","3",""
"washing-machines-samsung-washing-machine-does-not-drain.mdx","keep","Samsung washing machine: не сливает воду","Стиральные машины","3522","455","6","4","3",""
"washing-machines-samsung-washing-machine-does-not-heat.mdx","keep","Samsung washing machine: не греет","Стиральные машины","3504","451","6","4","3",""
"washing-machines-samsung-washing-machine-error-code.mdx","keep","Samsung washing machine: показывает код ошибки","Стиральные машины","3549","455","6","4","3",""
"washing-machines-samsung-washing-machine-leaks-water.mdx","keep","Samsung washing machine: протекает","Стиральные машины","3519","446","6","4","3",""
"washing-machines-samsung-washing-machine-makes-noise.mdx","keep","Samsung washing machine: шумит или вибрирует","Стиральные машины","3503","448","6","4","3",""
"washing-machines-samsung-washing-machine-stops-mid-cycle.mdx","keep","Samsung washing machine: останавливается во время работы","Стиральные машины","3589","458","6","4","3",""
"washing-machines-samsung-washing-machine-wont-turn-on.mdx","keep","Samsung washing machine: не включается","Стиральные машины","3546","455","6","4","3",""
"washing-machines-siemens-stiralnaya-mashina-bad-smell.mdx","keep","Siemens стиральная машина: появился запах при работе","Стиральные машины","4127","539","6","4","4",""
"washing-machines-siemens-stiralnaya-mashina-does-not-start.mdx","keep","Siemens стиральная машина: не запускается","Стиральные машины","4122","540","6","4","4",""
"washing-machines-siemens-stiralnaya-mashina-error-code.mdx","keep","Siemens стиральная машина: показывает код ошибки","Стиральные машины","4119","539","6","4","4",""
"washing-machines-siemens-stiralnaya-mashina-leaks-water.mdx","keep","Siemens стиральная машина: подтекает снизу или у двери","Стиральные машины","4139","542","6","4","4",""
"washing-machines-siemens-stiralnaya-mashina-noise-vibration.mdx","keep","Siemens стиральная машина: шумит или вибрирует сильнее обычного","Стиральные машины","4132","540","6","4","4",""
"washing-machines-siemens-stiralnaya-mashina-stops-mid-cycle.mdx","keep","Siemens стиральная машина: останавливается в середине цикла","Стиральные машины","4133","539","6","4","4",""
"washing-machines-slivnoy-nasos-stiralnoy-mashiny-bad-smell.mdx","keep","сливной насос стиральной машины: появился запах при работе","Стиральные машины","4157","544","6","3","3",""
"washing-machines-slivnoy-nasos-stiralnoy-mashiny-does-not-start.mdx","keep","сливной насос стиральной машины: не запускается","Стиральные машины","4152","545","6","3","3",""
"washing-machines-slivnoy-nasos-stiralnoy-mashiny-leaks-water.mdx","keep","сливной насос стиральной машины: подтекает снизу или у двери","Стиральные машины","4169","547","6","3","3",""
"washing-machines-slivnoy-nasos-stiralnoy-mashiny-noise-vibration.mdx","keep","сливной насос стиральной машины: шумит или вибрирует сильнее обычного","Стиральные машины","4162","545","6","3","3",""
"washing-machines-slivnoy-nasos-stiralnoy-mashiny-stops-mid-cycle.mdx","keep","сливной насос стиральной машины: останавливается в середине цикла","Стиральные машины","4163","544","6","3","3",""
"washing-machines-stiralnaya-mashina-s-sushkoy-bad-smell.mdx","keep","стиральная машина с сушкой: появился запах при работе","Стиральные машины","4132","544","6","3","3",""
"washing-machines-stiralnaya-mashina-s-sushkoy-does-not-start.mdx","keep","стиральная машина с сушкой: не запускается","Стиральные машины","4127","545","6","3","3",""
"washing-machines-stiralnaya-mashina-s-sushkoy-error-code.mdx","keep","стиральная машина с сушкой: показывает код ошибки","Стиральные машины","4124","544","6","3","3",""
"washing-machines-stiralnaya-mashina-s-sushkoy-leaks-water.mdx","keep","стиральная машина с сушкой: подтекает снизу или у двери","Стиральные машины","4144","547","6","3","3",""
"washing-machines-stiralnaya-mashina-s-sushkoy-noise-vibration.mdx","keep","стиральная машина с сушкой: шумит или вибрирует сильнее обычного","Стиральные машины","4137","545","6","3","3",""
"washing-machines-stiralnaya-mashina-s-sushkoy-stops-mid-cycle.mdx","keep","стиральная машина с сушкой: останавливается в середине цикла","Стиральные машины","4138","544","6","3","3",""
"washing-machines-uzkaya-stiralnaya-mashina-bad-smell.mdx","keep","узкая стиральная машина: появился запах при работе","Стиральные машины","4117","539","6","3","3",""
"washing-machines-uzkaya-stiralnaya-mashina-does-not-start.mdx","keep","узкая стиральная машина: не запускается","Стиральные машины","4112","540","6","3","3",""
"washing-machines-uzkaya-stiralnaya-mashina-error-code.mdx","keep","узкая стиральная машина: показывает код ошибки","Стиральные машины","4109","539","6","3","3",""
"washing-machines-uzkaya-stiralnaya-mashina-leaks-water.mdx","keep","узкая стиральная машина: подтекает снизу или у двери","Стиральные машины","4129","542","6","3","3",""
"washing-machines-uzkaya-stiralnaya-mashina-noise-vibration.mdx","keep","узкая стиральная машина: шумит или вибрирует сильнее обычного","Стиральные машины","4122","540","6","3","3",""
"washing-machines-uzkaya-stiralnaya-mashina-stops-mid-cycle.mdx","keep","узкая стиральная машина: останавливается в середине цикла","Стиральные машины","4123","539","6","3","3",""
"washing-machines-vertikalnaya-stiralnaya-mashina-bad-smell.mdx","keep","вертикальная стиральная машина: появился запах при работе","Стиральные машины","4152","539","6","3","3",""
"washing-machines-vertikalnaya-stiralnaya-mashina-does-not-start.mdx","keep","вертикальная стиральная машина: не запускается","Стиральные машины","4147","540","6","3","3",""
"washing-machines-vertikalnaya-stiralnaya-mashina-leaks-water.mdx","keep","вертикальная стиральная машина: подтекает снизу или у двери","Стиральные машины","4164","542","6","3","3",""
"washing-machines-vertikalnaya-stiralnaya-mashina-noise-vibration.mdx","keep","вертикальная стиральная машина: шумит или вибрирует сильнее обычного","Стиральные машины","4157","540","6","3","3",""
"washing-machines-vertikalnaya-stiralnaya-mashina-stops-mid-cycle.mdx","keep","вертикальная стиральная машина: останавливается в середине цикла","Стиральные машины","4158","539","6","3","3",""
"web-development-astro-sayt-access-denied.mdx","keep","Astro сайт: показывает отказ в доступе","Веб-разработка","4142","541","6","3","3",""
"web-development-astro-sayt-crash-on-open.mdx","keep","Astro сайт: падает при открытии файла или проекта","Веб-разработка","4138","540","6","3","3",""
"web-development-astro-sayt-does-not-start.mdx","keep","Astro сайт: не запускается после обновления","Веб-разработка","4113","537","6","3","3",""
"web-development-astro-sayt-settings-reset.mdx","keep","Astro сайт: сбрасывает настройки после перезапуска","Веб-разработка","4144","536","6","3","3",""
"web-development-astro-sayt-slow-response.mdx","keep","Astro сайт: работает заметно медленнее обычного","Веб-разработка","4158","540","6","3","3",""
"web-development-astro-sayt-update-loop.mdx","keep","Astro сайт: застревает в цикле обновления","Веб-разработка","4156","542","6","3","3",""
"web-development-cors-nastroyka-access-denied.mdx","keep","CORS настройка: показывает отказ в доступе","Веб-разработка","4162","541","6","3","3",""
"web-development-cors-nastroyka-crash-on-open.mdx","keep","CORS настройка: падает при открытии файла или проекта","Веб-разработка","4158","540","6","3","3",""
"web-development-cors-nastroyka-does-not-start.mdx","keep","CORS настройка: не запускается после обновления","Веб-разработка","4133","537","6","3","3",""
"web-development-cors-nastroyka-settings-reset.mdx","keep","CORS настройка: сбрасывает настройки после перезапуска","Веб-разработка","4164","536","6","3","3",""
"web-development-cors-nastroyka-slow-response.mdx","keep","CORS настройка: работает заметно медленнее обычного","Веб-разработка","4178","540","6","3","3",""
"web-development-cors-nastroyka-update-loop.mdx","keep","CORS настройка: застревает в цикле обновления","Веб-разработка","4176","542","6","3","3",""
"web-development-css-grid-verstka-access-denied.mdx","keep","CSS Grid верстка: показывает отказ в доступе","Веб-разработка","4172","546","6","3","3",""
"web-development-css-grid-verstka-crash-on-open.mdx","keep","CSS Grid верстка: падает при открытии файла или проекта","Веб-разработка","4168","545","6","3","3",""
"web-development-css-grid-verstka-does-not-start.mdx","keep","CSS Grid верстка: не запускается после обновления","Веб-разработка","4143","542","6","3","3",""
"web-development-css-grid-verstka-settings-reset.mdx","keep","CSS Grid верстка: сбрасывает настройки после перезапуска","Веб-разработка","4174","541","6","3","3",""
"web-development-css-grid-verstka-slow-response.mdx","keep","CSS Grid верстка: работает заметно медленнее обычного","Веб-разработка","4188","545","6","3","3",""
"web-development-css-grid-verstka-update-loop.mdx","keep","CSS Grid верстка: застревает в цикле обновления","Веб-разработка","4186","547","6","3","3",""
"web-development-forma-avtorizacii-access-denied.mdx","keep","форма авторизации: показывает отказ в доступе","Веб-разработка","4177","541","6","3","3",""
"web-development-forma-avtorizacii-crash-on-open.mdx","keep","форма авторизации: падает при открытии файла или проекта","Веб-разработка","4173","540","6","3","3",""
"web-development-forma-avtorizacii-does-not-start.mdx","keep","форма авторизации: не запускается после обновления","Веб-разработка","4148","537","6","3","3",""
"web-development-forma-avtorizacii-settings-reset.mdx","keep","форма авторизации: сбрасывает настройки после перезапуска","Веб-разработка","4179","536","6","3","3",""
"web-development-forma-avtorizacii-slow-response.mdx","keep","форма авторизации: работает заметно медленнее обычного","Веб-разработка","4193","540","6","3","3",""
"web-development-klientskiy-routing-access-denied.mdx","keep","клиентский роутинг: показывает отказ в доступе","Веб-разработка","4182","541","6","3","3",""
"web-development-klientskiy-routing-crash-on-open.mdx","keep","клиентский роутинг: падает при открытии файла или проекта","Веб-разработка","4178","540","6","3","3",""
"web-development-klientskiy-routing-does-not-start.mdx","keep","клиентский роутинг: не запускается после обновления","Веб-разработка","4153","537","6","3","3",""
"web-development-klientskiy-routing-settings-reset.mdx","keep","клиентский роутинг: сбрасывает настройки после перезапуска","Веб-разработка","4184","536","6","3","3",""
"web-development-klientskiy-routing-slow-response.mdx","keep","клиентский роутинг: работает заметно медленнее обычного","Веб-разработка","4198","540","6","3","3",""
"web-development-next-js-config-error.mdx","keep","Next.js: ошибка конфигурации","Веб-разработка","3998","506","6","4","3",""
"web-development-next-js-crashes-after-update.mdx","keep","Next.js: вылетает после обновления","Веб-разработка","3981","503","6","4","3",""
"web-development-next-js-high-cpu.mdx","keep","Next.js: нагружает процессор","Веб-разработка","4033","513","6","4","3",""
"web-development-next-js-network-timeout.mdx","keep","Next.js: ошибка подключения или тайм-аут","Веб-разработка","3892","494","6","4","3",""
"web-development-next-js-permission-denied.mdx","keep","Next.js: отказано в доступе","Веб-разработка","3964","503","6","4","3",""
"web-development-next-js-stranica-access-denied.mdx","keep","Next.js страница: показывает отказ в доступе","Веб-разработка","4172","541","6","3","3",""
"web-development-next-js-stranica-crash-on-open.mdx","keep","Next.js страница: падает при открытии файла или проекта","Веб-разработка","4168","540","6","3","3",""
"web-development-next-js-stranica-does-not-start.mdx","keep","Next.js страница: не запускается после обновления","Веб-разработка","4143","537","6","3","3",""
"web-development-next-js-stranica-settings-reset.mdx","keep","Next.js страница: сбрасывает настройки после перезапуска","Веб-разработка","4174","536","6","3","3",""
"web-development-next-js-stranica-slow-response.mdx","keep","Next.js страница: работает заметно медленнее обычного","Веб-разработка","4188","540","6","3","3",""
"web-development-next-js-stranica-update-loop.mdx","keep","Next.js страница: застревает в цикле обновления","Веб-разработка","4186","542","6","3","3",""
"web-development-next-js-sync-failed.mdx","keep","Next.js: не синхронизируется","Веб-разработка","3917","502","6","4","3",""
"web-development-next-js-update-failed.mdx","keep","Next.js: ошибка обновления","Веб-разработка","3946","500","6","4","3",""
"web-development-next-js-wont-start.mdx","keep","Next.js: не запускается","Веб-разработка","3901","498","6","4","3",""
"web-development-react-crashes-after-update.mdx","keep","React: вылетает после обновления","Веб-разработка","3967","503","6","4","3",""
"web-development-react-permission-denied.mdx","keep","React: отказано в доступе","Веб-разработка","3950","503","6","4","3",""
"web-development-react-prilozhenie-access-denied.mdx","keep","React приложение: показывает отказ в доступе","Веб-разработка","4172","541","6","3","3",""
"web-development-react-prilozhenie-crash-on-open.mdx","keep","React приложение: падает при открытии файла или проекта","Веб-разработка","4168","540","6","3","3",""
"web-development-react-prilozhenie-does-not-start.mdx","keep","React приложение: не запускается после обновления","Веб-разработка","4143","537","6","3","3",""
"web-development-react-prilozhenie-settings-reset.mdx","keep","React приложение: сбрасывает настройки после перезапуска","Веб-разработка","4174","536","6","3","3",""
"web-development-react-prilozhenie-slow-response.mdx","keep","React приложение: работает заметно медленнее обычного","Веб-разработка","4188","540","6","3","3",""
"web-development-react-prilozhenie-update-loop.mdx","keep","React приложение: застревает в цикле обновления","Веб-разработка","4186","542","6","3","3",""
"web-development-react-sync-failed.mdx","keep","React: не синхронизируется","Веб-разработка","3903","502","6","4","3",""
"web-development-react-wont-start.mdx","keep","React: не запускается","Веб-разработка","3887","498","6","4","3",""
"web-development-rest-api-zapros-access-denied.mdx","keep","REST API запрос: показывает отказ в доступе","Веб-разработка","4167","546","6","3","3",""
"web-development-rest-api-zapros-crash-on-open.mdx","keep","REST API запрос: падает при открытии файла или проекта","Веб-разработка","4163","545","6","3","3",""
"web-development-rest-api-zapros-does-not-start.mdx","keep","REST API запрос: не запускается после обновления","Веб-разработка","4138","542","6","3","3",""
"web-development-rest-api-zapros-settings-reset.mdx","keep","REST API запрос: сбрасывает настройки после перезапуска","Веб-разработка","4169","541","6","3","3",""
"web-development-rest-api-zapros-slow-response.mdx","keep","REST API запрос: работает заметно медленнее обычного","Веб-разработка","4183","545","6","3","3",""
"web-development-rest-api-zapros-update-loop.mdx","keep","REST API запрос: застревает в цикле обновления","Веб-разработка","4181","547","6","3","3",""
"web-development-service-worker-access-denied.mdx","keep","Service Worker: показывает отказ в доступе","Веб-разработка","4162","541","6","3","3",""
"web-development-service-worker-crash-on-open.mdx","keep","Service Worker: падает при открытии файла или проекта","Веб-разработка","4158","540","6","3","3",""
"web-development-service-worker-does-not-start.mdx","keep","Service Worker: не запускается после обновления","Веб-разработка","4133","537","6","3","3",""
"web-development-service-worker-settings-reset.mdx","keep","Service Worker: сбрасывает настройки после перезапуска","Веб-разработка","4164","536","6","3","3",""
"web-development-service-worker-slow-response.mdx","keep","Service Worker: работает заметно медленнее обычного","Веб-разработка","4178","540","6","3","3",""
"web-development-service-worker-update-loop.mdx","keep","Service Worker: застревает в цикле обновления","Веб-разработка","4176","542","6","3","3",""
"web-development-shrift-na-sayte-access-denied.mdx","keep","шрифт на сайте: показывает отказ в доступе","Веб-разработка","4162","546","6","3","3",""
"web-development-shrift-na-sayte-crash-on-open.mdx","keep","шрифт на сайте: падает при открытии файла или проекта","Веб-разработка","4158","545","6","3","3",""
"web-development-shrift-na-sayte-does-not-start.mdx","keep","шрифт на сайте: не запускается после обновления","Веб-разработка","4133","542","6","3","3",""
"web-development-shrift-na-sayte-settings-reset.mdx","keep","шрифт на сайте: сбрасывает настройки после перезапуска","Веб-разработка","4164","541","6","3","3",""
"web-development-shrift-na-sayte-slow-response.mdx","keep","шрифт на сайте: работает заметно медленнее обычного","Веб-разработка","4178","545","6","3","3",""
"web-development-shrift-na-sayte-update-loop.mdx","keep","шрифт на сайте: застревает в цикле обновления","Веб-разработка","4176","547","6","3","3",""
"web-development-vite-config-error.mdx","keep","Vite: ошибка конфигурации","Веб-разработка","3977","506","6","4","3",""
"web-development-vite-crashes-after-update.mdx","keep","Vite: вылетает после обновления","Веб-разработка","3960","503","6","4","3",""
"web-development-vite-high-cpu.mdx","keep","Vite: нагружает процессор","Веб-разработка","4012","513","6","4","3",""
"web-development-vite-network-timeout.mdx","keep","Vite: ошибка подключения или тайм-аут","Веб-разработка","3871","494","6","4","3",""
"web-development-vite-permission-denied.mdx","keep","Vite: отказано в доступе","Веб-разработка","3943","503","6","4","3",""
"web-development-vite-sborka-access-denied.mdx","keep","Vite сборка: показывает отказ в доступе","Веб-разработка","4147","541","6","3","3",""
"web-development-vite-sborka-crash-on-open.mdx","keep","Vite сборка: падает при открытии файла или проекта","Веб-разработка","4143","540","6","3","3",""
"web-development-vite-sborka-does-not-start.mdx","keep","Vite сборка: не запускается после обновления","Веб-разработка","4118","537","6","3","3",""
"web-development-vite-sborka-settings-reset.mdx","keep","Vite сборка: сбрасывает настройки после перезапуска","Веб-разработка","4149","536","6","3","3",""
"web-development-vite-sborka-slow-response.mdx","keep","Vite сборка: работает заметно медленнее обычного","Веб-разработка","4163","540","6","3","3",""
"web-development-vite-sborka-update-loop.mdx","keep","Vite сборка: застревает в цикле обновления","Веб-разработка","4161","542","6","3","3",""
"web-development-vite-sync-failed.mdx","keep","Vite: не синхронизируется","Веб-разработка","3896","502","6","4","3",""
"web-development-vite-update-failed.mdx","keep","Vite: ошибка обновления","Веб-разработка","3925","500","6","4","3",""
"web-development-vite-wont-start.mdx","keep","Vite: не запускается","Веб-разработка","3880","498","6","4","3",""
"web-development-vue-prilozhenie-access-denied.mdx","keep","Vue приложение: показывает отказ в доступе","Веб-разработка","4162","541","6","3","3",""
"web-development-vue-prilozhenie-crash-on-open.mdx","keep","Vue приложение: падает при открытии файла или проекта","Веб-разработка","4158","540","6","3","3",""
"web-development-vue-prilozhenie-does-not-start.mdx","keep","Vue приложение: не запускается после обновления","Веб-разработка","4133","537","6","3","3",""
"web-development-vue-prilozhenie-settings-reset.mdx","keep","Vue приложение: сбрасывает настройки после перезапуска","Веб-разработка","4164","536","6","3","3",""
"web-development-vue-prilozhenie-slow-response.mdx","keep","Vue приложение: работает заметно медленнее обычного","Веб-разработка","4178","540","6","3","3",""
"web-development-vue-prilozhenie-update-loop.mdx","keep","Vue приложение: застревает в цикле обновления","Веб-разработка","4176","542","6","3","3",""
"wi-fi-not-connecting-fix.mdx","keep","Wi-Fi не подключается: исправление проблем в Windows 10/11","Сеть","3917","510","6","4","4",""
"windows-0x80070005-access-denied.mdx","keep","Windows 0x80070005: как исправить ошибку доступа запрещён","Windows","3919","499","6","4","4",""
"windows-0x80370102-ispravlenie-oshibki-wsl-virtualizatsiya-ne-vklyuchena-ili-otsutstvuet-platfor.mdx","keep","Исправление ошибки WSL: Виртуализация не включена или отсутствует платформа виртуальной машины (0x80370102)","Windows","4997","620","6","3","2",""
"windows-0xc0000005-kak-ispravit-oshibku-0xc0000005-access-violation-v-windows.mdx","keep","Как исправить ошибку 0xC0000005 (Access Violation) в Windows","Windows","4484","569","6","3","2",""
"windows-0xc000021a-ispravlenie-oshibki-sinego-ekrana-0xc000021a-v-windows.mdx","keep","Как исправить ошибку BSOD 0xc000021a в Windows","Windows","4099","537","6","4","3",""
"windows-0xc000021a-ispravlenie-oshibki-sinii-ekran-smerti-0xc000021a-v-windows.mdx","keep","Исправление ошибки ""Синий экран смерти"" 0xc000021a в Windows","Windows","4235","545","6","4","2",""
"windows-0xc000021a-kak-ispravit-oshibku-0xc000021a-dostup-zapreschen-pri-zagruzke-windows.mdx","keep","Как исправить ошибку 0xc000021a ""Доступ запрещен"" при загрузке Windows","Windows","4500","573","6","4","3",""
"windows-audio-hripit-zvuk.mdx","keep","Windows audio: хрипит звук — как исправить","Аудио и видео","3942","501","6","4","3",""
"windows-audio-mikrofon-ne-rabotaet.mdx","keep","Windows audio: микрофон не работает — как исправить","Аудио и видео","3951","502","6","4","3",""
"windows-audio-net-izobrazheniya.mdx","keep","Windows audio: нет изображения — как исправить","Аудио и видео","3946","501","6","4","3",""
"windows-audio-net-zvuka.mdx","keep","Windows audio: нет звука — как исправить","Аудио и видео","3940","501","6","4","3",""
"windows-audio-oshibka-kodeka.mdx","keep","Windows audio: ошибка кодека — как исправить","Аудио и видео","3944","501","6","4","3",""
"windows-audio-rassinhron-audio-i-video.mdx","keep","Windows audio: рассинхрон аудио и видео — как исправить","Аудио и видео","3955","503","6","4","3",""
"windows-audio-service-fix.mdx","keep","Windows аудиослужба не работает: как исправить отсутствие звука","Windows","3976","513","6","4","4",""
"windows-bitlocker-access-denied.mdx","keep","BitLocker: показывает отказ в доступе","Windows","4130","534","6","3","2",""
"windows-bitlocker-crash-on-open.mdx","keep","BitLocker: падает при открытии файла или проекта","Windows","4126","533","6","3","2",""
"windows-bitlocker-does-not-start.mdx","keep","BitLocker: не запускается после обновления","Windows","4101","530","6","3","2",""
"windows-bitlocker-settings-reset.mdx","keep","BitLocker: сбрасывает настройки после перезапуска","Windows","4132","529","6","3","2",""
"windows-bitlocker-slow-response.mdx","keep","BitLocker: работает заметно медленнее обычного","Windows","4146","533","6","3","2",""
"windows-bitlocker-update-loop.mdx","keep","BitLocker: застревает в цикле обновления","Windows","4144","535","6","3","2",""
"windows-bluetooth-v-windows-access-denied.mdx","keep","Bluetooth в Windows: показывает отказ в доступе","Windows","4180","544","6","3","2",""
"windows-bluetooth-v-windows-crash-on-open.mdx","keep","Bluetooth в Windows: падает при открытии файла или проекта","Windows","4176","543","6","3","2",""
"windows-bluetooth-v-windows-does-not-start.mdx","keep","Bluetooth в Windows: не запускается после обновления","Windows","4151","540","6","3","2",""
"windows-bluetooth-v-windows-settings-reset.mdx","keep","Bluetooth в Windows: сбрасывает настройки после перезапуска","Windows","4182","539","6","3","2",""
"windows-bluetooth-v-windows-slow-response.mdx","keep","Bluetooth в Windows: работает заметно медленнее обычного","Windows","4196","543","6","3","2",""
"windows-bluetooth-v-windows-update-loop.mdx","keep","Bluetooth в Windows: застревает в цикле обновления","Windows","4194","545","6","3","2",""
"windows-bsod-windows-10-kak-ispravit-oshibku-sinii-ekran-smerti-bsod-v-windows-10.mdx","keep","Как исправить ошибку «Синий экран смерти» (BSOD) в Windows 10","Windows","5226","656","6","3","2",""
"windows-critical-process-died-ispravlenie-kriticheskoi-oshibki-critical-process-died-v-windows.mdx","keep","Как исправить ошибку 'CRITICAL PROCESS DIED' в Windows","Windows","5789","738","8","3","2",""
"windows-defender-blokiruet-prilozhenie.mdx","keep","Windows Defender: блокирует приложение — как исправить","Безопасность","3985","498","6","4","3",""
"windows-defender-ne-prihodit-kod.mdx","keep","Windows Defender: не приходит код — как исправить","Безопасность","3980","499","6","4","3",""
"windows-defender-ne-prinimaet-klyuch.mdx","keep","Windows Defender: не принимает ключ — как исправить","Безопасность","3982","499","6","4","3",""
"windows-defender-oshibka-dostupa.mdx","keep","Windows Defender: ошибка доступа — как исправить","Безопасность","3979","498","6","4","3",""
"windows-defender-oshibka-sertifikata.mdx","keep","Windows Defender: ошибка сертификата — как исправить","Безопасность","3983","498","6","4","3",""
"windows-dism-0x800f081f-source-files-not-found.mdx","keep","DISM 0x800f081f: исходные файлы не найдены в Windows","Windows","7091","930","7","4","2",""
"windows-dxgi-error-device-removed-ustranenie-oshibki-nvidia-driver-device-removed-i-dxgi-error-d.mdx","keep","Устранение ошибки ""NVIDIA driver device removed"" и DXGI_ERROR_DEVICE_REMOVED","Windows","5217","638","6","4","4",""
"windows-fps-low-post-upgrade-win11-nizkii-fps-v-igrah-posle-obnovleniya-pk-ili-pereustanovki-win.mdx","keep","Низкий FPS в играх после обновления ПК или переустановки Windows 11: Полное руководство по устранению проблем","Windows","5998","771","6","4","4",""
"windows-microsoft-store-access-denied.mdx","keep","Microsoft Store: показывает отказ в доступе","Windows","4160","539","6","3","2",""
"windows-microsoft-store-crash-on-open.mdx","keep","Microsoft Store: падает при открытии файла или проекта","Windows","4156","538","6","3","2",""
"windows-microsoft-store-crashes-after-update.mdx","keep","Microsoft Store: вылетает после обновления","Windows","4071","517","6","4","2",""
"windows-microsoft-store-does-not-start.mdx","keep","Microsoft Store: не запускается после обновления","Windows","4131","535","6","3","2",""
"windows-microsoft-store-settings-reset.mdx","keep","Microsoft Store: сбрасывает настройки после перезапуска","Windows","4162","534","6","3","2",""
"windows-microsoft-store-slow-response.mdx","keep","Microsoft Store: работает заметно медленнее обычного","Windows","4176","538","6","3","2",""
"windows-microsoft-store-update-loop.mdx","keep","Microsoft Store: застревает в цикле обновления","Windows","4174","540","6","3","2",""
"windows-microsoft-store-wont-start.mdx","keep","Microsoft Store: не запускается","Windows","3991","512","6","4","2",""
"windows-nvidia-audio-game-issue-propal-zvuk-v-igrah-pri-ispolzovanii-draiverov-nvidia-kompleksn.mdx","keep","Пропал звук в играх при использовании драйверов NVIDIA: комплексное решение","Windows","4281","556","6","4","4",""
"windows-nvidia-driver-fatal-error-ustranenie-kriticheskoi-oshibki-draivera-nvidia-video-dxgkrnl.mdx","keep","Устранение критической ошибки драйвера NVIDIA (VIDEO_DXGKRNL_FATAL_ERROR)","Windows","8050","993","6","4","4",""
"windows-nvidia-driver-timeout-001-kak-ispravit-oshibku-taim-aut-draivera-nvidia.mdx","keep","Как исправить ошибку «Тайм-аут драйвера NVIDIA»","Windows","4168","537","6","4","3",""
"windows-onedrive-v-windows-access-denied.mdx","keep","OneDrive в Windows: показывает отказ в доступе","Windows","4175","544","6","3","2",""
"windows-onedrive-v-windows-crash-on-open.mdx","keep","OneDrive в Windows: падает при открытии файла или проекта","Windows","4171","543","6","3","2",""
"windows-onedrive-v-windows-does-not-start.mdx","keep","OneDrive в Windows: не запускается после обновления","Windows","4146","540","6","3","2",""
"windows-onedrive-v-windows-settings-reset.mdx","keep","OneDrive в Windows: сбрасывает настройки после перезапуска","Windows","4177","539","6","3","2",""
"windows-onedrive-v-windows-slow-response.mdx","keep","OneDrive в Windows: работает заметно медленнее обычного","Windows","4191","543","6","3","2",""
"windows-planirovschik-zadaniy-windows-access-denied.mdx","keep","планировщик заданий Windows: показывает отказ в доступе","Windows","4220","544","6","3","2",""
"windows-planirovschik-zadaniy-windows-crash-on-open.mdx","keep","планировщик заданий Windows: падает при открытии файла или проекта","Windows","4216","543","6","3","2",""
"windows-planirovschik-zadaniy-windows-does-not-start.mdx","keep","планировщик заданий Windows: не запускается после обновления","Windows","4191","540","6","3","2",""
"windows-planirovschik-zadaniy-windows-settings-reset.mdx","keep","планировщик заданий Windows: сбрасывает настройки после перезапуска","Windows","4222","539","6","3","2",""
"windows-planirovschik-zadaniy-windows-slow-response.mdx","keep","планировщик заданий Windows: работает заметно медленнее обычного","Windows","4236","543","6","3","2",""
"windows-provodnik-windows-access-denied.mdx","keep","Проводник Windows: показывает отказ в доступе","Windows","4170","539","6","3","2",""
"windows-provodnik-windows-crash-on-open.mdx","keep","Проводник Windows: падает при открытии файла или проекта","Windows","4166","538","6","3","2",""
"windows-provodnik-windows-does-not-start.mdx","keep","Проводник Windows: не запускается после обновления","Windows","4141","535","6","3","2",""
"windows-provodnik-windows-settings-reset.mdx","keep","Проводник Windows: сбрасывает настройки после перезапуска","Windows","4172","534","6","3","2",""
"windows-provodnik-windows-slow-response.mdx","keep","Проводник Windows: работает заметно медленнее обычного","Windows","4186","538","6","3","2",""
"windows-provodnik-windows-update-loop.mdx","keep","Проводник Windows: застревает в цикле обновления","Windows","4184","540","6","3","2",""
"windows-rdp-podklyuchenie-access-denied.mdx","keep","RDP подключение: показывает отказ в доступе","Windows","4160","539","6","3","2",""
"windows-rdp-podklyuchenie-crash-on-open.mdx","keep","RDP подключение: падает при открытии файла или проекта","Windows","4156","538","6","3","2",""
"windows-rdp-podklyuchenie-does-not-start.mdx","keep","RDP подключение: не запускается после обновления","Windows","4131","535","6","3","2",""
"windows-rdp-podklyuchenie-settings-reset.mdx","keep","RDP подключение: сбрасывает настройки после перезапуска","Windows","4162","534","6","3","2",""
"windows-rdp-podklyuchenie-slow-response.mdx","keep","RDP подключение: работает заметно медленнее обычного","Windows","4176","538","6","3","2",""
"windows-rdp-podklyuchenie-update-loop.mdx","keep","RDP подключение: застревает в цикле обновления","Windows","4174","540","6","3","2",""
"windows-sluzhba-pechati-windows-access-denied.mdx","keep","служба печати Windows: показывает отказ в доступе","Windows","4190","544","6","3","2",""
"windows-sluzhba-pechati-windows-crash-on-open.mdx","keep","служба печати Windows: падает при открытии файла или проекта","Windows","4186","543","6","3","2",""
"windows-sluzhba-pechati-windows-does-not-start.mdx","keep","служба печати Windows: не запускается после обновления","Windows","4161","540","6","3","2",""
"windows-sluzhba-pechati-windows-settings-reset.mdx","keep","служба печати Windows: сбрасывает настройки после перезапуска","Windows","4192","539","6","3","2",""
"windows-sluzhba-pechati-windows-slow-response.mdx","keep","служба печати Windows: работает заметно медленнее обычного","Windows","4206","543","6","3","2",""
"windows-sluzhba-pechati-windows-update-loop.mdx","keep","служба печати Windows: застревает в цикле обновления","Windows","4204","545","6","3","2",""
"windows-sluzhba-poiska-windows-access-denied.mdx","keep","служба поиска Windows: показывает отказ в доступе","Windows","4190","544","6","3","2",""
"windows-sluzhba-poiska-windows-crash-on-open.mdx","keep","служба поиска Windows: падает при открытии файла или проекта","Windows","4186","543","6","3","2",""
"windows-sluzhba-poiska-windows-does-not-start.mdx","keep","служба поиска Windows: не запускается после обновления","Windows","4161","540","6","3","2",""
"windows-sluzhba-poiska-windows-settings-reset.mdx","keep","служба поиска Windows: сбрасывает настройки после перезапуска","Windows","4192","539","6","3","2",""
"windows-sluzhba-poiska-windows-slow-response.mdx","keep","служба поиска Windows: работает заметно медленнее обычного","Windows","4206","543","6","3","2",""
"windows-soundingames-noaudio-kak-ispravit-otsutstvie-ili-propadanie-zvuka-v-igrah-na-windows.mdx","keep","Как исправить отсутствие или пропадание звука в играх на Windows","Windows","4399","582","6","4","4",""
"windows-update-0x80070002.mdx","keep","Ошибка 0x80070002 при обновлении Windows: решение","Windows","3910","501","6","4","3",""
"windows-update-stuck-fix.mdx","keep","Windows Update зависает: исправление проблем с обновлением","Windows","4172","530","6","4","3",""
"windows-video-dxgkrnl-fatal-error-nvidia-drivers-kak-ispravit-fatalnye-oshibki-draivera-nvidia.mdx","keep","Как исправить фатальные ошибки драйвера NVIDIA и синий экран VIDEO_DXGKRNL_FATAL_ERROR","Windows","4499","572","6","4","4",""
"windows-vpn-profil-windows-access-denied.mdx","keep","VPN профиль Windows: показывает отказ в доступе","Windows","4180","544","6","3","2",""
"windows-vpn-profil-windows-crash-on-open.mdx","keep","VPN профиль Windows: падает при открытии файла или проекта","Windows","4176","543","6","3","2",""
"windows-vpn-profil-windows-does-not-start.mdx","keep","VPN профиль Windows: не запускается после обновления","Windows","4151","540","6","3","2",""
"windows-vpn-profil-windows-settings-reset.mdx","keep","VPN профиль Windows: сбрасывает настройки после перезапуска","Windows","4182","539","6","3","2",""
"windows-vpn-profil-windows-slow-response.mdx","keep","VPN профиль Windows: работает заметно медленнее обычного","Windows","4196","543","6","3","2",""
"windows-vpn-profil-windows-update-loop.mdx","keep","VPN профиль Windows: застревает в цикле обновления","Windows","4194","545","6","3","2",""
"windows-windows-defender-access-denied.mdx","keep","Windows Defender: показывает отказ в доступе","Windows","4165","539","6","3","2",""
"windows-windows-defender-crash-on-open.mdx","keep","Windows Defender: падает при открытии файла или проекта","Windows","4161","538","6","3","2",""
"windows-windows-defender-does-not-start.mdx","keep","Windows Defender: не запускается после обновления","Windows","4136","535","6","3","2",""
"windows-windows-defender-settings-reset.mdx","keep","Windows Defender: сбрасывает настройки после перезапуска","Windows","4167","534","6","3","2",""
"windows-windows-defender-slow-response.mdx","keep","Windows Defender: работает заметно медленнее обычного","Windows","4181","538","6","3","2",""
"windows-windows-defender-update-loop.mdx","keep","Windows Defender: застревает в цикле обновления","Windows","4179","540","6","3","2",""
"windows-windows-update-access-denied.mdx","keep","Windows Update: показывает отказ в доступе","Windows","4155","539","6","3","2",""
"windows-windows-update-config-error.mdx","keep","Windows Update: ошибка конфигурации","Windows","4081","520","6","4","2",""
"windows-windows-update-crash-on-open.mdx","keep","Windows Update: падает при открытии файла или проекта","Windows","4151","538","6","3","2",""
"windows-windows-update-crashes-after-update.mdx","keep","Windows Update: вылетает после обновления","Windows","4064","517","6","4","2",""
"windows-windows-update-does-not-start.mdx","keep","Windows Update: не запускается после обновления","Windows","4126","535","6","3","2",""
"windows-windows-update-high-cpu.mdx","keep","Windows Update: нагружает процессор","Windows","4116","527","6","4","2",""
"windows-windows-update-network-timeout.mdx","keep","Windows Update: ошибка подключения или тайм-аут","Windows","3975","508","6","4","2",""
"windows-windows-update-permission-denied.mdx","keep","Windows Update: отказано в доступе","Windows","4047","517","6","4","2",""
"windows-windows-update-settings-reset.mdx","keep","Windows Update: сбрасывает настройки после перезапуска","Windows","4157","534","6","3","2",""
"windows-windows-update-slow-response.mdx","keep","Windows Update: работает заметно медленнее обычного","Windows","4171","538","6","3","2",""
"windows-windows-update-sync-failed.mdx","keep","Windows Update: не синхронизируется","Windows","4000","516","6","4","2",""
"windows-windows-update-update-failed.mdx","keep","Windows Update: ошибка обновления","Windows","4029","514","6","4","2",""
"windows-windows-update-update-loop.mdx","keep","Windows Update: застревает в цикле обновления","Windows","4169","540","6","3","2",""
"windows-windows-update-wont-start.mdx","keep","Windows Update: не запускается","Windows","3984","512","6","4","2",""
"word-ne-otkryvaet-fayl.mdx","keep","Word: не открывает файл — как исправить","Офисные программы","3840","493","6","4","2",""
"word-ne-pechataet-dokument.mdx","keep","Word: не печатает документ — как исправить","Офисные программы","3843","493","6","4","2",""
"word-ne-rabotaet-makros.mdx","keep","Word: не работает макрос — как исправить","Офисные программы","3841","493","6","4","2",""
"word-oshibka-sohraneniya.mdx","keep","Word: ошибка сохранения — как исправить","Офисные программы","3840","492","6","4","2",""
"word-povrezhden-dokument.mdx","keep","Word: поврежден документ — как исправить","Офисные программы","3841","492","6","4","2",""
"wsl-no-internet-dns-fix.mdx","keep","WSL нет интернета или не работает DNS: как исправить","Windows","6741","937","7","4","2",""
"wsl2-ne-zapuskaet-virtualnuyu-mashinu.mdx","keep","WSL2: не запускает виртуальную машину — как исправить","Виртуализация","3905","498","6","4","3",""
"wsl2-net-apparatnoy-virtualizatsii.mdx","keep","WSL2: нет аппаратной виртуализации — как исправить","Виртуализация","3902","497","6","4","3",""
"xiaomi-robot-vacuum-ne-krutitsya-schetka.mdx","keep","Xiaomi robot vacuum: не крутится щетка — как исправить","Пылесосы и роботы-пылесосы","3588","461","6","4","3",""
"xiaomi-robot-vacuum-ne-stroit-kartu.mdx","keep","Xiaomi robot vacuum: не строит карту — как исправить","Пылесосы и роботы-пылесосы","3586","461","6","4","3",""
"xiaomi-robot-vacuum-ne-vozvraschaetsya-na-bazu.mdx","keep","Xiaomi robot vacuum: не возвращается на базу — как исправить","Пылесосы и роботы-пылесосы","3594","462","6","4","3",""
"xiaomi-robot-vacuum-ne-zaryazhaetsya.mdx","keep","Xiaomi robot vacuum: не заряжается — как исправить","Пылесосы и роботы-пылесосы","3584","460","6","4","3",""
"xiaomi-robot-vacuum-oshibka-datchika.mdx","keep","Xiaomi robot vacuum: ошибка датчика — как исправить","Пылесосы и роботы-пылесосы","3585","460","6","4","3",""
"xiaomi-robot-vacuum-ploho-vsasyvaet.mdx","keep","Xiaomi robot vacuum: плохо всасывает — как исправить","Пылесосы и роботы-пылесосы","3586","460","6","4","3",""
